INFO buildroot.py:668:  Mock Version: 6.7
DEBUG file_util.py:17:  ensuring that dir exists: /var/lib/mock/alma+epel-10-x86_64/root
DEBUG file_util.py:20:  created dir: /var/lib/mock/alma+epel-10-x86_64/root
DEBUG file_util.py:17:  ensuring that dir exists: /var/lib/mock/alma+epel-10-x86_64-bootstrap
DEBUG file_util.py:20:  created dir: /var/lib/mock/alma+epel-10-x86_64-bootstrap
DEBUG file_util.py:17:  ensuring that dir exists: /var/lib/mock/alma+epel-10-x86_64-bootstrap
DEBUG file_util.py:17:  ensuring that dir exists: /var/lib/mock/alma+epel-10-x86_64-bootstrap/root
DEBUG file_util.py:20:  created dir: /var/lib/mock/alma+epel-10-x86_64-bootstrap/root
DEBUG file_util.py:17:  ensuring that dir exists: /var/lib/mock/alma+epel-10-x86_64-bootstrap/results
DEBUG file_util.py:20:  created dir: /var/lib/mock/alma+epel-10-x86_64-bootstrap/results
INFO buildroot.py:318:  calling preinit hooks
DEBUG file_util.py:17:  ensuring that dir exists: /var/cache/mock/alma+epel-10-x86_64-bootstrap/root_cache/
DEBUG file_util.py:20:  created dir: /var/cache/mock/alma+epel-10-x86_64-bootstrap/root_cache/
DEBUG file_util.py:17:  ensuring that dir exists: /var/cache/mock/alma+epel-10-x86_64-bootstrap/yum_cache
DEBUG file_util.py:17:  ensuring that dir exists: /var/cache/mock/alma+epel-10-x86_64-bootstrap/dnf_cache
INFO util.py:1074:  Guessed host environment type: unknown
INFO podman.py:113:  Using container image: quay.io/almalinuxorg/almalinux:10
INFO podman.py:119:  Pulling image: quay.io/almalinuxorg/almalinux:10
INFO podman.py:147:  Tagging container image as mock-bootstrap-f40643e7-9772-41c6-bfcb-298db5d8bc2c
INFO podman.py:72:  Checking that 4d6dddbb6a824398c452d56336672eb0e677512baed808454c68c7b131073fc9 image matches host's architecture
INFO podman.py:214:  Copy content of container 4d6dddbb6a824398c452d56336672eb0e677512baed808454c68c7b131073fc9 to /var/lib/mock/alma+epel-10-x86_64-bootstrap/root
INFO podman.py:178:  mounting 4d6dddbb6a824398c452d56336672eb0e677512baed808454c68c7b131073fc9 with podman image mount
INFO podman.py:180:  image 4d6dddbb6a824398c452d56336672eb0e677512baed808454c68c7b131073fc9 as /var/lib/containers/storage/overlay/8f39646d2749450b25e6a41854dc8b693504590f2546175a755e11cc9db041d6/merged
INFO podman.py:183:  umounting image 4d6dddbb6a824398c452d56336672eb0e677512baed808454c68c7b131073fc9 (/var/lib/containers/storage/overlay/8f39646d2749450b25e6a41854dc8b693504590f2546175a755e11cc9db041d6/merged) with podman image umount
INFO podman.py:233:  Removing image mock-bootstrap-f40643e7-9772-41c6-bfcb-298db5d8bc2c
DEBUG buildroot.py:724:  create skeleton dirs
DEBUG file_util.py:17:  ensuring that dir exists: /var/lib/mock/alma+epel-10-x86_64-bootstrap/root/var/lib/rpm
DEBUG file_util.py:17:  ensuring that dir exists: /var/lib/mock/alma+epel-10-x86_64-bootstrap/root/var/lib/yum
DEBUG file_util.py:20:  created dir: /var/lib/mock/alma+epel-10-x86_64-bootstrap/root/var/lib/yum
DEBUG file_util.py:17:  ensuring that dir exists: /var/lib/mock/alma+epel-10-x86_64-bootstrap/root/var/lib/dbus
DEBUG file_util.py:20:  created dir: /var/lib/mock/alma+epel-10-x86_64-bootstrap/root/var/lib/dbus
DEBUG file_util.py:17:  ensuring that dir exists: /var/lib/mock/alma+epel-10-x86_64-bootstrap/root/var/log
DEBUG file_util.py:17:  ensuring that dir exists: /var/lib/mock/alma+epel-10-x86_64-bootstrap/root/var/cache/dnf
DEBUG file_util.py:17:  ensuring that dir exists: /var/lib/mock/alma+epel-10-x86_64-bootstrap/root/var/cache/yum
DEBUG file_util.py:20:  created dir: /var/lib/mock/alma+epel-10-x86_64-bootstrap/root/var/cache/yum
DEBUG file_util.py:17:  ensuring that dir exists: /var/lib/mock/alma+epel-10-x86_64-bootstrap/root/etc/rpm
DEBUG file_util.py:17:  ensuring that dir exists: /var/lib/mock/alma+epel-10-x86_64-bootstrap/root/tmp
DEBUG file_util.py:17:  ensuring that dir exists: /var/lib/mock/alma+epel-10-x86_64-bootstrap/root/tmp/ccache
DEBUG file_util.py:20:  created dir: /var/lib/mock/alma+epel-10-x86_64-bootstrap/root/tmp/ccache
DEBUG file_util.py:17:  ensuring that dir exists: /var/lib/mock/alma+epel-10-x86_64-bootstrap/root/var/tmp
DEBUG file_util.py:17:  ensuring that dir exists: /var/lib/mock/alma+epel-10-x86_64-bootstrap/root/etc/dnf
DEBUG file_util.py:17:  ensuring that dir exists: /var/lib/mock/alma+epel-10-x86_64-bootstrap/root/etc/dnf/vars
DEBUG file_util.py:17:  ensuring that dir exists: /var/lib/mock/alma+epel-10-x86_64-bootstrap/root/etc/yum.repos.d
DEBUG file_util.py:17:  ensuring that dir exists: /var/lib/mock/alma+epel-10-x86_64-bootstrap/root/etc/yum
DEBUG file_util.py:17:  ensuring that dir exists: /var/lib/mock/alma+epel-10-x86_64-bootstrap/root/proc
DEBUG file_util.py:17:  ensuring that dir exists: /var/lib/mock/alma+epel-10-x86_64-bootstrap/root/sys
DEBUG file_util.py:17:  ensuring that dir exists: /var/lib/mock/alma+epel-10-x86_64-bootstrap/root/run/lock
DEBUG file_util.py:17:  ensuring that dir exists: /var/lib/mock/alma+epel-10-x86_64-bootstrap/root/dev/pts
DEBUG file_util.py:20:  created dir: /var/lib/mock/alma+epel-10-x86_64-bootstrap/root/dev/pts
DEBUG file_util.py:17:  ensuring that dir exists: /var/lib/mock/alma+epel-10-x86_64-bootstrap/root/dev/shm
DEBUG file_util.py:20:  created dir: /var/lib/mock/alma+epel-10-x86_64-bootstrap/root/dev/shm
DEBUG file_util.py:17:  ensuring that dir exists: /var/lib/mock/alma+epel-10-x86_64-bootstrap/root/dev/mapper
DEBUG file_util.py:20:  created dir: /var/lib/mock/alma+epel-10-x86_64-bootstrap/root/dev/mapper
DEBUG buildroot.py:868:  kernel version == 6.12.0-124.47.1.el10_1.x86_64
DEBUG file_util.py:29:  touching file: /var/lib/mock/alma+epel-10-x86_64-bootstrap/root/etc/fstab
DEBUG file_util.py:29:  touching file: /var/lib/mock/alma+epel-10-x86_64-bootstrap/root/etc/yum/yum.conf
DEBUG file_util.py:29:  touching file: /var/lib/mock/alma+epel-10-x86_64-bootstrap/root/etc/dnf/dnf.conf
DEBUG file_util.py:29:  touching file: /var/lib/mock/alma+epel-10-x86_64-bootstrap/root/var/log/yum.log
DEBUG buildroot.py:332:  rootdir = /var/lib/mock/alma+epel-10-x86_64-bootstrap/root
DEBUG buildroot.py:333:  resultdir = /var/lib/mock/alma+epel-10-x86_64-bootstrap/results
DEBUG package_manager.py:63:  searching for 'dnf4' package manager or alternatives
INFO buildroot.py:181:  Package manager dnf4 detected and used (fallback)
DEBUG file_util.py:17:  ensuring that dir exists: /var/lib/mock/alma+epel-10-x86_64-bootstrap/root/etc/pki/mock
DEBUG file_util.py:20:  created dir: /var/lib/mock/alma+epel-10-x86_64-bootstrap/root/etc/pki/mock
DEBUG package_manager.py:404:  copying CA trust dir into chroot: /etc/pki/ca-trust => /etc/pki/ca-trust
DEBUG file_util.py:178:  Updating files in /var/lib/mock/alma+epel-10-x86_64-bootstrap/root/etc/pki/ca-trust with files from /etc/pki/ca-trust
DEBUG file_util.py:17:  ensuring that dir exists: /var/lib/mock/alma+epel-10-x86_64-bootstrap/root/etc/pki/ca-trust
DEBUG file_util.py:17:  ensuring that dir exists: /var/lib/mock/alma+epel-10-x86_64-bootstrap/root/etc/pki/ca-trust/./extracted
DEBUG file_util.py:17:  ensuring that dir exists: /var/lib/mock/alma+epel-10-x86_64-bootstrap/root/etc/pki/ca-trust/./source
DEBUG file_util.py:17:  ensuring that dir exists: /var/lib/mock/alma+epel-10-x86_64-bootstrap/root/etc/pki/ca-trust/extracted/edk2
DEBUG file_util.py:17:  ensuring that dir exists: /var/lib/mock/alma+epel-10-x86_64-bootstrap/root/etc/pki/ca-trust/extracted/java
DEBUG file_util.py:17:  ensuring that dir exists: /var/lib/mock/alma+epel-10-x86_64-bootstrap/root/etc/pki/ca-trust/extracted/openssl
DEBUG file_util.py:17:  ensuring that dir exists: /var/lib/mock/alma+epel-10-x86_64-bootstrap/root/etc/pki/ca-trust/extracted/pem
DEBUG file_util.py:17:  ensuring that dir exists: /var/lib/mock/alma+epel-10-x86_64-bootstrap/root/etc/pki/ca-trust/extracted/pem/directory-hash
DEBUG file_util.py:17:  ensuring that dir exists: /var/lib/mock/alma+epel-10-x86_64-bootstrap/root/etc/pki/ca-trust/source/anchors
DEBUG file_util.py:17:  ensuring that dir exists: /var/lib/mock/alma+epel-10-x86_64-bootstrap/root/etc/pki/ca-trust/source/blocklist
DEBUG package_manager.py:404:  copying CA trust dir into chroot: /usr/share/pki/ca-trust-source => /usr/share/pki/ca-trust-source
DEBUG file_util.py:178:  Updating files in /var/lib/mock/alma+epel-10-x86_64-bootstrap/root/usr/share/pki/ca-trust-source with files from /usr/share/pki/ca-trust-source
DEBUG file_util.py:17:  ensuring that dir exists: /var/lib/mock/alma+epel-10-x86_64-bootstrap/root/usr/share/pki/ca-trust-source
DEBUG file_util.py:17:  ensuring that dir exists: /var/lib/mock/alma+epel-10-x86_64-bootstrap/root/usr/share/pki/ca-trust-source/./anchors
DEBUG file_util.py:17:  ensuring that dir exists: /var/lib/mock/alma+epel-10-x86_64-bootstrap/root/usr/share/pki/ca-trust-source/./blocklist
DEBUG file_util.py:17:  ensuring that dir exists: /var/lib/mock/alma+epel-10-x86_64-bootstrap/root/usr/share
DEBUG package_manager.py:388:  Copying /usr/share/distribution-gpg-keys to the bootstrap chroot
DEBUG util.py:636:  child environment: None
DEBUG util.py:558:  Executing command: ['cp', '-a', '/usr/share/distribution-gpg-keys', '/var/lib/mock/alma+epel-10-x86_64-bootstrap/root/usr/share'] with env {'TERM': 'vt100', 'SHELL': '/bin/sh', 'HOME': '/builddir', 'HOSTNAME': 'mock', 'PATH': '/usr/bin:/bin:/usr/sbin:/sbin', 'LANG': 'C.UTF-8'} and shell False
DEBUG util.py:610:  Child return code was: 0
DEBUG file_util.py:17:  ensuring that dir exists: /var/lib/mock/alma+epel-10-x86_64-bootstrap/root/etc/dnf
DEBUG package_manager.py:691:  configure DNF vars
DEBUG file_util.py:17:  ensuring that dir exists: /var/lib/mock/alma+epel-10-x86_64-bootstrap/root/var/cache/yum
DEBUG util.py:636:  child environment: None
DEBUG util.py:558:  Executing command: ['/bin/mount', '-n', '-o', 'bind', '/var/cache/mock/alma+epel-10-x86_64-bootstrap/yum_cache', '/var/lib/mock/alma+epel-10-x86_64-bootstrap/root/var/cache/yum'] with env {'TERM': 'vt100', 'SHELL': '/bin/sh', 'HOME': '/builddir', 'HOSTNAME': 'mock', 'PATH': '/usr/bin:/bin:/usr/sbin:/sbin', 'LANG': 'C.UTF-8'} and shell False
DEBUG util.py:610:  Child return code was: 0
DEBUG file_util.py:17:  ensuring that dir exists: /var/lib/mock/alma+epel-10-x86_64-bootstrap/root/var/cache/dnf
DEBUG util.py:636:  child environment: None
DEBUG util.py:558:  Executing command: ['/bin/mount', '-n', '-o', 'bind', '/var/cache/mock/alma+epel-10-x86_64-bootstrap/dnf_cache', '/var/lib/mock/alma+epel-10-x86_64-bootstrap/root/var/cache/dnf'] with env {'TERM': 'vt100', 'SHELL': '/bin/sh', 'HOME': '/builddir', 'HOSTNAME': 'mock', 'PATH': '/usr/bin:/bin:/usr/sbin:/sbin', 'LANG': 'C.UTF-8'} and shell False
DEBUG util.py:610:  Child return code was: 0
DEBUG file_util.py:17:  ensuring that dir exists: /var/lib/mock/alma+epel-10-x86_64-bootstrap/root/etc
DEBUG file_util.py:17:  ensuring that dir exists: /var/lib/mock/alma+epel-10-x86_64-bootstrap/root/etc
INFO buildroot.py:1118:  Bootstrap image not marked ready
DEBUG file_util.py:17:  ensuring that dir exists: /var/lib/mock/alma+epel-10-x86_64-bootstrap/root/installation-homedir
DEBUG file_util.py:20:  created dir: /var/lib/mock/alma+epel-10-x86_64-bootstrap/root/installation-homedir
DEBUG package_manager.py:295:  ['/usr/bin/dnf-3', '--releasever', '10', '--setopt=deltarpm=False', '--setopt=allow_vendor_change=yes', '--allowerasing', '--disableplugin=local', '--disableplugin=spacewalk', '--disableplugin=versionlock', 'install', 'python3-dnf', 'python3-dnf-plugins-core']
DEBUG util.py:636:  child environment: None
DEBUG util.py:553:  Using nspawn with args None
DEBUG util.py:558:  Executing command: ['/usr/bin/systemd-nspawn', '-q', '-M', 'd01ac1e7d06f49e3ae133a39a9605a6f', '-D', '/var/lib/mock/alma+epel-10-x86_64-bootstrap/root', '-a', '--console=pipe', '--setenv=TERM=vt100', '--setenv=SHELL=/bin/bash', '--setenv=HOME=/var/lib/mock/alma+epel-10-x86_64-bootstrap/root/installation-homedir', '--setenv=HOSTNAME=mock', '--setenv=PATH=/usr/bin:/bin:/usr/sbin:/sbin', '--setenv=PROMPT_COMMAND=printf "\\033]0;<mock-chroot>\\007"', '--setenv=PS1=<mock-chroot> \\s-\\v\\$ ', '--setenv=LANG=C.UTF-8', '--setenv=LC_MESSAGES=C.UTF-8', '--resolv-conf=off', '/usr/bin/dnf-3', '--releasever', '10', '--setopt=deltarpm=False', '--setopt=allow_vendor_change=yes', '--allowerasing', '--disableplugin=local', '--disableplugin=spacewalk', '--disableplugin=versionlock', 'install', 'python3-dnf', 'python3-dnf-plugins-core'] with env {'TERM': 'vt100', 'SHELL': '/bin/bash', 'HOME': '/var/lib/mock/alma+epel-10-x86_64-bootstrap/root/installation-homedir', 'HOSTNAME': 'mock', 'PATH': '/usr/bin:/bin:/usr/sbin:/sbin', 'PROMPT_COMMAND': 'printf "\\033]0;<mock-chroot>\\007"', 'PS1': '<mock-chroot> \\s-\\v\\$ ', 'LANG': 'C.UTF-8', 'LC_MESSAGES': 'C.UTF-8', 'SYSTEMD_NSPAWN_TMPFS_TMP': '0', 'SYSTEMD_SECCOMP': '0'} and shell False
DEBUG util.py:461:  No matches found for the following disable plugin patterns: local, spacewalk, versionlock
DEBUG util.py:463:  AlmaLinux 10 - BaseOS                                                                                                                                        3.8 MB/s |  19 MB     00:04    
DEBUG util.py:463:  AlmaLinux 10 - AppStream                                                                                                                                     1.1 MB/s | 2.3 MB     00:02    
DEBUG util.py:463:  AlmaLinux 10 - CRB                                                                                                                                           301 kB/s | 528 kB     00:01    
DEBUG util.py:463:  AlmaLinux 10 - Extras                                                                                                                                        9.0 kB/s |  12 kB     00:01    
DEBUG util.py:463:  Extra Packages for Enterprise Linux 10 - x86_64                                                                                                              2.4 MB/s | 5.7 MB     00:02    
DEBUG util.py:463:  Package python3-dnf-4.20.0-18.el10.alma.1.noarch is already installed.
DEBUG util.py:463:  Package python3-dnf-plugins-core-4.7.0-9.el10.noarch is already installed.
DEBUG util.py:463:  Dependencies resolved.
DEBUG util.py:463:  Nothing to do.
DEBUG util.py:463:  Complete!
DEBUG util.py:610:  Child return code was: 0
DEBUG util.py:185:  kill orphans in chroot /var/lib/mock/alma+epel-10-x86_64-bootstrap/root
DEBUG file_util.py:29:  touching file: /var/lib/mock/alma+epel-10-x86_64-bootstrap/root/etc/os-release
DEBUG buildroot.py:38:  method _setup_build_dirs skipped in bootstrap
DEBUG buildroot.py:38:  method _make_users skipped in bootstrap
DEBUG file_util.py:29:  touching file: /var/lib/mock/alma+epel-10-x86_64-bootstrap/root/.initialized
DEBUG util.py:636:  child environment: None
DEBUG util.py:558:  Executing command: ['sync'] with env {'TERM': 'vt100', 'SHELL': '/bin/sh', 'HOME': '/builddir', 'HOSTNAME': 'mock', 'PATH': '/usr/bin:/bin:/usr/sbin:/sbin', 'LANG': 'C.UTF-8'} and shell False
DEBUG util.py:610:  Child return code was: 0
DEBUG util.py:636:  child environment: None
DEBUG util.py:558:  Executing command: ['/bin/tar', '--one-file-system', '--exclude-caches', '--exclude-caches-under', '--use-compress-program', 'pigz', '-cf', '/var/cache/mock/alma+epel-10-x86_64-bootstrap/root_cache/cache.tar.gz', '-C', '/var/lib/mock/alma+epel-10-x86_64-bootstrap/root', '--exclude=./proc', '--exclude=./sys', '--exclude=./dev', '--exclude=./tmp/ccache', '--exclude=./var/cache/yum', '--exclude=./var/cache/dnf', '--exclude=./var/log', '--exclude=.//proc', '--exclude=.//proc', '--exclude=.//sys', '--exclude=.//sys', '--exclude=.//dev/shm', '--exclude=.//dev/pts', '--exclude=.//var/cache/yum', '--exclude=.//var/cache/dnf', '.'] with env {'TERM': 'vt100', 'SHELL': '/bin/sh', 'HOME': '/builddir', 'HOSTNAME': 'mock', 'PATH': '/usr/bin:/bin:/usr/sbin:/sbin', 'LANG': 'C.UTF-8'} and shell False
DEBUG util.py:610:  Child return code was: 0
DEBUG file_util.py:17:  ensuring that dir exists: /var/lib/mock/alma+epel-10-x86_64
DEBUG file_util.py:17:  ensuring that dir exists: /var/lib/mock/alma+epel-10-x86_64/root
DEBUG file_util.py:17:  ensuring that dir exists: /var/lib/mock/alma+epel-10-x86_64/result
INFO buildroot.py:318:  calling preinit hooks
DEBUG file_util.py:17:  ensuring that dir exists: /var/cache/mock/alma+epel-10-x86_64/root_cache/
DEBUG file_util.py:20:  created dir: /var/cache/mock/alma+epel-10-x86_64/root_cache/
DEBUG file_util.py:17:  ensuring that dir exists: /var/cache/mock/alma+epel-10-x86_64/yum_cache
DEBUG file_util.py:17:  ensuring that dir exists: /var/cache/mock/alma+epel-10-x86_64/dnf_cache
DEBUG util.py:636:  child environment: None
DEBUG util.py:558:  Executing command: ['/usr/bin/lscpu'] with env {'TERM': 'vt100', 'SHELL': '/bin/sh', 'HOME': '/builddir', 'HOSTNAME': 'mock', 'PATH': '/usr/bin:/bin:/usr/sbin:/sbin', 'LANG': 'C.UTF-8'} and shell False
DEBUG util.py:463:  Architecture:                            x86_64
DEBUG util.py:463:  CPU op-mode(s):                          32-bit, 64-bit
DEBUG util.py:463:  Address sizes:                           39 bits physical, 48 bits virtual
DEBUG util.py:463:  Byte Order:                              Little Endian
DEBUG util.py:463:  CPU(s):                                  4
DEBUG util.py:463:  On-line CPU(s) list:                     0-3
DEBUG util.py:463:  Vendor ID:                               GenuineIntel
DEBUG util.py:463:  BIOS Vendor ID:                          QEMU
DEBUG util.py:463:  Model name:                              Intel(R) N100
DEBUG util.py:463:  BIOS Model name:                         pc-q35-8.2  CPU @ 2.0GHz
DEBUG util.py:463:  BIOS CPU family:                         1
DEBUG util.py:463:  CPU family:                              6
DEBUG util.py:463:  Model:                                   190
DEBUG util.py:463:  Thread(s) per core:                      1
DEBUG util.py:463:  Core(s) per socket:                      1
DEBUG util.py:463:  Socket(s):                               4
DEBUG util.py:463:  Stepping:                                0
DEBUG util.py:463:  BogoMIPS:                                1612.80
DEBUG util.py:463:  Flags:                                   fpu vme de pse tsc msr pae mce cx8 apic sep mtrr pge mca cmov pat pse36 clflush mmx fxsr sse sse2 ss syscall nx pdpe1gb rdtscp lm constant_tsc arch_perfmon rep_good nopl xtopology cpuid tsc_known_freq pni pclmulqdq ssse3 fma cx16 pdcm pcid sse4_1 sse4_2 x2apic movbe popcnt tsc_deadline_timer aes xsave avx f16c rdrand hypervisor lahf_lm abm 3dnowprefetch cpuid_fault ssbd ibrs ibpb stibp ibrs_enhanced fsgsbase tsc_adjust bmi1 avx2 smep bmi2 erms invpcid rdseed adx smap clflushopt clwb sha_ni xsaveopt xsavec xgetbv1 xsaves avx_vnni arat umip pku ospke gfni vaes vpclmulqdq rdpid movdiri movdir64b fsrm md_clear serialize flush_l1d arch_capabilities
DEBUG util.py:463:  Hypervisor vendor:                       KVM
DEBUG util.py:463:  Virtualization type:                     full
DEBUG util.py:463:  L1d cache:                               128 KiB (4 instances)
DEBUG util.py:463:  L1i cache:                               128 KiB (4 instances)
DEBUG util.py:463:  L2 cache:                                16 MiB (4 instances)
DEBUG util.py:463:  L3 cache:                                64 MiB (4 instances)
DEBUG util.py:463:  NUMA node(s):                            1
DEBUG util.py:463:  NUMA node0 CPU(s):                       0-3
DEBUG util.py:463:  Vulnerability Gather data sampling:      Not affected
DEBUG util.py:463:  Vulnerability Indirect target selection: Mitigation; Aligned branch/return thunks
DEBUG util.py:463:  Vulnerability Itlb multihit:             Not affected
DEBUG util.py:463:  Vulnerability L1tf:                      Not affected
DEBUG util.py:463:  Vulnerability Mds:                       Not affected
DEBUG util.py:463:  Vulnerability Meltdown:                  Not affected
DEBUG util.py:463:  Vulnerability Mmio stale data:           Not affected
DEBUG util.py:463:  Vulnerability Reg file data sampling:    Vulnerable: No microcode
DEBUG util.py:463:  Vulnerability Retbleed:                  Not affected
DEBUG util.py:463:  Vulnerability Spec rstack overflow:      Not affected
DEBUG util.py:463:  Vulnerability Spec store bypass:         Mitigation; Speculative Store Bypass disabled via prctl
DEBUG util.py:463:  Vulnerability Spectre v1:                Mitigation; usercopy/swapgs barriers and __user pointer sanitization
DEBUG util.py:463:  Vulnerability Spectre v2:                Mitigation; Enhanced / Automatic IBRS; IBPB conditional; PBRSB-eIBRS Not affected; BHI SW loop, KVM SW loop
DEBUG util.py:463:  Vulnerability Srbds:                     Not affected
DEBUG util.py:463:  Vulnerability Tsa:                       Not affected
DEBUG util.py:463:  Vulnerability Tsx async abort:           Not affected
DEBUG util.py:463:  Vulnerability Vmscape:                   Not affected
DEBUG util.py:610:  Child return code was: 0
DEBUG util.py:636:  child environment: None
DEBUG util.py:558:  Executing command: ['/bin/free', '--human'] with env {'TERM': 'vt100', 'SHELL': '/bin/sh', 'HOME': '/builddir', 'HOSTNAME': 'mock', 'PATH': '/usr/bin:/bin:/usr/sbin:/sbin', 'LANG': 'C.UTF-8'} and shell False
DEBUG util.py:463:                 total        used        free      shared  buff/cache   available
DEBUG util.py:463:  Mem:           3.6Gi       613Mi       2.3Gi       7.4Mi       919Mi       3.0Gi
DEBUG util.py:463:  Swap:          3.9Gi       6.3Mi       3.9Gi
DEBUG util.py:610:  Child return code was: 0
DEBUG util.py:636:  child environment: None
DEBUG util.py:558:  Executing command: ['/bin/df', '-H', '-T', '/var/lib/mock/alma+epel-10-x86_64/root', '/var/cache/mock'] with env {'TERM': 'vt100', 'SHELL': '/bin/sh', 'HOME': '/builddir', 'HOSTNAME': 'mock', 'PATH': '/usr/bin:/bin:/usr/sbin:/sbin', 'LANG': 'C.UTF-8'} and shell False
DEBUG util.py:463:  Filesystem     Type  Size  Used Avail Use% Mounted on
DEBUG util.py:463:  /dev/vda4      xfs    49G   18G   32G  36% /
DEBUG util.py:463:  /dev/vda4      xfs    49G   18G   32G  36% /
DEBUG util.py:610:  Child return code was: 0
DEBUG buildroot.py:724:  create skeleton dirs
DEBUG file_util.py:17:  ensuring that dir exists: /var/lib/mock/alma+epel-10-x86_64/root/var/lib/rpm
DEBUG file_util.py:20:  created dir: /var/lib/mock/alma+epel-10-x86_64/root/var/lib/rpm
DEBUG file_util.py:17:  ensuring that dir exists: /var/lib/mock/alma+epel-10-x86_64/root/var/lib/yum
DEBUG file_util.py:20:  created dir: /var/lib/mock/alma+epel-10-x86_64/root/var/lib/yum
DEBUG file_util.py:17:  ensuring that dir exists: /var/lib/mock/alma+epel-10-x86_64/root/var/lib/dbus
DEBUG file_util.py:20:  created dir: /var/lib/mock/alma+epel-10-x86_64/root/var/lib/dbus
DEBUG file_util.py:17:  ensuring that dir exists: /var/lib/mock/alma+epel-10-x86_64/root/var/log
DEBUG file_util.py:20:  created dir: /var/lib/mock/alma+epel-10-x86_64/root/var/log
DEBUG file_util.py:17:  ensuring that dir exists: /var/lib/mock/alma+epel-10-x86_64/root/var/cache/dnf
DEBUG file_util.py:20:  created dir: /var/lib/mock/alma+epel-10-x86_64/root/var/cache/dnf
DEBUG file_util.py:17:  ensuring that dir exists: /var/lib/mock/alma+epel-10-x86_64/root/var/cache/yum
DEBUG file_util.py:20:  created dir: /var/lib/mock/alma+epel-10-x86_64/root/var/cache/yum
DEBUG file_util.py:17:  ensuring that dir exists: /var/lib/mock/alma+epel-10-x86_64/root/etc/rpm
DEBUG file_util.py:20:  created dir: /var/lib/mock/alma+epel-10-x86_64/root/etc/rpm
DEBUG file_util.py:17:  ensuring that dir exists: /var/lib/mock/alma+epel-10-x86_64/root/tmp
DEBUG file_util.py:20:  created dir: /var/lib/mock/alma+epel-10-x86_64/root/tmp
DEBUG file_util.py:17:  ensuring that dir exists: /var/lib/mock/alma+epel-10-x86_64/root/tmp/ccache
DEBUG file_util.py:20:  created dir: /var/lib/mock/alma+epel-10-x86_64/root/tmp/ccache
DEBUG file_util.py:17:  ensuring that dir exists: /var/lib/mock/alma+epel-10-x86_64/root/var/tmp
DEBUG file_util.py:20:  created dir: /var/lib/mock/alma+epel-10-x86_64/root/var/tmp
DEBUG file_util.py:17:  ensuring that dir exists: /var/lib/mock/alma+epel-10-x86_64/root/etc/dnf
DEBUG file_util.py:20:  created dir: /var/lib/mock/alma+epel-10-x86_64/root/etc/dnf
DEBUG file_util.py:17:  ensuring that dir exists: /var/lib/mock/alma+epel-10-x86_64/root/etc/dnf/vars
DEBUG file_util.py:20:  created dir: /var/lib/mock/alma+epel-10-x86_64/root/etc/dnf/vars
DEBUG file_util.py:17:  ensuring that dir exists: /var/lib/mock/alma+epel-10-x86_64/root/etc/yum.repos.d
DEBUG file_util.py:20:  created dir: /var/lib/mock/alma+epel-10-x86_64/root/etc/yum.repos.d
DEBUG file_util.py:17:  ensuring that dir exists: /var/lib/mock/alma+epel-10-x86_64/root/etc/yum
DEBUG file_util.py:20:  created dir: /var/lib/mock/alma+epel-10-x86_64/root/etc/yum
DEBUG file_util.py:17:  ensuring that dir exists: /var/lib/mock/alma+epel-10-x86_64/root/proc
DEBUG file_util.py:20:  created dir: /var/lib/mock/alma+epel-10-x86_64/root/proc
DEBUG file_util.py:17:  ensuring that dir exists: /var/lib/mock/alma+epel-10-x86_64/root/sys
DEBUG file_util.py:20:  created dir: /var/lib/mock/alma+epel-10-x86_64/root/sys
DEBUG file_util.py:17:  ensuring that dir exists: /var/lib/mock/alma+epel-10-x86_64/root/run/lock
DEBUG file_util.py:20:  created dir: /var/lib/mock/alma+epel-10-x86_64/root/run/lock
DEBUG file_util.py:17:  ensuring that dir exists: /var/lib/mock/alma+epel-10-x86_64/root/dev/pts
DEBUG file_util.py:20:  created dir: /var/lib/mock/alma+epel-10-x86_64/root/dev/pts
DEBUG file_util.py:17:  ensuring that dir exists: /var/lib/mock/alma+epel-10-x86_64/root/dev/shm
DEBUG file_util.py:20:  created dir: /var/lib/mock/alma+epel-10-x86_64/root/dev/shm
DEBUG file_util.py:17:  ensuring that dir exists: /var/lib/mock/alma+epel-10-x86_64/root/dev/mapper
DEBUG file_util.py:20:  created dir: /var/lib/mock/alma+epel-10-x86_64/root/dev/mapper
DEBUG buildroot.py:868:  kernel version == 6.12.0-124.47.1.el10_1.x86_64
DEBUG file_util.py:29:  touching file: /var/lib/mock/alma+epel-10-x86_64/root/etc/fstab
DEBUG file_util.py:29:  touching file: /var/lib/mock/alma+epel-10-x86_64/root/etc/yum/yum.conf
DEBUG file_util.py:29:  touching file: /var/lib/mock/alma+epel-10-x86_64/root/etc/dnf/dnf.conf
DEBUG file_util.py:29:  touching file: /var/lib/mock/alma+epel-10-x86_64/root/var/log/yum.log
DEBUG buildroot.py:332:  rootdir = /var/lib/mock/alma+epel-10-x86_64/root
DEBUG buildroot.py:333:  resultdir = /var/lib/mock/alma+epel-10-x86_64/result
INFO buildroot.py:181:  Package manager dnf4 detected and used (direct choice)
DEBUG file_util.py:17:  ensuring that dir exists: /var/lib/mock/alma+epel-10-x86_64/root/etc/pki/mock
DEBUG file_util.py:20:  created dir: /var/lib/mock/alma+epel-10-x86_64/root/etc/pki/mock
DEBUG package_manager.py:404:  copying CA trust dir into chroot: /etc/pki/ca-trust => /etc/pki/ca-trust
DEBUG file_util.py:178:  Updating files in /var/lib/mock/alma+epel-10-x86_64/root/etc/pki/ca-trust with files from /etc/pki/ca-trust
DEBUG file_util.py:17:  ensuring that dir exists: /var/lib/mock/alma+epel-10-x86_64/root/etc/pki/ca-trust
DEBUG file_util.py:20:  created dir: /var/lib/mock/alma+epel-10-x86_64/root/etc/pki/ca-trust
DEBUG file_util.py:17:  ensuring that dir exists: /var/lib/mock/alma+epel-10-x86_64/root/etc/pki/ca-trust/./extracted
DEBUG file_util.py:20:  created dir: /var/lib/mock/alma+epel-10-x86_64/root/etc/pki/ca-trust/./extracted
DEBUG file_util.py:17:  ensuring that dir exists: /var/lib/mock/alma+epel-10-x86_64/root/etc/pki/ca-trust/./source
DEBUG file_util.py:20:  created dir: /var/lib/mock/alma+epel-10-x86_64/root/etc/pki/ca-trust/./source
DEBUG file_util.py:17:  ensuring that dir exists: /var/lib/mock/alma+epel-10-x86_64/root/etc/pki/ca-trust/extracted/edk2
DEBUG file_util.py:20:  created dir: /var/lib/mock/alma+epel-10-x86_64/root/etc/pki/ca-trust/extracted/edk2
DEBUG file_util.py:17:  ensuring that dir exists: /var/lib/mock/alma+epel-10-x86_64/root/etc/pki/ca-trust/extracted/java
DEBUG file_util.py:20:  created dir: /var/lib/mock/alma+epel-10-x86_64/root/etc/pki/ca-trust/extracted/java
DEBUG file_util.py:17:  ensuring that dir exists: /var/lib/mock/alma+epel-10-x86_64/root/etc/pki/ca-trust/extracted/openssl
DEBUG file_util.py:20:  created dir: /var/lib/mock/alma+epel-10-x86_64/root/etc/pki/ca-trust/extracted/openssl
DEBUG file_util.py:17:  ensuring that dir exists: /var/lib/mock/alma+epel-10-x86_64/root/etc/pki/ca-trust/extracted/pem
DEBUG file_util.py:20:  created dir: /var/lib/mock/alma+epel-10-x86_64/root/etc/pki/ca-trust/extracted/pem
DEBUG file_util.py:17:  ensuring that dir exists: /var/lib/mock/alma+epel-10-x86_64/root/etc/pki/ca-trust/extracted/pem/directory-hash
DEBUG file_util.py:20:  created dir: /var/lib/mock/alma+epel-10-x86_64/root/etc/pki/ca-trust/extracted/pem/directory-hash
DEBUG file_util.py:17:  ensuring that dir exists: /var/lib/mock/alma+epel-10-x86_64/root/etc/pki/ca-trust/source/anchors
DEBUG file_util.py:20:  created dir: /var/lib/mock/alma+epel-10-x86_64/root/etc/pki/ca-trust/source/anchors
DEBUG file_util.py:17:  ensuring that dir exists: /var/lib/mock/alma+epel-10-x86_64/root/etc/pki/ca-trust/source/blocklist
DEBUG file_util.py:20:  created dir: /var/lib/mock/alma+epel-10-x86_64/root/etc/pki/ca-trust/source/blocklist
DEBUG package_manager.py:404:  copying CA trust dir into chroot: /usr/share/pki/ca-trust-source => /usr/share/pki/ca-trust-source
DEBUG file_util.py:178:  Updating files in /var/lib/mock/alma+epel-10-x86_64/root/usr/share/pki/ca-trust-source with files from /usr/share/pki/ca-trust-source
DEBUG file_util.py:17:  ensuring that dir exists: /var/lib/mock/alma+epel-10-x86_64/root/usr/share/pki/ca-trust-source
DEBUG file_util.py:20:  created dir: /var/lib/mock/alma+epel-10-x86_64/root/usr/share/pki/ca-trust-source
DEBUG file_util.py:17:  ensuring that dir exists: /var/lib/mock/alma+epel-10-x86_64/root/usr/share/pki/ca-trust-source/./anchors
DEBUG file_util.py:20:  created dir: /var/lib/mock/alma+epel-10-x86_64/root/usr/share/pki/ca-trust-source/./anchors
DEBUG file_util.py:17:  ensuring that dir exists: /var/lib/mock/alma+epel-10-x86_64/root/usr/share/pki/ca-trust-source/./blocklist
DEBUG file_util.py:20:  created dir: /var/lib/mock/alma+epel-10-x86_64/root/usr/share/pki/ca-trust-source/./blocklist
DEBUG file_util.py:17:  ensuring that dir exists: /var/lib/mock/alma+epel-10-x86_64/root/etc/dnf
DEBUG package_manager.py:691:  configure DNF vars
DEBUG file_util.py:17:  ensuring that dir exists: /var/lib/mock/alma+epel-10-x86_64/root/var/cache/yum
DEBUG util.py:636:  child environment: None
DEBUG util.py:558:  Executing command: ['/bin/mount', '-n', '-o', 'bind', '/var/cache/mock/alma+epel-10-x86_64/yum_cache', '/var/lib/mock/alma+epel-10-x86_64/root/var/cache/yum'] with env {'TERM': 'vt100', 'SHELL': '/bin/sh', 'HOME': '/builddir', 'HOSTNAME': 'mock', 'PATH': '/usr/bin:/bin:/usr/sbin:/sbin', 'LANG': 'C.UTF-8'} and shell False
DEBUG util.py:610:  Child return code was: 0
DEBUG file_util.py:17:  ensuring that dir exists: /var/lib/mock/alma+epel-10-x86_64/root/var/cache/dnf
DEBUG util.py:636:  child environment: None
DEBUG util.py:558:  Executing command: ['/bin/mount', '-n', '-o', 'bind', '/var/cache/mock/alma+epel-10-x86_64/dnf_cache', '/var/lib/mock/alma+epel-10-x86_64/root/var/cache/dnf'] with env {'TERM': 'vt100', 'SHELL': '/bin/sh', 'HOME': '/builddir', 'HOSTNAME': 'mock', 'PATH': '/usr/bin:/bin:/usr/sbin:/sbin', 'LANG': 'C.UTF-8'} and shell False
DEBUG util.py:610:  Child return code was: 0
DEBUG util.py:636:  child environment: None
DEBUG util.py:553:  Using nspawn with args None
DEBUG util.py:558:  Executing command: ['/usr/bin/systemd-nspawn', '-q', '-M', 'cc32df5823e64c35b602bc968a8781c4', '-D', '/var/lib/mock/alma+epel-10-x86_64-bootstrap/root', '-a', '--console=pipe', '--setenv=TERM=vt100', '--setenv=SHELL=/bin/sh', '--setenv=HOME=/builddir', '--setenv=HOSTNAME=mock', '--setenv=PATH=/usr/bin:/bin:/usr/sbin:/sbin', '--setenv=LANG=C.UTF-8', '--resolv-conf=off', 'rpm', '-q', 'rpm', 'rpm-sequoia', 'python3-dnf', 'python3-dnf-plugins-core', 'yum', 'yum-utils', 'dnf5', 'dnf5-plugins'] with env {'TERM': 'vt100', 'SHELL': '/bin/sh', 'HOME': '/builddir', 'HOSTNAME': 'mock', 'PATH': '/usr/bin:/bin:/usr/sbin:/sbin', 'LANG': 'C.UTF-8', 'SYSTEMD_NSPAWN_TMPFS_TMP': '0', 'SYSTEMD_SECCOMP': '0'} and shell False
DEBUG util.py:463:  rpm-4.19.1.1-20.el10.alma.1.x86_64
DEBUG util.py:463:  rpm-sequoia-1.9.0.3-1.el10_1.x86_64
DEBUG util.py:463:  python3-dnf-4.20.0-18.el10.alma.1.noarch
DEBUG util.py:463:  python3-dnf-plugins-core-4.7.0-9.el10.noarch
DEBUG util.py:463:  yum-4.20.0-18.el10.alma.1.noarch
DEBUG util.py:463:  package yum-utils is not installed
DEBUG util.py:463:  package dnf5 is not installed
DEBUG util.py:463:  package dnf5-plugins is not installed
DEBUG util.py:610:  Child return code was: 3
INFO package_manager.py:201:  Buildroot is handled by package management downloaded with a bootstrap image:
  rpm-4.19.1.1-20.el10.alma.1.x86_64
  rpm-sequoia-1.9.0.3-1.el10_1.x86_64
  python3-dnf-4.20.0-18.el10.alma.1.noarch
  python3-dnf-plugins-core-4.7.0-9.el10.noarch
  yum-4.20.0-18.el10.alma.1.noarch
DEBUG file_util.py:17:  ensuring that dir exists: /var/lib/mock/alma+epel-10-x86_64/root/etc
DEBUG file_util.py:17:  ensuring that dir exists: /var/lib/mock/alma+epel-10-x86_64/root/proc
DEBUG util.py:636:  child environment: None
DEBUG util.py:558:  Executing command: ['/bin/mount', '-n', '-t', 'tmpfs', '-o', 'rprivate,mode=0755', 'tmpfs', '/var/lib/mock/alma+epel-10-x86_64/root/proc'] with env {'TERM': 'vt100', 'SHELL': '/bin/sh', 'HOME': '/builddir', 'HOSTNAME': 'mock', 'PATH': '/usr/bin:/bin:/usr/sbin:/sbin', 'LANG': 'C.UTF-8'} and shell False
DEBUG util.py:610:  Child return code was: 0
DEBUG file_util.py:17:  ensuring that dir exists: /var/lib/mock/alma+epel-10-x86_64/root/proc
DEBUG util.py:636:  child environment: None
DEBUG util.py:558:  Executing command: ['/bin/mount', '-n', '-o', 'rbind', '/proc', '/var/lib/mock/alma+epel-10-x86_64/root/proc'] with env {'TERM': 'vt100', 'SHELL': '/bin/sh', 'HOME': '/builddir', 'HOSTNAME': 'mock', 'PATH': '/usr/bin:/bin:/usr/sbin:/sbin', 'LANG': 'C.UTF-8'} and shell False
DEBUG util.py:610:  Child return code was: 0
DEBUG util.py:636:  child environment: None
DEBUG util.py:558:  Executing command: ['/bin/mount', '-n', '-o', 'remount,nodev,noexec,nosuid,readonly,rprivate,rbind', '--target', '/var/lib/mock/alma+epel-10-x86_64/root/proc'] with env {'TERM': 'vt100', 'SHELL': '/bin/sh', 'HOME': '/builddir', 'HOSTNAME': 'mock', 'PATH': '/usr/bin:/bin:/usr/sbin:/sbin', 'LANG': 'C.UTF-8'} and shell False
DEBUG util.py:610:  Child return code was: 0
DEBUG file_util.py:17:  ensuring that dir exists: /var/lib/mock/alma+epel-10-x86_64/root/sys
DEBUG util.py:636:  child environment: None
DEBUG util.py:558:  Executing command: ['/bin/mount', '-n', '-t', 'tmpfs', '-o', 'rprivate,mode=0755', 'tmpfs', '/var/lib/mock/alma+epel-10-x86_64/root/sys'] with env {'TERM': 'vt100', 'SHELL': '/bin/sh', 'HOME': '/builddir', 'HOSTNAME': 'mock', 'PATH': '/usr/bin:/bin:/usr/sbin:/sbin', 'LANG': 'C.UTF-8'} and shell False
DEBUG util.py:610:  Child return code was: 0
DEBUG file_util.py:17:  ensuring that dir exists: /var/lib/mock/alma+epel-10-x86_64/root/sys
DEBUG util.py:636:  child environment: None
DEBUG util.py:558:  Executing command: ['/bin/mount', '-n', '-o', 'rbind', '/sys', '/var/lib/mock/alma+epel-10-x86_64/root/sys'] with env {'TERM': 'vt100', 'SHELL': '/bin/sh', 'HOME': '/builddir', 'HOSTNAME': 'mock', 'PATH': '/usr/bin:/bin:/usr/sbin:/sbin', 'LANG': 'C.UTF-8'} and shell False
DEBUG util.py:610:  Child return code was: 0
DEBUG util.py:636:  child environment: None
DEBUG util.py:558:  Executing command: ['/bin/mount', '-n', '-o', 'remount,nodev,noexec,nosuid,readonly,rprivate,rbind', '--target', '/var/lib/mock/alma+epel-10-x86_64/root/sys'] with env {'TERM': 'vt100', 'SHELL': '/bin/sh', 'HOME': '/builddir', 'HOSTNAME': 'mock', 'PATH': '/usr/bin:/bin:/usr/sbin:/sbin', 'LANG': 'C.UTF-8'} and shell False
DEBUG util.py:610:  Child return code was: 0
DEBUG file_util.py:17:  ensuring that dir exists: /var/lib/mock/alma+epel-10-x86_64/root/dev/shm
DEBUG util.py:636:  child environment: None
DEBUG util.py:558:  Executing command: ['/bin/mount', '-n', '-t', 'tmpfs', 'tmpfs', '/var/lib/mock/alma+epel-10-x86_64/root/dev/shm'] with env {'TERM': 'vt100', 'SHELL': '/bin/sh', 'HOME': '/builddir', 'HOSTNAME': 'mock', 'PATH': '/usr/bin:/bin:/usr/sbin:/sbin', 'LANG': 'C.UTF-8'} and shell False
DEBUG util.py:610:  Child return code was: 0
DEBUG file_util.py:17:  ensuring that dir exists: /var/lib/mock/alma+epel-10-x86_64/root/dev/pts
DEBUG util.py:636:  child environment: None
DEBUG util.py:558:  Executing command: ['/bin/mount', '-n', '-t', 'devpts', '-o', 'gid=5,mode=0620,ptmxmode=0666,newinstance', 'devpts', '/var/lib/mock/alma+epel-10-x86_64/root/dev/pts'] with env {'TERM': 'vt100', 'SHELL': '/bin/sh', 'HOME': '/builddir', 'HOSTNAME': 'mock', 'PATH': '/usr/bin:/bin:/usr/sbin:/sbin', 'LANG': 'C.UTF-8'} and shell False
DEBUG util.py:610:  Child return code was: 0
DEBUG file_util.py:17:  ensuring that dir exists: /var/lib/mock/alma+epel-10-x86_64-bootstrap/root/var/lib/mock/alma+epel-10-x86_64/root
DEBUG file_util.py:20:  created dir: /var/lib/mock/alma+epel-10-x86_64-bootstrap/root/var/lib/mock/alma+epel-10-x86_64/root
DEBUG util.py:636:  child environment: None
DEBUG util.py:558:  Executing command: ['/bin/mount', '-n', '-t', 'tmpfs', '-o', 'private,mode=0755', 'tmpfs', '/var/lib/mock/alma+epel-10-x86_64-bootstrap/root/var/lib/mock/alma+epel-10-x86_64/root'] with env {'TERM': 'vt100', 'SHELL': '/bin/sh', 'HOME': '/builddir', 'HOSTNAME': 'mock', 'PATH': '/usr/bin:/bin:/usr/sbin:/sbin', 'LANG': 'C.UTF-8'} and shell False
DEBUG util.py:610:  Child return code was: 0
DEBUG file_util.py:17:  ensuring that dir exists: /var/lib/mock/alma+epel-10-x86_64-bootstrap/root/var/lib/mock/alma+epel-10-x86_64/root
DEBUG util.py:636:  child environment: None
DEBUG util.py:558:  Executing command: ['/bin/mount', '-n', '-o', 'rbind', '/var/lib/mock/alma+epel-10-x86_64/root', '/var/lib/mock/alma+epel-10-x86_64-bootstrap/root/var/lib/mock/alma+epel-10-x86_64/root'] with env {'TERM': 'vt100', 'SHELL': '/bin/sh', 'HOME': '/builddir', 'HOSTNAME': 'mock', 'PATH': '/usr/bin:/bin:/usr/sbin:/sbin', 'LANG': 'C.UTF-8'} and shell False
DEBUG util.py:610:  Child return code was: 0
DEBUG util.py:636:  child environment: None
DEBUG util.py:558:  Executing command: ['/bin/mount', '-n', '-o', 'remount,private,rbind', '--target', '/var/lib/mock/alma+epel-10-x86_64-bootstrap/root/var/lib/mock/alma+epel-10-x86_64/root'] with env {'TERM': 'vt100', 'SHELL': '/bin/sh', 'HOME': '/builddir', 'HOSTNAME': 'mock', 'PATH': '/usr/bin:/bin:/usr/sbin:/sbin', 'LANG': 'C.UTF-8'} and shell False
DEBUG util.py:610:  Child return code was: 0
DEBUG file_util.py:17:  ensuring that dir exists: /var/lib/mock/alma+epel-10-x86_64/root/installation-homedir
DEBUG file_util.py:20:  created dir: /var/lib/mock/alma+epel-10-x86_64/root/installation-homedir
DEBUG package_manager.py:295:  ['/usr/bin/dnf-3', '--installroot', '/var/lib/mock/alma+epel-10-x86_64/root/', '--releasever', '10', '--setopt=deltarpm=False', '--setopt=allow_vendor_change=yes', '--allowerasing', '--disableplugin=local', '--disableplugin=spacewalk', '--disableplugin=versionlock', 'install', 'bash', 'bzip2', 'coreutils', 'cpio', 'diffutils', 'redhat-release', 'findutils', 'gawk', 'glibc-minimal-langpack', 'grep', 'gzip', 'info', 'patch', 'redhat-rpm-config', 'rpm-build', 'sed', 'tar', 'unzip', 'util-linux', 'which', 'xz', 'epel-rpm-macros']
DEBUG util.py:636:  child environment: None
DEBUG util.py:553:  Using nspawn with args ['--capability=cap_ipc_lock', '--bind=/tmp/mock-resolv.tv3e0mrh:/etc/resolv.conf']
DEBUG util.py:558:  Executing command: ['/usr/bin/systemd-nspawn', '-q', '-M', '049e6ed1cb32412db0f7eb12c7410d82', '-D', '/var/lib/mock/alma+epel-10-x86_64-bootstrap/root', '-a', '--capability=cap_ipc_lock', '--bind=/tmp/mock-resolv.tv3e0mrh:/etc/resolv.conf', '--console=pipe', '--setenv=TERM=vt100', '--setenv=SHELL=/bin/bash', '--setenv=HOME=/var/lib/mock/alma+epel-10-x86_64/root/installation-homedir', '--setenv=HOSTNAME=mock', '--setenv=PATH=/usr/bin:/bin:/usr/sbin:/sbin', '--setenv=PROMPT_COMMAND=printf "\\033]0;<mock-chroot>\\007"', '--setenv=PS1=<mock-chroot> \\s-\\v\\$ ', '--setenv=LANG=C.UTF-8', '--setenv=LC_MESSAGES=C.UTF-8', '--resolv-conf=off', '/usr/bin/dnf-3', '--installroot', '/var/lib/mock/alma+epel-10-x86_64/root/', '--releasever', '10', '--setopt=deltarpm=False', '--setopt=allow_vendor_change=yes', '--allowerasing', '--disableplugin=local', '--disableplugin=spacewalk', '--disableplugin=versionlock', 'install', 'bash', 'bzip2', 'coreutils', 'cpio', 'diffutils', 'redhat-release', 'findutils', 'gawk', 'glibc-minimal-langpack', 'grep', 'gzip', 'info', 'patch', 'redhat-rpm-config', 'rpm-build', 'sed', 'tar', 'unzip', 'util-linux', 'which', 'xz', 'epel-rpm-macros'] with env {'TERM': 'vt100', 'SHELL': '/bin/bash', 'HOME': '/var/lib/mock/alma+epel-10-x86_64/root/installation-homedir', 'HOSTNAME': 'mock', 'PATH': '/usr/bin:/bin:/usr/sbin:/sbin', 'PROMPT_COMMAND': 'printf "\\033]0;<mock-chroot>\\007"', 'PS1': '<mock-chroot> \\s-\\v\\$ ', 'LANG': 'C.UTF-8', 'LC_MESSAGES': 'C.UTF-8', 'SYSTEMD_NSPAWN_TMPFS_TMP': '0', 'SYSTEMD_SECCOMP': '0'} and shell False
DEBUG util.py:461:  No matches found for the following disable plugin patterns: local, spacewalk, versionlock
DEBUG util.py:463:  AlmaLinux 10 - BaseOS                                                                                                                                        4.0 MB/s |  19 MB     00:04    
DEBUG util.py:463:  AlmaLinux 10 - AppStream                                                                                                                                     1.0 MB/s | 2.3 MB     00:02    
DEBUG util.py:463:  AlmaLinux 10 - CRB                                                                                                                                           355 kB/s | 528 kB     00:01    
DEBUG util.py:463:  AlmaLinux 10 - Extras                                                                                                                                        9.8 kB/s |  12 kB     00:01    
DEBUG util.py:463:  Extra Packages for Enterprise Linux 10 - x86_64                                                                                                              2.9 MB/s | 5.7 MB     00:01    
DEBUG util.py:463:  Dependencies resolved.
DEBUG util.py:463:  =============================================================================================================================================================================================
DEBUG util.py:463:   Package                                               Architecture                     Version                                                    Repository                           Size
DEBUG util.py:463:  =============================================================================================================================================================================================
DEBUG util.py:463:  Installing:
DEBUG util.py:463:   almalinux-release                                     x86_64                           10.1-16.el10                                               baseos                               23 k
DEBUG util.py:463:   bash                                                  x86_64                           5.2.26-6.el10                                              baseos                              1.8 M
DEBUG util.py:463:   bzip2                                                 x86_64                           1.0.8-25.el10                                              baseos                               53 k
DEBUG util.py:463:   coreutils                                             x86_64                           9.5-6.el10                                                 baseos                              1.1 M
DEBUG util.py:463:   cpio                                                  x86_64                           2.15-3.el10                                                baseos                              295 k
DEBUG util.py:463:   diffutils                                             x86_64                           3.10-8.el10                                                baseos                              411 k
DEBUG util.py:463:   epel-rpm-macros                                       noarch                           10-7.el10_1                                                epel                                8.4 k
DEBUG util.py:463:   findutils                                             x86_64                           1:4.10.0-5.el10                                            baseos                              553 k
DEBUG util.py:463:   gawk                                                  x86_64                           5.3.0-6.el10                                               baseos                              1.1 M
DEBUG util.py:463:   glibc-minimal-langpack                                x86_64                           2.39-58.el10_1.7.alma.1                                    baseos                               27 k
DEBUG util.py:463:   grep                                                  x86_64                           3.11-10.el10                                               baseos                              304 k
DEBUG util.py:463:   gzip                                                  x86_64                           1.13-3.el10                                                baseos                              173 k
DEBUG util.py:463:   info                                                  x86_64                           7.1-6.el10                                                 baseos                              177 k
DEBUG util.py:463:   patch                                                 x86_64                           2.7.6-26.el10                                              appstream                           128 k
DEBUG util.py:463:   redhat-rpm-config                                     noarch                           293-1.el10.alma.2                                          appstream                            68 k
DEBUG util.py:463:   rpm-build                                             x86_64                           4.19.1.1-20.el10.alma.1                                    appstream                            66 k
DEBUG util.py:463:   sed                                                   x86_64                           4.9-3.el10                                                 baseos                              321 k
DEBUG util.py:463:   tar                                                   x86_64                           2:1.35-9.el10_1                                            baseos                              856 k
DEBUG util.py:463:   unzip                                                 x86_64                           6.0-69.el10                                                baseos                              188 k
DEBUG util.py:463:   util-linux                                            x86_64                           2.40.2-15.el10_1                                           baseos                              1.2 M
DEBUG util.py:463:   which                                                 x86_64                           2.21-44.el10_0                                             baseos                               41 k
DEBUG util.py:463:   xz                                                    x86_64                           1:5.6.2-4.el10_0                                           baseos                              476 k
DEBUG util.py:463:  Installing dependencies:
DEBUG util.py:463:   R-srpm-macros                                         noarch                           1.3.7-1.el10_1                                             epel                                 11 k
DEBUG util.py:463:   almalinux-gpg-keys                                    x86_64                           10.1-16.el10                                               baseos                              8.8 k
DEBUG util.py:463:   almalinux-repos                                       x86_64                           10.1-16.el10                                               baseos                              9.6 k
DEBUG util.py:463:   alternatives                                          x86_64                           1.30-2.el10                                                baseos                               41 k
DEBUG util.py:463:   ansible-srpm-macros                                   noarch                           1-16.1.el10_0                                              epel                                 20 k
DEBUG util.py:463:   audit-libs                                            x86_64                           4.0.3-4.el10                                               baseos                              132 k
DEBUG util.py:463:   authselect                                            x86_64                           1.5.0-8.el10                                               baseos                              147 k
DEBUG util.py:463:   authselect-libs                                       x86_64                           1.5.0-8.el10                                               baseos                              219 k
DEBUG util.py:463:   basesystem                                            noarch                           11-22.el10                                                 baseos                              7.2 k
DEBUG util.py:463:   binutils                                              x86_64                           2.41-58.el10_1.2.alma.1                                    baseos                              6.3 M
DEBUG util.py:463:   binutils-gold                                         x86_64                           2.41-58.el10_1.2.alma.1                                    baseos                              792 k
DEBUG util.py:463:   bzip2-libs                                            x86_64                           1.0.8-25.el10                                              baseos                               42 k
DEBUG util.py:463:   ca-certificates                                       noarch                           2025.2.80_v9.0.305-102.el10_1                              baseos                              973 k
DEBUG util.py:463:   coreutils-common                                      x86_64                           9.5-6.el10                                                 baseos                              2.1 M
DEBUG util.py:463:   cracklib                                              x86_64                           2.9.11-8.el10                                              baseos                               97 k
DEBUG util.py:463:   cracklib-dicts                                        x86_64                           2.9.11-8.el10                                              baseos                              3.6 M
DEBUG util.py:463:   crypto-policies                                       noarch                           20250905-2.gitc7eb7b2.el10_1.1                             baseos                               66 k
DEBUG util.py:463:   curl                                                  x86_64                           8.12.1-2.el10_1.2                                          baseos                              218 k
DEBUG util.py:463:   cyrus-sasl-lib                                        x86_64                           2.1.28-29.el10                                             baseos                              101 k
DEBUG util.py:463:   debugedit                                             x86_64                           5.1-8.el10                                                 appstream                            79 k
DEBUG util.py:463:   dwz                                                   x86_64                           0.16-1.el10                                                appstream                           139 k
DEBUG util.py:463:   ed                                                    x86_64                           1.20-5.el10                                                baseos                               81 k
DEBUG util.py:463:   efi-srpm-macros                                       noarch                           6-6.el10.alma.1                                            appstream                            23 k
DEBUG util.py:463:   elfutils                                              x86_64                           0.193-1.el10                                               baseos                              566 k
DEBUG util.py:463:   elfutils-debuginfod-client                            x86_64                           0.193-1.el10                                               baseos                               46 k
DEBUG util.py:463:   elfutils-default-yama-scope                           noarch                           0.193-1.el10                                               baseos                               12 k
DEBUG util.py:463:   elfutils-libelf                                       x86_64                           0.193-1.el10                                               baseos                              207 k
DEBUG util.py:463:   elfutils-libs                                         x86_64                           0.193-1.el10                                               baseos                              269 k
DEBUG util.py:463:   file                                                  x86_64                           5.45-8.el10                                                baseos                               48 k
DEBUG util.py:463:   file-libs                                             x86_64                           5.45-8.el10                                                baseos                              763 k
DEBUG util.py:463:   filesystem                                            x86_64                           3.18-17.el10                                               baseos                              1.1 M
DEBUG util.py:463:   fonts-srpm-macros                                     noarch                           1:2.0.5-18.el10                                            appstream                            26 k
DEBUG util.py:463:   forge-srpm-macros                                     noarch                           0.4.0-6.el10                                               appstream                            20 k
DEBUG util.py:463:   fpc-srpm-macros                                       noarch                           1.3-7.el10_1                                               epel                                7.8 k
DEBUG util.py:463:   gdb-minimal                                           x86_64                           16.3-2.el10                                                appstream                           4.3 M
DEBUG util.py:463:   gdbm                                                  x86_64                           1:1.23-12.el10_0                                           baseos                              154 k
DEBUG util.py:463:   gdbm-libs                                             x86_64                           1:1.23-12.el10_0                                           baseos                               56 k
DEBUG util.py:463:   ghc-srpm-macros                                       noarch                           1.9.2-1.el10_0                                             epel                                9.1 k
DEBUG util.py:463:   glibc                                                 x86_64                           2.39-58.el10_1.7.alma.1                                    baseos                              2.1 M
DEBUG util.py:463:   glibc-common                                          x86_64                           2.39-58.el10_1.7.alma.1                                    baseos                              307 k
DEBUG util.py:463:   glibc-gconv-extra                                     x86_64                           2.39-58.el10_1.7.alma.1                                    baseos                              1.5 M
DEBUG util.py:463:   gmp                                                   x86_64                           1:6.2.1-12.el10                                            baseos                              315 k
DEBUG util.py:463:   go-srpm-macros                                        noarch                           3.6.0-7.el10_1                                             appstream                            26 k
DEBUG util.py:463:   jansson                                               x86_64                           2.14-3.el10                                                baseos                               45 k
DEBUG util.py:463:   json-c                                                x86_64                           0.18-3.el10                                                baseos                               44 k
DEBUG util.py:463:   kernel-srpm-macros                                    noarch                           1.0-25.el10                                                appstream                           9.7 k
DEBUG util.py:463:   keyutils-libs                                         x86_64                           1.6.3-5.el10                                               baseos                               30 k
DEBUG util.py:463:   krb5-libs                                             x86_64                           1.21.3-8.el10_0                                            baseos                              755 k
DEBUG util.py:463:   libacl                                                x86_64                           2.3.2-4.el10                                               baseos                               24 k
DEBUG util.py:463:   libarchive                                            x86_64                           3.7.7-5.el10_1                                             baseos                              414 k
DEBUG util.py:463:   libattr                                               x86_64                           2.5.2-5.el10                                               baseos                               18 k
DEBUG util.py:463:   libblkid                                              x86_64                           2.40.2-15.el10_1                                           baseos                              124 k
DEBUG util.py:463:   libbrotli                                             x86_64                           1.1.0-7.el10_1                                             baseos                              343 k
DEBUG util.py:463:   libcap                                                x86_64                           2.69-7.el10                                                baseos                               89 k
DEBUG util.py:463:   libcap-ng                                             x86_64                           0.8.4-6.el10                                               baseos                               32 k
DEBUG util.py:463:   libcom_err                                            x86_64                           1.47.1-4.el10                                              baseos                               26 k
DEBUG util.py:463:   libcurl                                               x86_64                           8.12.1-2.el10_1.2                                          baseos                              369 k
DEBUG util.py:463:   libeconf                                              x86_64                           0.6.2-4.el10                                               baseos                               32 k
DEBUG util.py:463:   libevent                                              x86_64                           2.1.12-16.el10                                             baseos                              258 k
DEBUG util.py:463:   libfdisk                                              x86_64                           2.40.2-15.el10_1                                           baseos                              159 k
DEBUG util.py:463:   libffi                                                x86_64                           3.4.4-10.el10                                              baseos                               39 k
DEBUG util.py:463:   libgcc                                                x86_64                           14.3.1-2.1.el10.alma.1                                     baseos                              144 k
DEBUG util.py:463:   libgomp                                               x86_64                           14.3.1-2.1.el10.alma.1                                     baseos                              367 k
DEBUG util.py:463:   libidn2                                               x86_64                           2.3.7-3.el10                                               baseos                              121 k
DEBUG util.py:463:   libmount                                              x86_64                           2.40.2-15.el10_1                                           baseos                              155 k
DEBUG util.py:463:   libnghttp2                                            x86_64                           1.64.0-2.el10                                              baseos                               77 k
DEBUG util.py:463:   libpkgconf                                            x86_64                           2.1.0-3.el10                                               baseos                               38 k
DEBUG util.py:463:   libpsl                                                x86_64                           0.21.5-6.el10                                              baseos                               64 k
DEBUG util.py:463:   libpwquality                                          x86_64                           1.4.5-12.el10                                              baseos                              123 k
DEBUG util.py:463:   libselinux                                            x86_64                           3.9-1.el10                                                 baseos                               97 k
DEBUG util.py:463:   libsemanage                                           x86_64                           3.9-1.el10                                                 baseos                              122 k
DEBUG util.py:463:   libsepol                                              x86_64                           3.9-1.el10                                                 baseos                              348 k
DEBUG util.py:463:   libsmartcols                                          x86_64                           2.40.2-15.el10_1                                           baseos                               83 k
DEBUG util.py:463:   libssh                                                x86_64                           0.11.1-5.el10_1                                            baseos                              232 k
DEBUG util.py:463:   libssh-config                                         noarch                           0.11.1-5.el10_1                                            baseos                              8.6 k
DEBUG util.py:463:   libstdc++                                             x86_64                           14.3.1-2.1.el10.alma.1                                     baseos                              921 k
DEBUG util.py:463:   libtasn1                                              x86_64                           4.20.0-1.el10                                              baseos                               74 k
DEBUG util.py:463:   libunistring                                          x86_64                           1.1-10.el10                                                baseos                              546 k
DEBUG util.py:463:   libutempter                                           x86_64                           1.2.1-15.el10                                              baseos                               26 k
DEBUG util.py:463:   libuuid                                               x86_64                           2.40.2-15.el10_1                                           baseos                               28 k
DEBUG util.py:463:   libverto                                              x86_64                           0.3.2-10.el10                                              baseos                               20 k
DEBUG util.py:463:   libxcrypt                                             x86_64                           4.4.36-10.el10                                             baseos                              119 k
DEBUG util.py:463:   libxml2                                               x86_64                           2.12.5-9.el10_0                                            baseos                              689 k
DEBUG util.py:463:   libzstd                                               x86_64                           1.5.5-9.el10                                               baseos                              294 k
DEBUG util.py:463:   lua-libs                                              x86_64                           5.4.6-7.el10                                               baseos                              131 k
DEBUG util.py:463:   lua-srpm-macros                                       noarch                           1-15.el10                                                  appstream                           8.7 k
DEBUG util.py:463:   lz4-libs                                              x86_64                           1.9.4-8.el10                                               baseos                               67 k
DEBUG util.py:463:   mpfr                                                  x86_64                           4.2.1-5.el10                                               baseos                              347 k
DEBUG util.py:463:   ncurses-base                                          noarch                           6.4-15.20240127.el10_1                                     baseos                               62 k
DEBUG util.py:463:   ncurses-libs                                          x86_64                           6.4-15.20240127.el10_1                                     baseos                              331 k
DEBUG util.py:463:   ocaml-srpm-macros                                     noarch                           10-4.el10                                                  appstream                           9.0 k
DEBUG util.py:463:   openblas-srpm-macros                                  noarch                           2-19.el10                                                  appstream                           7.6 k
DEBUG util.py:463:   openldap                                              x86_64                           2.6.9-1.el10                                               baseos                              222 k
DEBUG util.py:463:   openssl-fips-provider                                 x86_64                           1:3.5.1-7.el10_1.alma.1                                    baseos                              811 k
DEBUG util.py:463:   openssl-libs                                          x86_64                           1:3.5.1-7.el10_1.alma.1                                    baseos                              2.2 M
DEBUG util.py:463:   p11-kit                                               x86_64                           0.25.5-7.el10                                              baseos                              499 k
DEBUG util.py:463:   p11-kit-trust                                         x86_64                           0.25.5-7.el10                                              baseos                              133 k
DEBUG util.py:463:   package-notes-srpm-macros                             noarch                           0.5-13.el10                                                appstream                           9.1 k
DEBUG util.py:463:   pam                                                   x86_64                           1.6.1-8.el10                                               baseos                              512 k
DEBUG util.py:463:   pam-libs                                              x86_64                           1.6.1-8.el10                                               baseos                               57 k
DEBUG util.py:463:   pcre2                                                 x86_64                           10.44-1.el10.3                                             baseos                              245 k
DEBUG util.py:463:   pcre2-syntax                                          noarch                           10.44-1.el10.3                                             baseos                              154 k
DEBUG util.py:463:   perl-srpm-macros                                      noarch                           1-57.el10                                                  appstream                           8.4 k
DEBUG util.py:463:   pkgconf                                               x86_64                           2.1.0-3.el10                                               baseos                               43 k
DEBUG util.py:463:   pkgconf-m4                                            noarch                           2.1.0-3.el10                                               baseos                               14 k
DEBUG util.py:463:   pkgconf-pkg-config                                    x86_64                           2.1.0-3.el10                                               baseos                              9.7 k
DEBUG util.py:463:   popt                                                  x86_64                           1.19-8.el10                                                baseos                               69 k
DEBUG util.py:463:   publicsuffix-list-dafsa                               noarch                           20240107-5.el10                                            baseos                               58 k
DEBUG util.py:463:   pyproject-srpm-macros                                 noarch                           1.16.2-1.el10                                              appstream                            14 k
DEBUG util.py:463:   python-srpm-macros                                    noarch                           3.12-10.el10                                               appstream                            23 k
DEBUG util.py:463:   qt6-srpm-macros                                       noarch                           6.9.1-1.el10                                               appstream                           9.5 k
DEBUG util.py:463:   readline                                              x86_64                           8.2-11.el10                                                baseos                              214 k
DEBUG util.py:463:   rpm                                                   x86_64                           4.19.1.1-20.el10.alma.1                                    baseos                              504 k
DEBUG util.py:463:   rpm-build-libs                                        x86_64                           4.19.1.1-20.el10.alma.1                                    baseos                               93 k
DEBUG util.py:463:   rpm-libs                                              x86_64                           4.19.1.1-20.el10.alma.1                                    baseos                              309 k
DEBUG util.py:463:   rpm-sequoia                                           x86_64                           1.9.0.3-1.el10_1                                           baseos                              963 k
DEBUG util.py:463:   rust-toolset-srpm-macros                              noarch                           1.88.0-1.el10.alma.1                                       appstream                            12 k
DEBUG util.py:463:   setup                                                 noarch                           2.14.5-7.el10                                              baseos                              147 k
DEBUG util.py:463:   shadow-utils                                          x86_64                           2:4.15.0-10.el10_1                                         baseos                              1.3 M
DEBUG util.py:463:   sqlite-libs                                           x86_64                           3.46.1-5.el10_1                                            baseos                              746 k
DEBUG util.py:463:   systemd-libs                                          x86_64                           257-13.el10.alma.1                                         baseos                              814 k
DEBUG util.py:463:   util-linux-core                                       x86_64                           2.40.2-15.el10_1                                           baseos                              520 k
DEBUG util.py:463:   xz-libs                                               x86_64                           1:5.6.2-4.el10_0                                           baseos                              111 k
DEBUG util.py:463:   zip                                                   x86_64                           3.0-45.el10                                                baseos                              268 k
DEBUG util.py:463:   zlib-ng-compat                                        x86_64                           2.2.3-3.el10_1                                             baseos                               76 k
DEBUG util.py:463:   zstd                                                  x86_64                           1.5.5-9.el10                                               baseos                              464 k
DEBUG util.py:463:  Transaction Summary
DEBUG util.py:463:  =============================================================================================================================================================================================
DEBUG util.py:463:  Install  148 Packages
DEBUG util.py:463:  Total download size: 56 M
DEBUG util.py:463:  Installed size: 187 M
DEBUG util.py:463:  Downloading Packages:
DEBUG util.py:463:  (1/148): almalinux-gpg-keys-10.1-16.el10.x86_64.rpm                                                                                                           52 kB/s | 8.8 kB     00:00    
DEBUG util.py:463:  (2/148): almalinux-repos-10.1-16.el10.x86_64.rpm                                                                                                              55 kB/s | 9.6 kB     00:00    
DEBUG util.py:463:  (3/148): almalinux-release-10.1-16.el10.x86_64.rpm                                                                                                           112 kB/s |  23 kB     00:00    
DEBUG util.py:463:  (4/148): alternatives-1.30-2.el10.x86_64.rpm                                                                                                                 388 kB/s |  41 kB     00:00    
DEBUG util.py:463:  (5/148): audit-libs-4.0.3-4.el10.x86_64.rpm                                                                                                                  913 kB/s | 132 kB     00:00    
DEBUG util.py:463:  (6/148): authselect-1.5.0-8.el10.x86_64.rpm                                                                                                                  906 kB/s | 147 kB     00:00    
DEBUG util.py:463:  (7/148): basesystem-11-22.el10.noarch.rpm                                                                                                                    133 kB/s | 7.2 kB     00:00    
DEBUG util.py:463:  (8/148): authselect-libs-1.5.0-8.el10.x86_64.rpm                                                                                                             1.4 MB/s | 219 kB     00:00    
DEBUG util.py:463:  (9/148): binutils-gold-2.41-58.el10_1.2.alma.1.x86_64.rpm                                                                                                    2.8 MB/s | 792 kB     00:00    
DEBUG util.py:463:  (10/148): bzip2-1.0.8-25.el10.x86_64.rpm                                                                                                                     726 kB/s |  53 kB     00:00    
DEBUG util.py:463:  (11/148): bzip2-libs-1.0.8-25.el10.x86_64.rpm                                                                                                                763 kB/s |  42 kB     00:00    
DEBUG util.py:463:  (12/148): ca-certificates-2025.2.80_v9.0.305-102.el10_1.noarch.rpm                                                                                           3.3 MB/s | 973 kB     00:00    
DEBUG util.py:463:  (13/148): bash-5.2.26-6.el10.x86_64.rpm                                                                                                                      2.2 MB/s | 1.8 MB     00:00    
DEBUG util.py:463:  (14/148): coreutils-9.5-6.el10.x86_64.rpm                                                                                                                    3.2 MB/s | 1.1 MB     00:00    
DEBUG util.py:463:  (15/148): cpio-2.15-3.el10.x86_64.rpm                                                                                                                        2.0 MB/s | 295 kB     00:00    
DEBUG util.py:463:  (16/148): cracklib-2.9.11-8.el10.x86_64.rpm                                                                                                                  950 kB/s |  97 kB     00:00    
DEBUG util.py:463:  (17/148): binutils-2.41-58.el10_1.2.alma.1.x86_64.rpm                                                                                                        4.3 MB/s | 6.3 MB     00:01    
DEBUG util.py:463:  (18/148): coreutils-common-9.5-6.el10.x86_64.rpm                                                                                                             2.9 MB/s | 2.1 MB     00:00    
DEBUG util.py:463:  (19/148): crypto-policies-20250905-2.gitc7eb7b2.el10_1.1.noarch.rpm                                                                                          789 kB/s |  66 kB     00:00    
DEBUG util.py:463:  (20/148): curl-8.12.1-2.el10_1.2.x86_64.rpm                                                                                                                  2.4 MB/s | 218 kB     00:00    
DEBUG util.py:463:  (21/148): cyrus-sasl-lib-2.1.28-29.el10.x86_64.rpm                                                                                                           1.1 MB/s | 101 kB     00:00    
DEBUG util.py:463:  (22/148): ed-1.20-5.el10.x86_64.rpm                                                                                                                          903 kB/s |  81 kB     00:00    
DEBUG util.py:463:  (23/148): diffutils-3.10-8.el10.x86_64.rpm                                                                                                                   3.0 MB/s | 411 kB     00:00    
DEBUG util.py:463:  (24/148): elfutils-debuginfod-client-0.193-1.el10.x86_64.rpm                                                                                                 493 kB/s |  46 kB     00:00    
DEBUG util.py:463:  (25/148): elfutils-0.193-1.el10.x86_64.rpm                                                                                                                   3.5 MB/s | 566 kB     00:00    
DEBUG util.py:463:  (26/148): elfutils-default-yama-scope-0.193-1.el10.noarch.rpm                                                                                                212 kB/s |  12 kB     00:00    
DEBUG util.py:463:  (27/148): cracklib-dicts-2.9.11-8.el10.x86_64.rpm                                                                                                            5.5 MB/s | 3.6 MB     00:00    
DEBUG util.py:463:  (28/148): elfutils-libelf-0.193-1.el10.x86_64.rpm                                                                                                            1.8 MB/s | 207 kB     00:00    
DEBUG util.py:463:  (29/148): file-5.45-8.el10.x86_64.rpm                                                                                                                        623 kB/s |  48 kB     00:00    
DEBUG util.py:463:  (30/148): elfutils-libs-0.193-1.el10.x86_64.rpm                                                                                                              1.6 MB/s | 269 kB     00:00    
DEBUG util.py:463:  (31/148): file-libs-5.45-8.el10.x86_64.rpm                                                                                                                   3.2 MB/s | 763 kB     00:00    
DEBUG util.py:463:  (32/148): findutils-4.10.0-5.el10.x86_64.rpm                                                                                                                 3.2 MB/s | 553 kB     00:00    
DEBUG util.py:463:  (33/148): filesystem-3.18-17.el10.x86_64.rpm                                                                                                                 4.6 MB/s | 1.1 MB     00:00    
DEBUG util.py:463:  (34/148): gdbm-1.23-12.el10_0.x86_64.rpm                                                                                                                     1.5 MB/s | 154 kB     00:00    
DEBUG util.py:463:  (35/148): gdbm-libs-1.23-12.el10_0.x86_64.rpm                                                                                                                638 kB/s |  56 kB     00:00    
DEBUG util.py:463:  (36/148): gawk-5.3.0-6.el10.x86_64.rpm                                                                                                                       5.8 MB/s | 1.1 MB     00:00    
DEBUG util.py:463:  (37/148): glibc-common-2.39-58.el10_1.7.alma.1.x86_64.rpm                                                                                                    2.6 MB/s | 307 kB     00:00    
DEBUG util.py:463:  (38/148): glibc-minimal-langpack-2.39-58.el10_1.7.alma.1.x86_64.rpm                                                                                          325 kB/s |  27 kB     00:00    
DEBUG util.py:463:  (39/148): gmp-6.2.1-12.el10.x86_64.rpm                                                                                                                       2.2 MB/s | 315 kB     00:00    
DEBUG util.py:463:  (40/148): glibc-gconv-extra-2.39-58.el10_1.7.alma.1.x86_64.rpm                                                                                               4.2 MB/s | 1.5 MB     00:00    
DEBUG util.py:463:  (41/148): grep-3.11-10.el10.x86_64.rpm                                                                                                                       3.5 MB/s | 304 kB     00:00    
DEBUG util.py:463:  (42/148): glibc-2.39-58.el10_1.7.alma.1.x86_64.rpm                                                                                                           4.0 MB/s | 2.1 MB     00:00    
DEBUG util.py:463:  (43/148): gzip-1.13-3.el10.x86_64.rpm                                                                                                                        1.7 MB/s | 173 kB     00:00    
DEBUG util.py:463:  (44/148): info-7.1-6.el10.x86_64.rpm                                                                                                                         2.3 MB/s | 177 kB     00:00    
DEBUG util.py:463:  (45/148): jansson-2.14-3.el10.x86_64.rpm                                                                                                                     859 kB/s |  45 kB     00:00    
DEBUG util.py:463:  (46/148): json-c-0.18-3.el10.x86_64.rpm                                                                                                                      627 kB/s |  44 kB     00:00    
DEBUG util.py:463:  (47/148): keyutils-libs-1.6.3-5.el10.x86_64.rpm                                                                                                              433 kB/s |  30 kB     00:00    
DEBUG util.py:463:  (48/148): libacl-2.3.2-4.el10.x86_64.rpm                                                                                                                     414 kB/s |  24 kB     00:00    
DEBUG util.py:463:  (49/148): libarchive-3.7.7-5.el10_1.x86_64.rpm                                                                                                               4.3 MB/s | 414 kB     00:00    
DEBUG util.py:463:  (50/148): krb5-libs-1.21.3-8.el10_0.x86_64.rpm                                                                                                               4.8 MB/s | 755 kB     00:00    
DEBUG util.py:463:  (51/148): libattr-2.5.2-5.el10.x86_64.rpm                                                                                                                    237 kB/s |  18 kB     00:00    
DEBUG util.py:463:  (52/148): libblkid-2.40.2-15.el10_1.x86_64.rpm                                                                                                               1.5 MB/s | 124 kB     00:00    
DEBUG util.py:463:  (53/148): libcap-2.69-7.el10.x86_64.rpm                                                                                                                      1.1 MB/s |  89 kB     00:00    
DEBUG util.py:463:  (54/148): libbrotli-1.1.0-7.el10_1.x86_64.rpm                                                                                                                3.3 MB/s | 343 kB     00:00    
DEBUG util.py:463:  (55/148): libcap-ng-0.8.4-6.el10.x86_64.rpm                                                                                                                  492 kB/s |  32 kB     00:00    
DEBUG util.py:463:  (56/148): libcom_err-1.47.1-4.el10.x86_64.rpm                                                                                                                537 kB/s |  26 kB     00:00    
DEBUG util.py:463:  (57/148): libcurl-8.12.1-2.el10_1.2.x86_64.rpm                                                                                                               3.9 MB/s | 369 kB     00:00    
DEBUG util.py:463:  (58/148): libeconf-0.6.2-4.el10.x86_64.rpm                                                                                                                   406 kB/s |  32 kB     00:00    
DEBUG util.py:463:  (59/148): libevent-2.1.12-16.el10.x86_64.rpm                                                                                                                 2.0 MB/s | 258 kB     00:00    
DEBUG util.py:463:  (60/148): libffi-3.4.4-10.el10.x86_64.rpm                                                                                                                    587 kB/s |  39 kB     00:00    
DEBUG util.py:463:  (61/148): libfdisk-2.40.2-15.el10_1.x86_64.rpm                                                                                                               1.9 MB/s | 159 kB     00:00    
DEBUG util.py:463:  (62/148): libgcc-14.3.1-2.1.el10.alma.1.x86_64.rpm                                                                                                           2.5 MB/s | 144 kB     00:00    
DEBUG util.py:463:  (63/148): libgomp-14.3.1-2.1.el10.alma.1.x86_64.rpm                                                                                                          4.0 MB/s | 367 kB     00:00    
DEBUG util.py:463:  (64/148): libidn2-2.3.7-3.el10.x86_64.rpm                                                                                                                    1.3 MB/s | 121 kB     00:00    
DEBUG util.py:463:  (65/148): libmount-2.40.2-15.el10_1.x86_64.rpm                                                                                                               1.7 MB/s | 155 kB     00:00    
DEBUG util.py:463:  (66/148): libpkgconf-2.1.0-3.el10.x86_64.rpm                                                                                                                 735 kB/s |  38 kB     00:00    
DEBUG util.py:463:  (67/148): libnghttp2-1.64.0-2.el10.x86_64.rpm                                                                                                                1.1 MB/s |  77 kB     00:00    
DEBUG util.py:463:  (68/148): libpsl-0.21.5-6.el10.x86_64.rpm                                                                                                                    1.0 MB/s |  64 kB     00:00    
DEBUG util.py:463:  (69/148): libpwquality-1.4.5-12.el10.x86_64.rpm                                                                                                              1.8 MB/s | 123 kB     00:00    
DEBUG util.py:463:  (70/148): libselinux-3.9-1.el10.x86_64.rpm                                                                                                                   1.6 MB/s |  97 kB     00:00    
DEBUG util.py:463:  (71/148): libsemanage-3.9-1.el10.x86_64.rpm                                                                                                                  2.2 MB/s | 122 kB     00:00    
DEBUG util.py:463:  (72/148): libsmartcols-2.40.2-15.el10_1.x86_64.rpm                                                                                                           1.6 MB/s |  83 kB     00:00    
DEBUG util.py:463:  (73/148): libsepol-3.9-1.el10.x86_64.rpm                                                                                                                     3.8 MB/s | 348 kB     00:00    
DEBUG util.py:463:  (74/148): libssh-0.11.1-5.el10_1.x86_64.rpm                                                                                                                  2.7 MB/s | 232 kB     00:00    
DEBUG util.py:463:  (75/148): libssh-config-0.11.1-5.el10_1.noarch.rpm                                                                                                           114 kB/s | 8.6 kB     00:00    
DEBUG util.py:463:  (76/148): libtasn1-4.20.0-1.el10.x86_64.rpm                                                                                                                  610 kB/s |  74 kB     00:00    
DEBUG util.py:463:  (77/148): libstdc++-14.3.1-2.1.el10.alma.1.x86_64.rpm                                                                                                        2.0 MB/s | 921 kB     00:00    
DEBUG util.py:463:  (78/148): libutempter-1.2.1-15.el10.x86_64.rpm                                                                                                                88 kB/s |  26 kB     00:00    
DEBUG util.py:463:  (79/148): libunistring-1.1-10.el10.x86_64.rpm                                                                                                                1.1 MB/s | 546 kB     00:00    
DEBUG util.py:463:  (80/148): libuuid-2.40.2-15.el10_1.x86_64.rpm                                                                                                                384 kB/s |  28 kB     00:00    
DEBUG util.py:463:  (81/148): libverto-0.3.2-10.el10.x86_64.rpm                                                                                                                  271 kB/s |  20 kB     00:00    
DEBUG util.py:463:  (82/148): libxcrypt-4.4.36-10.el10.x86_64.rpm                                                                                                                1.4 MB/s | 119 kB     00:00    
DEBUG util.py:463:  (83/148): libzstd-1.5.5-9.el10.x86_64.rpm                                                                                                                    2.8 MB/s | 294 kB     00:00    
DEBUG util.py:463:  (84/148): libxml2-2.12.5-9.el10_0.x86_64.rpm                                                                                                                 4.7 MB/s | 689 kB     00:00    
DEBUG util.py:463:  (85/148): lua-libs-5.4.6-7.el10.x86_64.rpm                                                                                                                   1.9 MB/s | 131 kB     00:00    
DEBUG util.py:463:  (86/148): lz4-libs-1.9.4-8.el10.x86_64.rpm                                                                                                                   999 kB/s |  67 kB     00:00    
DEBUG util.py:463:  (87/148): ncurses-base-6.4-15.20240127.el10_1.noarch.rpm                                                                                                     1.1 MB/s |  62 kB     00:00    
DEBUG util.py:463:  (88/148): mpfr-4.2.1-5.el10.x86_64.rpm                                                                                                                       3.0 MB/s | 347 kB     00:00    
DEBUG util.py:463:  (89/148): ncurses-libs-6.4-15.20240127.el10_1.x86_64.rpm                                                                                                     3.2 MB/s | 331 kB     00:00    
DEBUG util.py:463:  (90/148): openldap-2.6.9-1.el10.x86_64.rpm                                                                                                                   2.4 MB/s | 222 kB     00:00    
DEBUG util.py:463:  (91/148): openssl-fips-provider-3.5.1-7.el10_1.alma.1.x86_64.rpm                                                                                             3.3 MB/s | 811 kB     00:00    
DEBUG util.py:463:  (92/148): p11-kit-0.25.5-7.el10.x86_64.rpm                                                                                                                   1.8 MB/s | 499 kB     00:00    
DEBUG util.py:463:  (93/148): p11-kit-trust-0.25.5-7.el10.x86_64.rpm                                                                                                             1.2 MB/s | 133 kB     00:00    
DEBUG util.py:463:  (94/148): openssl-libs-3.5.1-7.el10_1.alma.1.x86_64.rpm                                                                                                      5.9 MB/s | 2.2 MB     00:00    
DEBUG util.py:463:  (95/148): pam-libs-1.6.1-8.el10.x86_64.rpm                                                                                                                   778 kB/s |  57 kB     00:00    
DEBUG util.py:463:  (96/148): pam-1.6.1-8.el10.x86_64.rpm                                                                                                                        3.3 MB/s | 512 kB     00:00    
DEBUG util.py:463:  (97/148): pcre2-10.44-1.el10.3.x86_64.rpm                                                                                                                    3.4 MB/s | 245 kB     00:00    
DEBUG util.py:463:  (98/148): pcre2-syntax-10.44-1.el10.3.noarch.rpm                                                                                                             2.1 MB/s | 154 kB     00:00    
DEBUG util.py:463:  (99/148): pkgconf-2.1.0-3.el10.x86_64.rpm                                                                                                                    706 kB/s |  43 kB     00:00    
DEBUG util.py:463:  (100/148): pkgconf-m4-2.1.0-3.el10.noarch.rpm                                                                                                                249 kB/s |  14 kB     00:00    
DEBUG util.py:463:  (101/148): pkgconf-pkg-config-2.1.0-3.el10.x86_64.rpm                                                                                                        157 kB/s | 9.7 kB     00:00    
DEBUG util.py:463:  (102/148): popt-1.19-8.el10.x86_64.rpm                                                                                                                       981 kB/s |  69 kB     00:00    
DEBUG util.py:463:  (103/148): publicsuffix-list-dafsa-20240107-5.el10.noarch.rpm                                                                                                863 kB/s |  58 kB     00:00    
DEBUG util.py:463:  (104/148): readline-8.2-11.el10.x86_64.rpm                                                                                                                   2.7 MB/s | 214 kB     00:00    
DEBUG util.py:463:  (105/148): rpm-build-libs-4.19.1.1-20.el10.alma.1.x86_64.rpm                                                                                                 1.1 MB/s |  93 kB     00:00    
DEBUG util.py:463:  (106/148): rpm-4.19.1.1-20.el10.alma.1.x86_64.rpm                                                                                                            4.5 MB/s | 504 kB     00:00    
DEBUG util.py:463:  (107/148): rpm-libs-4.19.1.1-20.el10.alma.1.x86_64.rpm                                                                                                       2.5 MB/s | 309 kB     00:00    
DEBUG util.py:463:  (108/148): sed-4.9-3.el10.x86_64.rpm                                                                                                                         2.5 MB/s | 321 kB     00:00    
DEBUG util.py:463:  (109/148): setup-2.14.5-7.el10.noarch.rpm                                                                                                                    1.4 MB/s | 147 kB     00:00    
DEBUG util.py:463:  (110/148): rpm-sequoia-1.9.0.3-1.el10_1.x86_64.rpm                                                                                                           4.7 MB/s | 963 kB     00:00    
DEBUG util.py:463:  (111/148): sqlite-libs-3.46.1-5.el10_1.x86_64.rpm                                                                                                            3.5 MB/s | 746 kB     00:00    
DEBUG util.py:463:  (112/148): systemd-libs-257-13.el10.alma.1.x86_64.rpm                                                                                                        3.4 MB/s | 814 kB     00:00    
DEBUG util.py:463:  (113/148): shadow-utils-4.15.0-10.el10_1.x86_64.rpm                                                                                                          3.9 MB/s | 1.3 MB     00:00    
DEBUG util.py:463:  (114/148): unzip-6.0-69.el10.x86_64.rpm                                                                                                                      2.1 MB/s | 188 kB     00:00    
DEBUG util.py:463:  (115/148): tar-1.35-9.el10_1.x86_64.rpm                                                                                                                      4.9 MB/s | 856 kB     00:00    
DEBUG util.py:463:  (116/148): util-linux-core-2.40.2-15.el10_1.x86_64.rpm                                                                                                       5.0 MB/s | 520 kB     00:00    
DEBUG util.py:463:  (117/148): which-2.21-44.el10_0.x86_64.rpm                                                                                                                   506 kB/s |  41 kB     00:00    
DEBUG util.py:463:  (118/148): xz-libs-5.6.2-4.el10_0.x86_64.rpm                                                                                                                 1.2 MB/s | 111 kB     00:00    
DEBUG util.py:463:  (119/148): xz-5.6.2-4.el10_0.x86_64.rpm                                                                                                                      4.1 MB/s | 476 kB     00:00    
DEBUG util.py:463:  (120/148): util-linux-2.40.2-15.el10_1.x86_64.rpm                                                                                                            3.9 MB/s | 1.2 MB     00:00    
DEBUG util.py:463:  (121/148): zip-3.0-45.el10.x86_64.rpm                                                                                                                        3.1 MB/s | 268 kB     00:00    
DEBUG util.py:463:  (122/148): zlib-ng-compat-2.2.3-3.el10_1.x86_64.rpm                                                                                                          1.0 MB/s |  76 kB     00:00    
DEBUG util.py:463:  (123/148): debugedit-5.1-8.el10.x86_64.rpm                                                                                                                   1.3 MB/s |  79 kB     00:00    
DEBUG util.py:463:  (124/148): zstd-1.5.5-9.el10.x86_64.rpm                                                                                                                      4.1 MB/s | 464 kB     00:00    
DEBUG util.py:463:  (125/148): dwz-0.16-1.el10.x86_64.rpm                                                                                                                        1.9 MB/s | 139 kB     00:00    
DEBUG util.py:463:  (126/148): efi-srpm-macros-6-6.el10.alma.1.noarch.rpm                                                                                                        368 kB/s |  23 kB     00:00    
DEBUG util.py:463:  (127/148): fonts-srpm-macros-2.0.5-18.el10.noarch.rpm                                                                                                        443 kB/s |  26 kB     00:00    
DEBUG util.py:463:  (128/148): forge-srpm-macros-0.4.0-6.el10.noarch.rpm                                                                                                         282 kB/s |  20 kB     00:00    
DEBUG util.py:463:  (129/148): go-srpm-macros-3.6.0-7.el10_1.noarch.rpm                                                                                                          367 kB/s |  26 kB     00:00    
DEBUG util.py:463:  (130/148): kernel-srpm-macros-1.0-25.el10.noarch.rpm                                                                                                         172 kB/s | 9.7 kB     00:00    
DEBUG util.py:463:  (131/148): lua-srpm-macros-1-15.el10.noarch.rpm                                                                                                              150 kB/s | 8.7 kB     00:00    
DEBUG util.py:463:  (132/148): ocaml-srpm-macros-10-4.el10.noarch.rpm                                                                                                            157 kB/s | 9.0 kB     00:00    
DEBUG util.py:463:  (133/148): package-notes-srpm-macros-0.5-13.el10.noarch.rpm                                                                                                  164 kB/s | 9.1 kB     00:00    
DEBUG util.py:463:  (134/148): openblas-srpm-macros-2-19.el10.noarch.rpm                                                                                                         116 kB/s | 7.6 kB     00:00    
DEBUG util.py:463:  (135/148): perl-srpm-macros-1-57.el10.noarch.rpm                                                                                                             171 kB/s | 8.4 kB     00:00    
DEBUG util.py:463:  (136/148): patch-2.7.6-26.el10.x86_64.rpm                                                                                                                    1.9 MB/s | 128 kB     00:00    
DEBUG util.py:463:  (137/148): pyproject-srpm-macros-1.16.2-1.el10.noarch.rpm                                                                                                    282 kB/s |  14 kB     00:00    
DEBUG util.py:463:  (138/148): python-srpm-macros-3.12-10.el10.noarch.rpm                                                                                                        505 kB/s |  23 kB     00:00    
DEBUG util.py:463:  (139/148): qt6-srpm-macros-6.9.1-1.el10.noarch.rpm                                                                                                           182 kB/s | 9.5 kB     00:00    
DEBUG util.py:463:  (140/148): redhat-rpm-config-293-1.el10.alma.2.noarch.rpm                                                                                                    1.1 MB/s |  68 kB     00:00    
DEBUG util.py:463:  (141/148): rpm-build-4.19.1.1-20.el10.alma.1.x86_64.rpm                                                                                                      1.1 MB/s |  66 kB     00:00    
DEBUG util.py:463:  (142/148): rust-toolset-srpm-macros-1.88.0-1.el10.alma.1.noarch.rpm                                                                                          223 kB/s |  12 kB     00:00    
DEBUG util.py:463:  (143/148): gdb-minimal-16.3-2.el10.x86_64.rpm                                                                                                                7.4 MB/s | 4.3 MB     00:00    
DEBUG util.py:463:  (144/148): R-srpm-macros-1.3.7-1.el10_1.noarch.rpm                                                                                                            61 kB/s |  11 kB     00:00    
DEBUG util.py:463:  (145/148): ansible-srpm-macros-1-16.1.el10_0.noarch.rpm                                                                                                       79 kB/s |  20 kB     00:00    
DEBUG util.py:463:  (146/148): epel-rpm-macros-10-7.el10_1.noarch.rpm                                                                                                             86 kB/s | 8.4 kB     00:00    
DEBUG util.py:463:  (147/148): fpc-srpm-macros-1.3-7.el10_1.noarch.rpm                                                                                                            59 kB/s | 7.8 kB     00:00    
DEBUG util.py:463:  (148/148): ghc-srpm-macros-1.9.2-1.el10_0.noarch.rpm                                                                                                         104 kB/s | 9.1 kB     00:00    
DEBUG util.py:463:  ---------------------------------------------------------------------------------------------------------------------------------------------------------------------------------------------
DEBUG util.py:463:  Total                                                                                                                                                        5.7 MB/s |  56 MB     00:09     
DEBUG util.py:463:  AlmaLinux 10 - BaseOS                                                                                                                                        1.6 MB/s | 1.6 kB     00:00    
DEBUG util.py:461:  Importing GPG key 0xC2A1E572:
DEBUG util.py:461:   Userid     : "AlmaLinux OS 10 <packager@almalinux.org>"
DEBUG util.py:461:   Fingerprint: EE6D B7B9 8F5B F5ED D9DA 0DE5 DEE5 C11C C2A1 E572
DEBUG util.py:461:   From       : /usr/share/distribution-gpg-keys/alma/RPM-GPG-KEY-AlmaLinux-10
DEBUG util.py:463:  Key imported successfully
DEBUG util.py:463:  Extra Packages for Enterprise Linux 10 - x86_64                                                                                                              1.6 MB/s | 1.6 kB     00:00    
DEBUG util.py:461:  Importing GPG key 0xE37ED158:
DEBUG util.py:461:   Userid     : "Fedora (epel10) <epel@fedoraproject.org>"
DEBUG util.py:461:   Fingerprint: 7D8D 15CB FC4E 6268 8591 FB26 33D9 8517 E37E D158
DEBUG util.py:461:   From       : /usr/share/distribution-gpg-keys/epel/RPM-GPG-KEY-EPEL-10
DEBUG util.py:463:  Key imported successfully
DEBUG util.py:463:  Running transaction check
DEBUG util.py:463:  Transaction check succeeded.
DEBUG util.py:463:  Running transaction test
DEBUG util.py:463:  Transaction test succeeded.
DEBUG util.py:463:  Running transaction
DEBUG util.py:463:    Running scriptlet: filesystem-3.18-17.el10.x86_64                                                                                                                                      1/1 
DEBUG util.py:463:    Preparing        :                                                                                                                                                                     1/1 
DEBUG util.py:463:    Installing       : libgcc-14.3.1-2.1.el10.alma.1.x86_64                                                                                                                              1/148 
DEBUG util.py:463:    Running scriptlet: libgcc-14.3.1-2.1.el10.alma.1.x86_64                                                                                                                              1/148 
DEBUG util.py:463:    Installing       : ghc-srpm-macros-1.9.2-1.el10_0.noarch                                                                                                                             2/148 
DEBUG util.py:463:    Installing       : fpc-srpm-macros-1.3-7.el10_1.noarch                                                                                                                               3/148 
DEBUG util.py:463:    Installing       : ansible-srpm-macros-1-16.1.el10_0.noarch                                                                                                                          4/148 
DEBUG util.py:463:    Installing       : rust-toolset-srpm-macros-1.88.0-1.el10.alma.1.noarch                                                                                                              5/148 
DEBUG util.py:463:    Installing       : qt6-srpm-macros-6.9.1-1.el10.noarch                                                                                                                               6/148 
DEBUG util.py:463:    Installing       : perl-srpm-macros-1-57.el10.noarch                                                                                                                                 7/148 
DEBUG util.py:463:    Installing       : package-notes-srpm-macros-0.5-13.el10.noarch                                                                                                                      8/148 
DEBUG util.py:463:    Installing       : openblas-srpm-macros-2-19.el10.noarch                                                                                                                             9/148 
DEBUG util.py:463:    Installing       : ocaml-srpm-macros-10-4.el10.noarch                                                                                                                               10/148 
DEBUG util.py:463:    Installing       : kernel-srpm-macros-1.0-25.el10.noarch                                                                                                                            11/148 
DEBUG util.py:463:    Installing       : publicsuffix-list-dafsa-20240107-5.el10.noarch                                                                                                                   12/148 
DEBUG util.py:463:    Installing       : pkgconf-m4-2.1.0-3.el10.noarch                                                                                                                                   13/148 
DEBUG util.py:463:    Installing       : pcre2-syntax-10.44-1.el10.3.noarch                                                                                                                               14/148 
DEBUG util.py:463:    Installing       : ncurses-base-6.4-15.20240127.el10_1.noarch                                                                                                                       15/148 
DEBUG util.py:463:    Installing       : libssh-config-0.11.1-5.el10_1.noarch                                                                                                                             16/148 
DEBUG util.py:463:    Installing       : coreutils-common-9.5-6.el10.x86_64                                                                                                                               17/148 
DEBUG util.py:463:    Installing       : almalinux-gpg-keys-10.1-16.el10.x86_64                                                                                                                           18/148 
DEBUG util.py:463:    Installing       : almalinux-release-10.1-16.el10.x86_64                                                                                                                            19/148 
DEBUG util.py:463:    Installing       : almalinux-repos-10.1-16.el10.x86_64                                                                                                                              20/148 
DEBUG util.py:463:    Installing       : setup-2.14.5-7.el10.noarch                                                                                                                                       21/148 
DEBUG util.py:463:  warning: /etc/hosts created as /etc/hosts.rpmnew
DEBUG util.py:463:    Running scriptlet: setup-2.14.5-7.el10.noarch                                                                                                                                       21/148 
DEBUG util.py:463:    Installing       : filesystem-3.18-17.el10.x86_64                                                                                                                                   22/148 
DEBUG util.py:463:    Installing       : basesystem-11-22.el10.noarch                                                                                                                                     23/148 
DEBUG util.py:463:    Installing       : glibc-gconv-extra-2.39-58.el10_1.7.alma.1.x86_64                                                                                                                 24/148 
DEBUG util.py:463:    Running scriptlet: glibc-gconv-extra-2.39-58.el10_1.7.alma.1.x86_64                                                                                                                 24/148 
DEBUG util.py:463:    Installing       : ncurses-libs-6.4-15.20240127.el10_1.x86_64                                                                                                                       25/148 
DEBUG util.py:463:    Running scriptlet: glibc-2.39-58.el10_1.7.alma.1.x86_64                                                                                                                             26/148 
DEBUG util.py:463:    Installing       : glibc-2.39-58.el10_1.7.alma.1.x86_64                                                                                                                             26/148 
DEBUG util.py:463:    Running scriptlet: glibc-2.39-58.el10_1.7.alma.1.x86_64                                                                                                                             26/148 
DEBUG util.py:463:    Installing       : bash-5.2.26-6.el10.x86_64                                                                                                                                        27/148 
DEBUG util.py:463:    Running scriptlet: bash-5.2.26-6.el10.x86_64                                                                                                                                        27/148 
DEBUG util.py:463:    Installing       : glibc-common-2.39-58.el10_1.7.alma.1.x86_64                                                                                                                      28/148 
DEBUG util.py:463:    Installing       : glibc-minimal-langpack-2.39-58.el10_1.7.alma.1.x86_64                                                                                                            29/148 
DEBUG util.py:463:    Installing       : zlib-ng-compat-2.2.3-3.el10_1.x86_64                                                                                                                             30/148 
DEBUG util.py:463:    Installing       : bzip2-libs-1.0.8-25.el10.x86_64                                                                                                                                  31/148 
DEBUG util.py:463:    Installing       : xz-libs-1:5.6.2-4.el10_0.x86_64                                                                                                                                  32/148 
DEBUG util.py:463:    Installing       : libstdc++-14.3.1-2.1.el10.alma.1.x86_64                                                                                                                          33/148 
DEBUG util.py:463:    Installing       : libuuid-2.40.2-15.el10_1.x86_64                                                                                                                                  34/148 
DEBUG util.py:463:    Installing       : popt-1.19-8.el10.x86_64                                                                                                                                          35/148 
DEBUG util.py:463:    Installing       : readline-8.2-11.el10.x86_64                                                                                                                                      36/148 
DEBUG util.py:463:    Installing       : libblkid-2.40.2-15.el10_1.x86_64                                                                                                                                 37/148 
DEBUG util.py:463:    Installing       : gmp-1:6.2.1-12.el10.x86_64                                                                                                                                       38/148 
DEBUG util.py:463:    Installing       : libattr-2.5.2-5.el10.x86_64                                                                                                                                      39/148 
DEBUG util.py:463:    Installing       : libacl-2.3.2-4.el10.x86_64                                                                                                                                       40/148 
DEBUG util.py:463:    Installing       : libxcrypt-4.4.36-10.el10.x86_64                                                                                                                                  41/148 
DEBUG util.py:463:    Installing       : libzstd-1.5.5-9.el10.x86_64                                                                                                                                      42/148 
DEBUG util.py:463:    Installing       : elfutils-libelf-0.193-1.el10.x86_64                                                                                                                              43/148 
DEBUG util.py:463:    Running scriptlet: crypto-policies-20250905-2.gitc7eb7b2.el10_1.1.noarch                                                                                                            44/148 
DEBUG util.py:463:    Installing       : crypto-policies-20250905-2.gitc7eb7b2.el10_1.1.noarch                                                                                                            44/148 
DEBUG util.py:463:    Running scriptlet: crypto-policies-20250905-2.gitc7eb7b2.el10_1.1.noarch                                                                                                            44/148 
DEBUG util.py:463:    Installing       : gdbm-libs-1:1.23-12.el10_0.x86_64                                                                                                                                45/148 
DEBUG util.py:463:    Installing       : libeconf-0.6.2-4.el10.x86_64                                                                                                                                     46/148 
DEBUG util.py:463:    Installing       : dwz-0.16-1.el10.x86_64                                                                                                                                           47/148 
DEBUG util.py:463:    Installing       : mpfr-4.2.1-5.el10.x86_64                                                                                                                                         48/148 
DEBUG util.py:463:    Installing       : gawk-5.3.0-6.el10.x86_64                                                                                                                                         49/148 
DEBUG util.py:463:    Installing       : unzip-6.0-69.el10.x86_64                                                                                                                                         50/148 
DEBUG util.py:463:    Installing       : file-libs-5.45-8.el10.x86_64                                                                                                                                     51/148 
DEBUG util.py:463:    Installing       : file-5.45-8.el10.x86_64                                                                                                                                          52/148 
DEBUG util.py:463:    Installing       : alternatives-1.30-2.el10.x86_64                                                                                                                                  53/148 
DEBUG util.py:463:    Installing       : jansson-2.14-3.el10.x86_64                                                                                                                                       54/148 
DEBUG util.py:463:    Installing       : libcap-ng-0.8.4-6.el10.x86_64                                                                                                                                    55/148 
DEBUG util.py:463:    Installing       : audit-libs-4.0.3-4.el10.x86_64                                                                                                                                   56/148 
DEBUG util.py:463:    Installing       : pam-libs-1.6.1-8.el10.x86_64                                                                                                                                     57/148 
DEBUG util.py:463:    Installing       : libcap-2.69-7.el10.x86_64                                                                                                                                        58/148 
DEBUG util.py:463:    Installing       : systemd-libs-257-13.el10.alma.1.x86_64                                                                                                                           59/148 
DEBUG util.py:463:    Installing       : libffi-3.4.4-10.el10.x86_64                                                                                                                                      60/148 
DEBUG util.py:463:    Installing       : libsepol-3.9-1.el10.x86_64                                                                                                                                       61/148 
DEBUG util.py:463:    Installing       : libsmartcols-2.40.2-15.el10_1.x86_64                                                                                                                             62/148 
DEBUG util.py:463:    Installing       : libtasn1-4.20.0-1.el10.x86_64                                                                                                                                    63/148 
DEBUG util.py:463:    Installing       : libunistring-1.1-10.el10.x86_64                                                                                                                                  64/148 
DEBUG util.py:463:    Installing       : libidn2-2.3.7-3.el10.x86_64                                                                                                                                      65/148 
DEBUG util.py:463:    Installing       : lua-libs-5.4.6-7.el10.x86_64                                                                                                                                     66/148 
DEBUG util.py:463:    Installing       : lz4-libs-1.9.4-8.el10.x86_64                                                                                                                                     67/148 
DEBUG util.py:463:    Installing       : pcre2-10.44-1.el10.3.x86_64                                                                                                                                      68/148 
DEBUG util.py:463:    Installing       : libselinux-3.9-1.el10.x86_64                                                                                                                                     69/148 
DEBUG util.py:463:    Installing       : sed-4.9-3.el10.x86_64                                                                                                                                            70/148 
DEBUG util.py:463:    Installing       : findutils-1:4.10.0-5.el10.x86_64                                                                                                                                 71/148 
DEBUG util.py:463:    Installing       : grep-3.11-10.el10.x86_64                                                                                                                                         72/148 
DEBUG util.py:463:    Installing       : xz-1:5.6.2-4.el10_0.x86_64                                                                                                                                       73/148 
DEBUG util.py:463:    Installing       : libmount-2.40.2-15.el10_1.x86_64                                                                                                                                 74/148 
DEBUG util.py:463:    Installing       : util-linux-core-2.40.2-15.el10_1.x86_64                                                                                                                          75/148 
DEBUG util.py:463:    Installing       : libsemanage-3.9-1.el10.x86_64                                                                                                                                    76/148 
DEBUG util.py:463:    Installing       : shadow-utils-2:4.15.0-10.el10_1.x86_64                                                                                                                           77/148 
DEBUG util.py:463:    Running scriptlet: libutempter-1.2.1-15.el10.x86_64                                                                                                                                 78/148 
DEBUG util.py:463:    Installing       : libutempter-1.2.1-15.el10.x86_64                                                                                                                                 78/148 
DEBUG util.py:463:    Installing       : tar-2:1.35-9.el10_1.x86_64                                                                                                                                       79/148 
DEBUG util.py:463:    Installing       : zstd-1.5.5-9.el10.x86_64                                                                                                                                         80/148 
DEBUG util.py:463:    Installing       : libpsl-0.21.5-6.el10.x86_64                                                                                                                                      81/148 
DEBUG util.py:463:    Installing       : p11-kit-0.25.5-7.el10.x86_64                                                                                                                                     82/148 
DEBUG util.py:463:    Installing       : p11-kit-trust-0.25.5-7.el10.x86_64                                                                                                                               83/148 
DEBUG util.py:463:    Running scriptlet: p11-kit-trust-0.25.5-7.el10.x86_64                                                                                                                               83/148 
DEBUG util.py:463:    Installing       : openssl-fips-provider-1:3.5.1-7.el10_1.alma.1.x86_64                                                                                                             84/148 
DEBUG util.py:463:    Installing       : openssl-libs-1:3.5.1-7.el10_1.alma.1.x86_64                                                                                                                      85/148 
DEBUG util.py:463:    Installing       : coreutils-9.5-6.el10.x86_64                                                                                                                                      86/148 
DEBUG util.py:463:    Running scriptlet: ca-certificates-2025.2.80_v9.0.305-102.el10_1.noarch                                                                                                             87/148 
DEBUG util.py:463:    Installing       : ca-certificates-2025.2.80_v9.0.305-102.el10_1.noarch                                                                                                             87/148 
DEBUG util.py:463:    Running scriptlet: ca-certificates-2025.2.80_v9.0.305-102.el10_1.noarch                                                                                                             87/148 
DEBUG util.py:463:    Installing       : authselect-libs-1.5.0-8.el10.x86_64                                                                                                                              88/148 
DEBUG util.py:463:    Installing       : gzip-1.13-3.el10.x86_64                                                                                                                                          89/148 
DEBUG util.py:463:    Installing       : cracklib-2.9.11-8.el10.x86_64                                                                                                                                    90/148 
DEBUG util.py:463:    Installing       : cracklib-dicts-2.9.11-8.el10.x86_64                                                                                                                              91/148 
DEBUG util.py:463:    Installing       : libpwquality-1.4.5-12.el10.x86_64                                                                                                                                92/148 
DEBUG util.py:463:    Installing       : libevent-2.1.12-16.el10.x86_64                                                                                                                                   93/148 
DEBUG util.py:463:    Installing       : rpm-sequoia-1.9.0.3-1.el10_1.x86_64                                                                                                                              94/148 
DEBUG util.py:463:    Installing       : zip-3.0-45.el10.x86_64                                                                                                                                           95/148 
DEBUG util.py:463:    Installing       : cyrus-sasl-lib-2.1.28-29.el10.x86_64                                                                                                                             96/148 
DEBUG util.py:463:    Installing       : openldap-2.6.9-1.el10.x86_64                                                                                                                                     97/148 
DEBUG util.py:463:    Installing       : gdbm-1:1.23-12.el10_0.x86_64                                                                                                                                     98/148 
DEBUG util.py:463:    Installing       : pam-1.6.1-8.el10.x86_64                                                                                                                                          99/148 
DEBUG util.py:463:    Installing       : libfdisk-2.40.2-15.el10_1.x86_64                                                                                                                                100/148 
DEBUG util.py:463:    Installing       : libxml2-2.12.5-9.el10_0.x86_64                                                                                                                                  101/148 
DEBUG util.py:463:    Installing       : libarchive-3.7.7-5.el10_1.x86_64                                                                                                                                102/148 
DEBUG util.py:463:    Installing       : bzip2-1.0.8-25.el10.x86_64                                                                                                                                      103/148 
DEBUG util.py:463:    Installing       : sqlite-libs-3.46.1-5.el10_1.x86_64                                                                                                                              104/148 
DEBUG util.py:463:    Installing       : rpm-libs-4.19.1.1-20.el10.alma.1.x86_64                                                                                                                         105/148 
DEBUG util.py:463:    Installing       : ed-1.20-5.el10.x86_64                                                                                                                                           106/148 
DEBUG util.py:463:    Installing       : patch-2.7.6-26.el10.x86_64                                                                                                                                      107/148 
DEBUG util.py:463:    Installing       : elfutils-default-yama-scope-0.193-1.el10.noarch                                                                                                                 108/148 
DEBUG util.py:463:    Running scriptlet: elfutils-default-yama-scope-0.193-1.el10.noarch                                                                                                                 108/148 
DEBUG util.py:463:    Installing       : cpio-2.15-3.el10.x86_64                                                                                                                                         109/148 
DEBUG util.py:463:    Installing       : diffutils-3.10-8.el10.x86_64                                                                                                                                    110/148 
DEBUG util.py:463:    Installing       : json-c-0.18-3.el10.x86_64                                                                                                                                       111/148 
DEBUG util.py:463:    Installing       : keyutils-libs-1.6.3-5.el10.x86_64                                                                                                                               112/148 
DEBUG util.py:463:    Installing       : libbrotli-1.1.0-7.el10_1.x86_64                                                                                                                                 113/148 
DEBUG util.py:463:    Installing       : libcom_err-1.47.1-4.el10.x86_64                                                                                                                                 114/148 
DEBUG util.py:463:    Installing       : libgomp-14.3.1-2.1.el10.alma.1.x86_64                                                                                                                           115/148 
DEBUG util.py:463:    Installing       : libnghttp2-1.64.0-2.el10.x86_64                                                                                                                                 116/148 
DEBUG util.py:463:    Installing       : libpkgconf-2.1.0-3.el10.x86_64                                                                                                                                  117/148 
DEBUG util.py:463:    Installing       : pkgconf-2.1.0-3.el10.x86_64                                                                                                                                     118/148 
DEBUG util.py:463:    Installing       : pkgconf-pkg-config-2.1.0-3.el10.x86_64                                                                                                                          119/148 
DEBUG util.py:463:    Installing       : libverto-0.3.2-10.el10.x86_64                                                                                                                                   120/148 
DEBUG util.py:463:    Installing       : krb5-libs-1.21.3-8.el10_0.x86_64                                                                                                                                121/148 
DEBUG util.py:463:    Installing       : libssh-0.11.1-5.el10_1.x86_64                                                                                                                                   122/148 
DEBUG util.py:463:    Installing       : libcurl-8.12.1-2.el10_1.2.x86_64                                                                                                                                123/148 
DEBUG util.py:463:    Installing       : elfutils-libs-0.193-1.el10.x86_64                                                                                                                               124/148 
DEBUG util.py:463:    Installing       : elfutils-debuginfod-client-0.193-1.el10.x86_64                                                                                                                  125/148 
DEBUG util.py:463:    Installing       : binutils-gold-2.41-58.el10_1.2.alma.1.x86_64                                                                                                                    126/148 
DEBUG util.py:463:    Running scriptlet: binutils-gold-2.41-58.el10_1.2.alma.1.x86_64                                                                                                                    126/148 
DEBUG util.py:463:    Installing       : binutils-2.41-58.el10_1.2.alma.1.x86_64                                                                                                                         127/148 
DEBUG util.py:463:    Running scriptlet: binutils-2.41-58.el10_1.2.alma.1.x86_64                                                                                                                         127/148 
DEBUG util.py:463:    Installing       : elfutils-0.193-1.el10.x86_64                                                                                                                                    128/148 
DEBUG util.py:463:    Installing       : gdb-minimal-16.3-2.el10.x86_64                                                                                                                                  129/148 
DEBUG util.py:463:    Installing       : debugedit-5.1-8.el10.x86_64                                                                                                                                     130/148 
DEBUG util.py:463:    Installing       : rpm-build-libs-4.19.1.1-20.el10.alma.1.x86_64                                                                                                                   131/148 
DEBUG util.py:463:    Installing       : curl-8.12.1-2.el10_1.2.x86_64                                                                                                                                   132/148 
DEBUG util.py:463:    Running scriptlet: rpm-4.19.1.1-20.el10.alma.1.x86_64                                                                                                                              133/148 
DEBUG util.py:463:    Installing       : rpm-4.19.1.1-20.el10.alma.1.x86_64                                                                                                                              133/148 
DEBUG util.py:463:    Installing       : efi-srpm-macros-6-6.el10.alma.1.noarch                                                                                                                          134/148 
DEBUG util.py:463:    Installing       : lua-srpm-macros-1-15.el10.noarch                                                                                                                                135/148 
DEBUG util.py:463:    Installing       : fonts-srpm-macros-1:2.0.5-18.el10.noarch                                                                                                                        136/148 
DEBUG util.py:463:    Installing       : forge-srpm-macros-0.4.0-6.el10.noarch                                                                                                                           137/148 
DEBUG util.py:463:    Installing       : go-srpm-macros-3.6.0-7.el10_1.noarch                                                                                                                            138/148 
DEBUG util.py:463:    Installing       : python-srpm-macros-3.12-10.el10.noarch                                                                                                                          139/148 
DEBUG util.py:463:    Installing       : redhat-rpm-config-293-1.el10.alma.2.noarch                                                                                                                      140/148 
DEBUG util.py:463:    Installing       : rpm-build-4.19.1.1-20.el10.alma.1.x86_64                                                                                                                        141/148 
DEBUG util.py:463:    Installing       : pyproject-srpm-macros-1.16.2-1.el10.noarch                                                                                                                      142/148 
DEBUG util.py:463:    Installing       : R-srpm-macros-1.3.7-1.el10_1.noarch                                                                                                                             143/148 
DEBUG util.py:463:    Installing       : epel-rpm-macros-10-7.el10_1.noarch                                                                                                                              144/148 
DEBUG util.py:463:    Installing       : util-linux-2.40.2-15.el10_1.x86_64                                                                                                                              145/148 
DEBUG util.py:463:    Running scriptlet: util-linux-2.40.2-15.el10_1.x86_64                                                                                                                              145/148 
DEBUG util.py:463:    Installing       : authselect-1.5.0-8.el10.x86_64                                                                                                                                  146/148 
DEBUG util.py:463:    Installing       : which-2.21-44.el10_0.x86_64                                                                                                                                     147/148 
DEBUG util.py:463:    Installing       : info-7.1-6.el10.x86_64                                                                                                                                          148/148 
DEBUG util.py:463:    Running scriptlet: filesystem-3.18-17.el10.x86_64                                                                                                                                  148/148 
DEBUG util.py:463:    Running scriptlet: ca-certificates-2025.2.80_v9.0.305-102.el10_1.noarch                                                                                                            148/148 
DEBUG util.py:463:    Running scriptlet: authselect-libs-1.5.0-8.el10.x86_64                                                                                                                             148/148 
DEBUG util.py:463:    Running scriptlet: rpm-4.19.1.1-20.el10.alma.1.x86_64                                                                                                                              148/148 
DEBUG util.py:463:    Running scriptlet: info-7.1-6.el10.x86_64                                                                                                                                          148/148 
DEBUG util.py:463:  Installed:
DEBUG util.py:463:    R-srpm-macros-1.3.7-1.el10_1.noarch                            almalinux-gpg-keys-10.1-16.el10.x86_64                        almalinux-release-10.1-16.el10.x86_64                         
DEBUG util.py:463:    almalinux-repos-10.1-16.el10.x86_64                            alternatives-1.30-2.el10.x86_64                               ansible-srpm-macros-1-16.1.el10_0.noarch                      
DEBUG util.py:463:    audit-libs-4.0.3-4.el10.x86_64                                 authselect-1.5.0-8.el10.x86_64                                authselect-libs-1.5.0-8.el10.x86_64                           
DEBUG util.py:463:    basesystem-11-22.el10.noarch                                   bash-5.2.26-6.el10.x86_64                                     binutils-2.41-58.el10_1.2.alma.1.x86_64                       
DEBUG util.py:463:    binutils-gold-2.41-58.el10_1.2.alma.1.x86_64                   bzip2-1.0.8-25.el10.x86_64                                    bzip2-libs-1.0.8-25.el10.x86_64                               
DEBUG util.py:463:    ca-certificates-2025.2.80_v9.0.305-102.el10_1.noarch           coreutils-9.5-6.el10.x86_64                                   coreutils-common-9.5-6.el10.x86_64                            
DEBUG util.py:463:    cpio-2.15-3.el10.x86_64                                        cracklib-2.9.11-8.el10.x86_64                                 cracklib-dicts-2.9.11-8.el10.x86_64                           
DEBUG util.py:463:    crypto-policies-20250905-2.gitc7eb7b2.el10_1.1.noarch          curl-8.12.1-2.el10_1.2.x86_64                                 cyrus-sasl-lib-2.1.28-29.el10.x86_64                          
DEBUG util.py:463:    debugedit-5.1-8.el10.x86_64                                    diffutils-3.10-8.el10.x86_64                                  dwz-0.16-1.el10.x86_64                                        
DEBUG util.py:463:    ed-1.20-5.el10.x86_64                                          efi-srpm-macros-6-6.el10.alma.1.noarch                        elfutils-0.193-1.el10.x86_64                                  
DEBUG util.py:463:    elfutils-debuginfod-client-0.193-1.el10.x86_64                 elfutils-default-yama-scope-0.193-1.el10.noarch               elfutils-libelf-0.193-1.el10.x86_64                           
DEBUG util.py:463:    elfutils-libs-0.193-1.el10.x86_64                              epel-rpm-macros-10-7.el10_1.noarch                            file-5.45-8.el10.x86_64                                       
DEBUG util.py:463:    file-libs-5.45-8.el10.x86_64                                   filesystem-3.18-17.el10.x86_64                                findutils-1:4.10.0-5.el10.x86_64                              
DEBUG util.py:463:    fonts-srpm-macros-1:2.0.5-18.el10.noarch                       forge-srpm-macros-0.4.0-6.el10.noarch                         fpc-srpm-macros-1.3-7.el10_1.noarch                           
DEBUG util.py:463:    gawk-5.3.0-6.el10.x86_64                                       gdb-minimal-16.3-2.el10.x86_64                                gdbm-1:1.23-12.el10_0.x86_64                                  
DEBUG util.py:463:    gdbm-libs-1:1.23-12.el10_0.x86_64                              ghc-srpm-macros-1.9.2-1.el10_0.noarch                         glibc-2.39-58.el10_1.7.alma.1.x86_64                          
DEBUG util.py:463:    glibc-common-2.39-58.el10_1.7.alma.1.x86_64                    glibc-gconv-extra-2.39-58.el10_1.7.alma.1.x86_64              glibc-minimal-langpack-2.39-58.el10_1.7.alma.1.x86_64         
DEBUG util.py:463:    gmp-1:6.2.1-12.el10.x86_64                                     go-srpm-macros-3.6.0-7.el10_1.noarch                          grep-3.11-10.el10.x86_64                                      
DEBUG util.py:463:    gzip-1.13-3.el10.x86_64                                        info-7.1-6.el10.x86_64                                        jansson-2.14-3.el10.x86_64                                    
DEBUG util.py:463:    json-c-0.18-3.el10.x86_64                                      kernel-srpm-macros-1.0-25.el10.noarch                         keyutils-libs-1.6.3-5.el10.x86_64                             
DEBUG util.py:463:    krb5-libs-1.21.3-8.el10_0.x86_64                               libacl-2.3.2-4.el10.x86_64                                    libarchive-3.7.7-5.el10_1.x86_64                              
DEBUG util.py:463:    libattr-2.5.2-5.el10.x86_64                                    libblkid-2.40.2-15.el10_1.x86_64                              libbrotli-1.1.0-7.el10_1.x86_64                               
DEBUG util.py:463:    libcap-2.69-7.el10.x86_64                                      libcap-ng-0.8.4-6.el10.x86_64                                 libcom_err-1.47.1-4.el10.x86_64                               
DEBUG util.py:463:    libcurl-8.12.1-2.el10_1.2.x86_64                               libeconf-0.6.2-4.el10.x86_64                                  libevent-2.1.12-16.el10.x86_64                                
DEBUG util.py:463:    libfdisk-2.40.2-15.el10_1.x86_64                               libffi-3.4.4-10.el10.x86_64                                   libgcc-14.3.1-2.1.el10.alma.1.x86_64                          
DEBUG util.py:463:    libgomp-14.3.1-2.1.el10.alma.1.x86_64                          libidn2-2.3.7-3.el10.x86_64                                   libmount-2.40.2-15.el10_1.x86_64                              
DEBUG util.py:463:    libnghttp2-1.64.0-2.el10.x86_64                                libpkgconf-2.1.0-3.el10.x86_64                                libpsl-0.21.5-6.el10.x86_64                                   
DEBUG util.py:463:    libpwquality-1.4.5-12.el10.x86_64                              libselinux-3.9-1.el10.x86_64                                  libsemanage-3.9-1.el10.x86_64                                 
DEBUG util.py:463:    libsepol-3.9-1.el10.x86_64                                     libsmartcols-2.40.2-15.el10_1.x86_64                          libssh-0.11.1-5.el10_1.x86_64                                 
DEBUG util.py:463:    libssh-config-0.11.1-5.el10_1.noarch                           libstdc++-14.3.1-2.1.el10.alma.1.x86_64                       libtasn1-4.20.0-1.el10.x86_64                                 
DEBUG util.py:463:    libunistring-1.1-10.el10.x86_64                                libutempter-1.2.1-15.el10.x86_64                              libuuid-2.40.2-15.el10_1.x86_64                               
DEBUG util.py:463:    libverto-0.3.2-10.el10.x86_64                                  libxcrypt-4.4.36-10.el10.x86_64                               libxml2-2.12.5-9.el10_0.x86_64                                
DEBUG util.py:463:    libzstd-1.5.5-9.el10.x86_64                                    lua-libs-5.4.6-7.el10.x86_64                                  lua-srpm-macros-1-15.el10.noarch                              
DEBUG util.py:463:    lz4-libs-1.9.4-8.el10.x86_64                                   mpfr-4.2.1-5.el10.x86_64                                      ncurses-base-6.4-15.20240127.el10_1.noarch                    
DEBUG util.py:463:    ncurses-libs-6.4-15.20240127.el10_1.x86_64                     ocaml-srpm-macros-10-4.el10.noarch                            openblas-srpm-macros-2-19.el10.noarch                         
DEBUG util.py:463:    openldap-2.6.9-1.el10.x86_64                                   openssl-fips-provider-1:3.5.1-7.el10_1.alma.1.x86_64          openssl-libs-1:3.5.1-7.el10_1.alma.1.x86_64                   
DEBUG util.py:463:    p11-kit-0.25.5-7.el10.x86_64                                   p11-kit-trust-0.25.5-7.el10.x86_64                            package-notes-srpm-macros-0.5-13.el10.noarch                  
DEBUG util.py:463:    pam-1.6.1-8.el10.x86_64                                        pam-libs-1.6.1-8.el10.x86_64                                  patch-2.7.6-26.el10.x86_64                                    
DEBUG util.py:463:    pcre2-10.44-1.el10.3.x86_64                                    pcre2-syntax-10.44-1.el10.3.noarch                            perl-srpm-macros-1-57.el10.noarch                             
DEBUG util.py:463:    pkgconf-2.1.0-3.el10.x86_64                                    pkgconf-m4-2.1.0-3.el10.noarch                                pkgconf-pkg-config-2.1.0-3.el10.x86_64                        
DEBUG util.py:463:    popt-1.19-8.el10.x86_64                                        publicsuffix-list-dafsa-20240107-5.el10.noarch                pyproject-srpm-macros-1.16.2-1.el10.noarch                    
DEBUG util.py:463:    python-srpm-macros-3.12-10.el10.noarch                         qt6-srpm-macros-6.9.1-1.el10.noarch                           readline-8.2-11.el10.x86_64                                   
DEBUG util.py:463:    redhat-rpm-config-293-1.el10.alma.2.noarch                     rpm-4.19.1.1-20.el10.alma.1.x86_64                            rpm-build-4.19.1.1-20.el10.alma.1.x86_64                      
DEBUG util.py:463:    rpm-build-libs-4.19.1.1-20.el10.alma.1.x86_64                  rpm-libs-4.19.1.1-20.el10.alma.1.x86_64                       rpm-sequoia-1.9.0.3-1.el10_1.x86_64                           
DEBUG util.py:463:    rust-toolset-srpm-macros-1.88.0-1.el10.alma.1.noarch           sed-4.9-3.el10.x86_64                                         setup-2.14.5-7.el10.noarch                                    
DEBUG util.py:463:    shadow-utils-2:4.15.0-10.el10_1.x86_64                         sqlite-libs-3.46.1-5.el10_1.x86_64                            systemd-libs-257-13.el10.alma.1.x86_64                        
DEBUG util.py:463:    tar-2:1.35-9.el10_1.x86_64                                     unzip-6.0-69.el10.x86_64                                      util-linux-2.40.2-15.el10_1.x86_64                            
DEBUG util.py:463:    util-linux-core-2.40.2-15.el10_1.x86_64                        which-2.21-44.el10_0.x86_64                                   xz-1:5.6.2-4.el10_0.x86_64                                    
DEBUG util.py:463:    xz-libs-1:5.6.2-4.el10_0.x86_64                                zip-3.0-45.el10.x86_64                                        zlib-ng-compat-2.2.3-3.el10_1.x86_64                          
DEBUG util.py:463:    zstd-1.5.5-9.el10.x86_64                                      
DEBUG util.py:463:  Complete!
DEBUG util.py:610:  Child return code was: 0
DEBUG util.py:185:  kill orphans in chroot /var/lib/mock/alma+epel-10-x86_64/root
DEBUG util.py:185:  kill orphans in chroot /var/lib/mock/alma+epel-10-x86_64-bootstrap/root/var/lib/mock/alma+epel-10-x86_64/root
DEBUG util.py:636:  child environment: None
DEBUG util.py:558:  Executing command: ['/bin/umount', '-n', '-l', '/var/lib/mock/alma+epel-10-x86_64-bootstrap/root/var/lib/mock/alma+epel-10-x86_64/root'] with env {'TERM': 'vt100', 'SHELL': '/bin/sh', 'HOME': '/builddir', 'HOSTNAME': 'mock', 'PATH': '/usr/bin:/bin:/usr/sbin:/sbin', 'LANG': 'C.UTF-8'} and shell False
DEBUG util.py:610:  Child return code was: 0
DEBUG util.py:636:  child environment: None
DEBUG util.py:558:  Executing command: ['/bin/umount', '-n', '-l', '/var/lib/mock/alma+epel-10-x86_64-bootstrap/root/var/lib/mock/alma+epel-10-x86_64/root'] with env {'TERM': 'vt100', 'SHELL': '/bin/sh', 'HOME': '/builddir', 'HOSTNAME': 'mock', 'PATH': '/usr/bin:/bin:/usr/sbin:/sbin', 'LANG': 'C.UTF-8'} and shell False
DEBUG util.py:610:  Child return code was: 0
DEBUG util.py:636:  child environment: None
DEBUG util.py:558:  Executing command: ['/bin/umount', '-n', '-l', '/var/lib/mock/alma+epel-10-x86_64/root/dev/pts'] with env {'TERM': 'vt100', 'SHELL': '/bin/sh', 'HOME': '/builddir', 'HOSTNAME': 'mock', 'PATH': '/usr/bin:/bin:/usr/sbin:/sbin', 'LANG': 'C.UTF-8'} and shell False
DEBUG util.py:610:  Child return code was: 0
DEBUG util.py:636:  child environment: None
DEBUG util.py:558:  Executing command: ['/bin/umount', '-n', '-l', '/var/lib/mock/alma+epel-10-x86_64/root/dev/shm'] with env {'TERM': 'vt100', 'SHELL': '/bin/sh', 'HOME': '/builddir', 'HOSTNAME': 'mock', 'PATH': '/usr/bin:/bin:/usr/sbin:/sbin', 'LANG': 'C.UTF-8'} and shell False
DEBUG util.py:610:  Child return code was: 0
DEBUG util.py:636:  child environment: None
DEBUG util.py:558:  Executing command: ['/bin/umount', '-n', '-l', '/var/lib/mock/alma+epel-10-x86_64/root/sys'] with env {'TERM': 'vt100', 'SHELL': '/bin/sh', 'HOME': '/builddir', 'HOSTNAME': 'mock', 'PATH': '/usr/bin:/bin:/usr/sbin:/sbin', 'LANG': 'C.UTF-8'} and shell False
DEBUG util.py:610:  Child return code was: 0
DEBUG util.py:636:  child environment: None
DEBUG util.py:558:  Executing command: ['/bin/umount', '-n', '-l', '/var/lib/mock/alma+epel-10-x86_64/root/sys'] with env {'TERM': 'vt100', 'SHELL': '/bin/sh', 'HOME': '/builddir', 'HOSTNAME': 'mock', 'PATH': '/usr/bin:/bin:/usr/sbin:/sbin', 'LANG': 'C.UTF-8'} and shell False
DEBUG util.py:610:  Child return code was: 0
DEBUG util.py:636:  child environment: None
DEBUG util.py:558:  Executing command: ['/bin/umount', '-n', '-l', '/var/lib/mock/alma+epel-10-x86_64/root/proc'] with env {'TERM': 'vt100', 'SHELL': '/bin/sh', 'HOME': '/builddir', 'HOSTNAME': 'mock', 'PATH': '/usr/bin:/bin:/usr/sbin:/sbin', 'LANG': 'C.UTF-8'} and shell False
DEBUG util.py:610:  Child return code was: 0
DEBUG util.py:636:  child environment: None
DEBUG util.py:558:  Executing command: ['/bin/umount', '-n', '-l', '/var/lib/mock/alma+epel-10-x86_64/root/proc'] with env {'TERM': 'vt100', 'SHELL': '/bin/sh', 'HOME': '/builddir', 'HOSTNAME': 'mock', 'PATH': '/usr/bin:/bin:/usr/sbin:/sbin', 'LANG': 'C.UTF-8'} and shell False
DEBUG util.py:610:  Child return code was: 0
DEBUG file_util.py:29:  touching file: /var/lib/mock/alma+epel-10-x86_64/root/etc/os-release
DEBUG file_util.py:17:  ensuring that dir exists: /var/lib/mock/alma+epel-10-x86_64/root/builddir/build
DEBUG file_util.py:20:  created dir: /var/lib/mock/alma+epel-10-x86_64/root/builddir/build
DEBUG file_util.py:17:  ensuring that dir exists: /var/lib/mock/alma+epel-10-x86_64/root/builddir/build/RPMS
DEBUG file_util.py:20:  created dir: /var/lib/mock/alma+epel-10-x86_64/root/builddir/build/RPMS
DEBUG file_util.py:17:  ensuring that dir exists: /var/lib/mock/alma+epel-10-x86_64/root/builddir/build/SPECS
DEBUG file_util.py:20:  created dir: /var/lib/mock/alma+epel-10-x86_64/root/builddir/build/SPECS
DEBUG file_util.py:17:  ensuring that dir exists: /var/lib/mock/alma+epel-10-x86_64/root/builddir/build/SRPMS
DEBUG file_util.py:20:  created dir: /var/lib/mock/alma+epel-10-x86_64/root/builddir/build/SRPMS
DEBUG file_util.py:17:  ensuring that dir exists: /var/lib/mock/alma+epel-10-x86_64/root/builddir/build/SOURCES
DEBUG file_util.py:20:  created dir: /var/lib/mock/alma+epel-10-x86_64/root/builddir/build/SOURCES
DEBUG file_util.py:17:  ensuring that dir exists: /var/lib/mock/alma+epel-10-x86_64/root/builddir/build/BUILD
DEBUG file_util.py:20:  created dir: /var/lib/mock/alma+epel-10-x86_64/root/builddir/build/BUILD
DEBUG file_util.py:17:  ensuring that dir exists: /var/lib/mock/alma+epel-10-x86_64/root/builddir/build/BUILDROOT
DEBUG file_util.py:20:  created dir: /var/lib/mock/alma+epel-10-x86_64/root/builddir/build/BUILDROOT
DEBUG file_util.py:17:  ensuring that dir exists: /var/lib/mock/alma+epel-10-x86_64/root/builddir/build/originals
DEBUG file_util.py:20:  created dir: /var/lib/mock/alma+epel-10-x86_64/root/builddir/build/originals
DEBUG file_util.py:17:  ensuring that dir exists: /var/lib/mock/alma+epel-10-x86_64/root/builddir
DEBUG util.py:636:  child environment: None
DEBUG util.py:558:  Executing command: ['userdel', '-f', 'mockbuild', '--prefix', '/var/lib/mock/alma+epel-10-x86_64/root'] with env {'TERM': 'vt100', 'SHELL': '/bin/sh', 'HOME': '/builddir', 'HOSTNAME': 'mock', 'PATH': '/usr/bin:/bin:/usr/sbin:/sbin', 'LANG': 'C.UTF-8'} and shell False
DEBUG util.py:461:  userdel: user 'mockbuild' does not exist
DEBUG util.py:610:  Child return code was: 6
DEBUG util.py:636:  child environment: None
DEBUG util.py:558:  Executing command: ['groupdel', 'mock', '--prefix', '/var/lib/mock/alma+epel-10-x86_64/root'] with env {'TERM': 'vt100', 'SHELL': '/bin/sh', 'HOME': '/builddir', 'HOSTNAME': 'mock', 'PATH': '/usr/bin:/bin:/usr/sbin:/sbin', 'LANG': 'C.UTF-8'} and shell False
DEBUG util.py:461:  groupdel: group 'mock' does not exist
DEBUG util.py:610:  Child return code was: 6
DEBUG util.py:636:  child environment: None
DEBUG util.py:558:  Executing command: ['groupadd', 'mock', '-g', '135', '--prefix', '/var/lib/mock/alma+epel-10-x86_64/root'] with env {'TERM': 'vt100', 'SHELL': '/bin/sh', 'HOME': '/builddir', 'HOSTNAME': 'mock', 'PATH': '/usr/bin:/bin:/usr/sbin:/sbin', 'LANG': 'C.UTF-8'} and shell False
DEBUG util.py:610:  Child return code was: 0
DEBUG util.py:636:  child environment: None
DEBUG util.py:558:  Executing command: ['useradd', 'mockbuild', '-o', '-u', '0', '-g', '135', '-N', '-d', '/builddir', '--prefix', '/var/lib/mock/alma+epel-10-x86_64/root'] with env {'TERM': 'vt100', 'SHELL': '/bin/sh', 'HOME': '/builddir', 'HOSTNAME': 'mock', 'PATH': '/usr/bin:/bin:/usr/sbin:/sbin', 'LANG': 'C.UTF-8'} and shell False
DEBUG util.py:461:  useradd warning: mockbuild's uid 0 outside of the UID_MIN 1000 and UID_MAX 60000 range.
DEBUG util.py:461:  useradd: warning: the home directory /builddir already exists.
DEBUG util.py:461:  useradd: Not copying any file from skel directory into it.
DEBUG util.py:610:  Child return code was: 0
DEBUG file_util.py:29:  touching file: /var/lib/mock/alma+epel-10-x86_64/root/.initialized
DEBUG util.py:636:  child environment: None
DEBUG util.py:558:  Executing command: ['sync'] with env {'TERM': 'vt100', 'SHELL': '/bin/sh', 'HOME': '/builddir', 'HOSTNAME': 'mock', 'PATH': '/usr/bin:/bin:/usr/sbin:/sbin', 'LANG': 'C.UTF-8'} and shell False
DEBUG util.py:610:  Child return code was: 0
DEBUG util.py:636:  child environment: None
DEBUG util.py:558:  Executing command: ['/bin/tar', '--one-file-system', '--exclude-caches', '--exclude-caches-under', '--use-compress-program', 'pigz', '-cf', '/var/cache/mock/alma+epel-10-x86_64/root_cache/cache.tar.gz', '-C', '/var/lib/mock/alma+epel-10-x86_64/root', '--exclude=./proc', '--exclude=./sys', '--exclude=./dev', '--exclude=./tmp/ccache', '--exclude=./var/cache/yum', '--exclude=./var/cache/dnf', '--exclude=./var/log', '--exclude=.//proc', '--exclude=.//proc', '--exclude=.//sys', '--exclude=.//sys', '--exclude=.//dev/shm', '--exclude=.//dev/pts', '--exclude=.//var/cache/yum', '--exclude=.//var/cache/dnf', '.'] with env {'TERM': 'vt100', 'SHELL': '/bin/sh', 'HOME': '/builddir', 'HOSTNAME': 'mock', 'PATH': '/usr/bin:/bin:/usr/sbin:/sbin', 'LANG': 'C.UTF-8'} and shell False
DEBUG util.py:610:  Child return code was: 0
DEBUG file_util.py:17:  ensuring that dir exists: /var/lib/mock/alma+epel-10-x86_64-bootstrap/root/var/lib/mock/alma+epel-10-x86_64/root
DEBUG util.py:636:  child environment: None
DEBUG util.py:558:  Executing command: ['/bin/mount', '-n', '-t', 'tmpfs', '-o', 'private,mode=0755', 'tmpfs', '/var/lib/mock/alma+epel-10-x86_64-bootstrap/root/var/lib/mock/alma+epel-10-x86_64/root'] with env {'TERM': 'vt100', 'SHELL': '/bin/sh', 'HOME': '/builddir', 'HOSTNAME': 'mock', 'PATH': '/usr/bin:/bin:/usr/sbin:/sbin', 'LANG': 'C.UTF-8'} and shell False
DEBUG util.py:610:  Child return code was: 0
DEBUG file_util.py:17:  ensuring that dir exists: /var/lib/mock/alma+epel-10-x86_64-bootstrap/root/var/lib/mock/alma+epel-10-x86_64/root
DEBUG util.py:636:  child environment: None
DEBUG util.py:558:  Executing command: ['/bin/mount', '-n', '-o', 'rbind', '/var/lib/mock/alma+epel-10-x86_64/root', '/var/lib/mock/alma+epel-10-x86_64-bootstrap/root/var/lib/mock/alma+epel-10-x86_64/root'] with env {'TERM': 'vt100', 'SHELL': '/bin/sh', 'HOME': '/builddir', 'HOSTNAME': 'mock', 'PATH': '/usr/bin:/bin:/usr/sbin:/sbin', 'LANG': 'C.UTF-8'} and shell False
DEBUG util.py:610:  Child return code was: 0
DEBUG util.py:636:  child environment: None
DEBUG util.py:558:  Executing command: ['/bin/mount', '-n', '-o', 'remount,private,rbind', '--target', '/var/lib/mock/alma+epel-10-x86_64-bootstrap/root/var/lib/mock/alma+epel-10-x86_64/root'] with env {'TERM': 'vt100', 'SHELL': '/bin/sh', 'HOME': '/builddir', 'HOSTNAME': 'mock', 'PATH': '/usr/bin:/bin:/usr/sbin:/sbin', 'LANG': 'C.UTF-8'} and shell False
DEBUG util.py:610:  Child return code was: 0
DEBUG util.py:636:  child environment: None
DEBUG util.py:553:  Using nspawn with args ['--capability=cap_ipc_lock', '--bind=/tmp/mock-resolv.tv3e0mrh:/etc/resolv.conf']
DEBUG util.py:558:  Executing command: ['/usr/bin/systemd-nspawn', '-q', '-M', 'aece8c0a1fbf46779485b55cd3462d90', '-D', '/var/lib/mock/alma+epel-10-x86_64-bootstrap/root', '-a', '--capability=cap_ipc_lock', '--bind=/tmp/mock-resolv.tv3e0mrh:/etc/resolv.conf', '--console=pipe', '--setenv=TERM=vt100', '--setenv=SHELL=/bin/bash', '--setenv=HOME=/builddir', '--setenv=HOSTNAME=mock', '--setenv=PATH=/usr/bin:/bin:/usr/sbin:/sbin', '--setenv=PROMPT_COMMAND=printf "\\033]0;<mock-chroot>\\007"', '--setenv=PS1=<mock-chroot> \\s-\\v\\$ ', '--setenv=LANG=C.UTF-8', '--resolv-conf=off', '/bin/rpm', '-qa', '--root', '/var/lib/mock/alma+epel-10-x86_64/root'] with env {'TERM': 'vt100', 'SHELL': '/bin/bash', 'HOME': '/builddir', 'HOSTNAME': 'mock', 'PATH': '/usr/bin:/bin:/usr/sbin:/sbin', 'PROMPT_COMMAND': 'printf "\\033]0;<mock-chroot>\\007"', 'PS1': '<mock-chroot> \\s-\\v\\$ ', 'LANG': 'C.UTF-8', 'SYSTEMD_NSPAWN_TMPFS_TMP': '0', 'SYSTEMD_SECCOMP': '0'} and shell False
DEBUG util.py:463:  gpg-pubkey-c2a1e572-668fe8ef
DEBUG util.py:463:  gpg-pubkey-e37ed158-65785fa9
DEBUG util.py:463:  libgcc-14.3.1-2.1.el10.alma.1.x86_64
DEBUG util.py:463:  ghc-srpm-macros-1.9.2-1.el10_0.noarch
DEBUG util.py:463:  fpc-srpm-macros-1.3-7.el10_1.noarch
DEBUG util.py:463:  ansible-srpm-macros-1-16.1.el10_0.noarch
DEBUG util.py:463:  rust-toolset-srpm-macros-1.88.0-1.el10.alma.1.noarch
DEBUG util.py:463:  qt6-srpm-macros-6.9.1-1.el10.noarch
DEBUG util.py:463:  perl-srpm-macros-1-57.el10.noarch
DEBUG util.py:463:  package-notes-srpm-macros-0.5-13.el10.noarch
DEBUG util.py:463:  openblas-srpm-macros-2-19.el10.noarch
DEBUG util.py:463:  ocaml-srpm-macros-10-4.el10.noarch
DEBUG util.py:463:  kernel-srpm-macros-1.0-25.el10.noarch
DEBUG util.py:463:  publicsuffix-list-dafsa-20240107-5.el10.noarch
DEBUG util.py:463:  pkgconf-m4-2.1.0-3.el10.noarch
DEBUG util.py:463:  pcre2-syntax-10.44-1.el10.3.noarch
DEBUG util.py:463:  ncurses-base-6.4-15.20240127.el10_1.noarch
DEBUG util.py:463:  libssh-config-0.11.1-5.el10_1.noarch
DEBUG util.py:463:  coreutils-common-9.5-6.el10.x86_64
DEBUG util.py:463:  almalinux-gpg-keys-10.1-16.el10.x86_64
DEBUG util.py:463:  almalinux-release-10.1-16.el10.x86_64
DEBUG util.py:463:  almalinux-repos-10.1-16.el10.x86_64
DEBUG util.py:463:  setup-2.14.5-7.el10.noarch
DEBUG util.py:463:  filesystem-3.18-17.el10.x86_64
DEBUG util.py:463:  basesystem-11-22.el10.noarch
DEBUG util.py:463:  glibc-gconv-extra-2.39-58.el10_1.7.alma.1.x86_64
DEBUG util.py:463:  ncurses-libs-6.4-15.20240127.el10_1.x86_64
DEBUG util.py:463:  glibc-2.39-58.el10_1.7.alma.1.x86_64
DEBUG util.py:463:  bash-5.2.26-6.el10.x86_64
DEBUG util.py:463:  glibc-common-2.39-58.el10_1.7.alma.1.x86_64
DEBUG util.py:463:  glibc-minimal-langpack-2.39-58.el10_1.7.alma.1.x86_64
DEBUG util.py:463:  zlib-ng-compat-2.2.3-3.el10_1.x86_64
DEBUG util.py:463:  bzip2-libs-1.0.8-25.el10.x86_64
DEBUG util.py:463:  xz-libs-5.6.2-4.el10_0.x86_64
DEBUG util.py:463:  libstdc++-14.3.1-2.1.el10.alma.1.x86_64
DEBUG util.py:463:  libuuid-2.40.2-15.el10_1.x86_64
DEBUG util.py:463:  popt-1.19-8.el10.x86_64
DEBUG util.py:463:  readline-8.2-11.el10.x86_64
DEBUG util.py:463:  libblkid-2.40.2-15.el10_1.x86_64
DEBUG util.py:463:  gmp-6.2.1-12.el10.x86_64
DEBUG util.py:463:  libattr-2.5.2-5.el10.x86_64
DEBUG util.py:463:  libacl-2.3.2-4.el10.x86_64
DEBUG util.py:463:  libxcrypt-4.4.36-10.el10.x86_64
DEBUG util.py:463:  libzstd-1.5.5-9.el10.x86_64
DEBUG util.py:463:  elfutils-libelf-0.193-1.el10.x86_64
DEBUG util.py:463:  crypto-policies-20250905-2.gitc7eb7b2.el10_1.1.noarch
DEBUG util.py:463:  gdbm-libs-1.23-12.el10_0.x86_64
DEBUG util.py:463:  libeconf-0.6.2-4.el10.x86_64
DEBUG util.py:463:  dwz-0.16-1.el10.x86_64
DEBUG util.py:463:  mpfr-4.2.1-5.el10.x86_64
DEBUG util.py:463:  gawk-5.3.0-6.el10.x86_64
DEBUG util.py:463:  unzip-6.0-69.el10.x86_64
DEBUG util.py:463:  file-libs-5.45-8.el10.x86_64
DEBUG util.py:463:  file-5.45-8.el10.x86_64
DEBUG util.py:463:  alternatives-1.30-2.el10.x86_64
DEBUG util.py:463:  jansson-2.14-3.el10.x86_64
DEBUG util.py:463:  libcap-ng-0.8.4-6.el10.x86_64
DEBUG util.py:463:  audit-libs-4.0.3-4.el10.x86_64
DEBUG util.py:463:  pam-libs-1.6.1-8.el10.x86_64
DEBUG util.py:463:  libcap-2.69-7.el10.x86_64
DEBUG util.py:463:  systemd-libs-257-13.el10.alma.1.x86_64
DEBUG util.py:463:  libffi-3.4.4-10.el10.x86_64
DEBUG util.py:463:  libsepol-3.9-1.el10.x86_64
DEBUG util.py:463:  libsmartcols-2.40.2-15.el10_1.x86_64
DEBUG util.py:463:  libtasn1-4.20.0-1.el10.x86_64
DEBUG util.py:463:  libunistring-1.1-10.el10.x86_64
DEBUG util.py:463:  libidn2-2.3.7-3.el10.x86_64
DEBUG util.py:463:  lua-libs-5.4.6-7.el10.x86_64
DEBUG util.py:463:  lz4-libs-1.9.4-8.el10.x86_64
DEBUG util.py:463:  pcre2-10.44-1.el10.3.x86_64
DEBUG util.py:463:  libselinux-3.9-1.el10.x86_64
DEBUG util.py:463:  sed-4.9-3.el10.x86_64
DEBUG util.py:463:  findutils-4.10.0-5.el10.x86_64
DEBUG util.py:463:  grep-3.11-10.el10.x86_64
DEBUG util.py:463:  xz-5.6.2-4.el10_0.x86_64
DEBUG util.py:463:  libmount-2.40.2-15.el10_1.x86_64
DEBUG util.py:463:  util-linux-core-2.40.2-15.el10_1.x86_64
DEBUG util.py:463:  libsemanage-3.9-1.el10.x86_64
DEBUG util.py:463:  shadow-utils-4.15.0-10.el10_1.x86_64
DEBUG util.py:463:  libutempter-1.2.1-15.el10.x86_64
DEBUG util.py:463:  tar-1.35-9.el10_1.x86_64
DEBUG util.py:463:  zstd-1.5.5-9.el10.x86_64
DEBUG util.py:463:  libpsl-0.21.5-6.el10.x86_64
DEBUG util.py:463:  p11-kit-0.25.5-7.el10.x86_64
DEBUG util.py:463:  p11-kit-trust-0.25.5-7.el10.x86_64
DEBUG util.py:463:  openssl-fips-provider-3.5.1-7.el10_1.alma.1.x86_64
DEBUG util.py:463:  openssl-libs-3.5.1-7.el10_1.alma.1.x86_64
DEBUG util.py:463:  coreutils-9.5-6.el10.x86_64
DEBUG util.py:463:  ca-certificates-2025.2.80_v9.0.305-102.el10_1.noarch
DEBUG util.py:463:  authselect-libs-1.5.0-8.el10.x86_64
DEBUG util.py:463:  gzip-1.13-3.el10.x86_64
DEBUG util.py:463:  cracklib-2.9.11-8.el10.x86_64
DEBUG util.py:463:  cracklib-dicts-2.9.11-8.el10.x86_64
DEBUG util.py:463:  libpwquality-1.4.5-12.el10.x86_64
DEBUG util.py:463:  libevent-2.1.12-16.el10.x86_64
DEBUG util.py:463:  rpm-sequoia-1.9.0.3-1.el10_1.x86_64
DEBUG util.py:463:  zip-3.0-45.el10.x86_64
DEBUG util.py:463:  cyrus-sasl-lib-2.1.28-29.el10.x86_64
DEBUG util.py:463:  openldap-2.6.9-1.el10.x86_64
DEBUG util.py:463:  gdbm-1.23-12.el10_0.x86_64
DEBUG util.py:463:  pam-1.6.1-8.el10.x86_64
DEBUG util.py:463:  libfdisk-2.40.2-15.el10_1.x86_64
DEBUG util.py:463:  libxml2-2.12.5-9.el10_0.x86_64
DEBUG util.py:463:  libarchive-3.7.7-5.el10_1.x86_64
DEBUG util.py:463:  bzip2-1.0.8-25.el10.x86_64
DEBUG util.py:463:  sqlite-libs-3.46.1-5.el10_1.x86_64
DEBUG util.py:463:  rpm-libs-4.19.1.1-20.el10.alma.1.x86_64
DEBUG util.py:463:  ed-1.20-5.el10.x86_64
DEBUG util.py:463:  patch-2.7.6-26.el10.x86_64
DEBUG util.py:463:  elfutils-default-yama-scope-0.193-1.el10.noarch
DEBUG util.py:463:  cpio-2.15-3.el10.x86_64
DEBUG util.py:463:  diffutils-3.10-8.el10.x86_64
DEBUG util.py:463:  json-c-0.18-3.el10.x86_64
DEBUG util.py:463:  keyutils-libs-1.6.3-5.el10.x86_64
DEBUG util.py:463:  libbrotli-1.1.0-7.el10_1.x86_64
DEBUG util.py:463:  libcom_err-1.47.1-4.el10.x86_64
DEBUG util.py:463:  libgomp-14.3.1-2.1.el10.alma.1.x86_64
DEBUG util.py:463:  libnghttp2-1.64.0-2.el10.x86_64
DEBUG util.py:463:  libpkgconf-2.1.0-3.el10.x86_64
DEBUG util.py:463:  pkgconf-2.1.0-3.el10.x86_64
DEBUG util.py:463:  pkgconf-pkg-config-2.1.0-3.el10.x86_64
DEBUG util.py:463:  libverto-0.3.2-10.el10.x86_64
DEBUG util.py:463:  krb5-libs-1.21.3-8.el10_0.x86_64
DEBUG util.py:463:  libssh-0.11.1-5.el10_1.x86_64
DEBUG util.py:463:  libcurl-8.12.1-2.el10_1.2.x86_64
DEBUG util.py:463:  elfutils-libs-0.193-1.el10.x86_64
DEBUG util.py:463:  elfutils-debuginfod-client-0.193-1.el10.x86_64
DEBUG util.py:463:  binutils-gold-2.41-58.el10_1.2.alma.1.x86_64
DEBUG util.py:463:  binutils-2.41-58.el10_1.2.alma.1.x86_64
DEBUG util.py:463:  elfutils-0.193-1.el10.x86_64
DEBUG util.py:463:  gdb-minimal-16.3-2.el10.x86_64
DEBUG util.py:463:  debugedit-5.1-8.el10.x86_64
DEBUG util.py:463:  rpm-build-libs-4.19.1.1-20.el10.alma.1.x86_64
DEBUG util.py:463:  curl-8.12.1-2.el10_1.2.x86_64
DEBUG util.py:463:  rpm-4.19.1.1-20.el10.alma.1.x86_64
DEBUG util.py:463:  efi-srpm-macros-6-6.el10.alma.1.noarch
DEBUG util.py:463:  lua-srpm-macros-1-15.el10.noarch
DEBUG util.py:463:  fonts-srpm-macros-2.0.5-18.el10.noarch
DEBUG util.py:463:  forge-srpm-macros-0.4.0-6.el10.noarch
DEBUG util.py:463:  go-srpm-macros-3.6.0-7.el10_1.noarch
DEBUG util.py:463:  python-srpm-macros-3.12-10.el10.noarch
DEBUG util.py:463:  redhat-rpm-config-293-1.el10.alma.2.noarch
DEBUG util.py:463:  rpm-build-4.19.1.1-20.el10.alma.1.x86_64
DEBUG util.py:463:  pyproject-srpm-macros-1.16.2-1.el10.noarch
DEBUG util.py:463:  R-srpm-macros-1.3.7-1.el10_1.noarch
DEBUG util.py:463:  epel-rpm-macros-10-7.el10_1.noarch
DEBUG util.py:463:  util-linux-2.40.2-15.el10_1.x86_64
DEBUG util.py:463:  authselect-1.5.0-8.el10.x86_64
DEBUG util.py:463:  which-2.21-44.el10_0.x86_64
DEBUG util.py:463:  info-7.1-6.el10.x86_64
DEBUG util.py:610:  Child return code was: 0
DEBUG util.py:185:  kill orphans in chroot /var/lib/mock/alma+epel-10-x86_64/root
DEBUG util.py:185:  kill orphans in chroot /var/lib/mock/alma+epel-10-x86_64-bootstrap/root/var/lib/mock/alma+epel-10-x86_64/root
DEBUG util.py:636:  child environment: None
DEBUG util.py:558:  Executing command: ['/bin/umount', '-n', '-l', '/var/lib/mock/alma+epel-10-x86_64-bootstrap/root/var/lib/mock/alma+epel-10-x86_64/root'] with env {'TERM': 'vt100', 'SHELL': '/bin/sh', 'HOME': '/builddir', 'HOSTNAME': 'mock', 'PATH': '/usr/bin:/bin:/usr/sbin:/sbin', 'LANG': 'C.UTF-8'} and shell False
DEBUG util.py:610:  Child return code was: 0
DEBUG util.py:636:  child environment: None
DEBUG util.py:558:  Executing command: ['/bin/umount', '-n', '-l', '/var/lib/mock/alma+epel-10-x86_64-bootstrap/root/var/lib/mock/alma+epel-10-x86_64/root'] with env {'TERM': 'vt100', 'SHELL': '/bin/sh', 'HOME': '/builddir', 'HOSTNAME': 'mock', 'PATH': '/usr/bin:/bin:/usr/sbin:/sbin', 'LANG': 'C.UTF-8'} and shell False
DEBUG util.py:610:  Child return code was: 0
INFO backend.py:229:  Installed packages:
INFO backend.py:230:  R-srpm-macros-1.3.7-1.el10_1.noarch
almalinux-gpg-keys-10.1-16.el10.x86_64
almalinux-release-10.1-16.el10.x86_64
almalinux-repos-10.1-16.el10.x86_64
alternatives-1.30-2.el10.x86_64
ansible-srpm-macros-1-16.1.el10_0.noarch
audit-libs-4.0.3-4.el10.x86_64
authselect-1.5.0-8.el10.x86_64
authselect-libs-1.5.0-8.el10.x86_64
basesystem-11-22.el10.noarch
bash-5.2.26-6.el10.x86_64
binutils-2.41-58.el10_1.2.alma.1.x86_64
binutils-gold-2.41-58.el10_1.2.alma.1.x86_64
bzip2-1.0.8-25.el10.x86_64
bzip2-libs-1.0.8-25.el10.x86_64
ca-certificates-2025.2.80_v9.0.305-102.el10_1.noarch
coreutils-9.5-6.el10.x86_64
coreutils-common-9.5-6.el10.x86_64
cpio-2.15-3.el10.x86_64
cracklib-2.9.11-8.el10.x86_64
cracklib-dicts-2.9.11-8.el10.x86_64
crypto-policies-20250905-2.gitc7eb7b2.el10_1.1.noarch
curl-8.12.1-2.el10_1.2.x86_64
cyrus-sasl-lib-2.1.28-29.el10.x86_64
debugedit-5.1-8.el10.x86_64
diffutils-3.10-8.el10.x86_64
dwz-0.16-1.el10.x86_64
ed-1.20-5.el10.x86_64
efi-srpm-macros-6-6.el10.alma.1.noarch
elfutils-0.193-1.el10.x86_64
elfutils-debuginfod-client-0.193-1.el10.x86_64
elfutils-default-yama-scope-0.193-1.el10.noarch
elfutils-libelf-0.193-1.el10.x86_64
elfutils-libs-0.193-1.el10.x86_64
epel-rpm-macros-10-7.el10_1.noarch
file-5.45-8.el10.x86_64
file-libs-5.45-8.el10.x86_64
filesystem-3.18-17.el10.x86_64
findutils-4.10.0-5.el10.x86_64
fonts-srpm-macros-2.0.5-18.el10.noarch
forge-srpm-macros-0.4.0-6.el10.noarch
fpc-srpm-macros-1.3-7.el10_1.noarch
gawk-5.3.0-6.el10.x86_64
gdb-minimal-16.3-2.el10.x86_64
gdbm-1.23-12.el10_0.x86_64
gdbm-libs-1.23-12.el10_0.x86_64
ghc-srpm-macros-1.9.2-1.el10_0.noarch
glibc-2.39-58.el10_1.7.alma.1.x86_64
glibc-common-2.39-58.el10_1.7.alma.1.x86_64
glibc-gconv-extra-2.39-58.el10_1.7.alma.1.x86_64
glibc-minimal-langpack-2.39-58.el10_1.7.alma.1.x86_64
gmp-6.2.1-12.el10.x86_64
go-srpm-macros-3.6.0-7.el10_1.noarch
gpg-pubkey-c2a1e572-668fe8ef
gpg-pubkey-e37ed158-65785fa9
grep-3.11-10.el10.x86_64
gzip-1.13-3.el10.x86_64
info-7.1-6.el10.x86_64
jansson-2.14-3.el10.x86_64
json-c-0.18-3.el10.x86_64
kernel-srpm-macros-1.0-25.el10.noarch
keyutils-libs-1.6.3-5.el10.x86_64
krb5-libs-1.21.3-8.el10_0.x86_64
libacl-2.3.2-4.el10.x86_64
libarchive-3.7.7-5.el10_1.x86_64
libattr-2.5.2-5.el10.x86_64
libblkid-2.40.2-15.el10_1.x86_64
libbrotli-1.1.0-7.el10_1.x86_64
libcap-2.69-7.el10.x86_64
libcap-ng-0.8.4-6.el10.x86_64
libcom_err-1.47.1-4.el10.x86_64
libcurl-8.12.1-2.el10_1.2.x86_64
libeconf-0.6.2-4.el10.x86_64
libevent-2.1.12-16.el10.x86_64
libfdisk-2.40.2-15.el10_1.x86_64
libffi-3.4.4-10.el10.x86_64
libgcc-14.3.1-2.1.el10.alma.1.x86_64
libgomp-14.3.1-2.1.el10.alma.1.x86_64
libidn2-2.3.7-3.el10.x86_64
libmount-2.40.2-15.el10_1.x86_64
libnghttp2-1.64.0-2.el10.x86_64
libpkgconf-2.1.0-3.el10.x86_64
libpsl-0.21.5-6.el10.x86_64
libpwquality-1.4.5-12.el10.x86_64
libselinux-3.9-1.el10.x86_64
libsemanage-3.9-1.el10.x86_64
libsepol-3.9-1.el10.x86_64
libsmartcols-2.40.2-15.el10_1.x86_64
libssh-0.11.1-5.el10_1.x86_64
libssh-config-0.11.1-5.el10_1.noarch
libstdc++-14.3.1-2.1.el10.alma.1.x86_64
libtasn1-4.20.0-1.el10.x86_64
libunistring-1.1-10.el10.x86_64
libutempter-1.2.1-15.el10.x86_64
libuuid-2.40.2-15.el10_1.x86_64
libverto-0.3.2-10.el10.x86_64
libxcrypt-4.4.36-10.el10.x86_64
libxml2-2.12.5-9.el10_0.x86_64
libzstd-1.5.5-9.el10.x86_64
lua-libs-5.4.6-7.el10.x86_64
lua-srpm-macros-1-15.el10.noarch
lz4-libs-1.9.4-8.el10.x86_64
mpfr-4.2.1-5.el10.x86_64
ncurses-base-6.4-15.20240127.el10_1.noarch
ncurses-libs-6.4-15.20240127.el10_1.x86_64
ocaml-srpm-macros-10-4.el10.noarch
openblas-srpm-macros-2-19.el10.noarch
openldap-2.6.9-1.el10.x86_64
openssl-fips-provider-3.5.1-7.el10_1.alma.1.x86_64
openssl-libs-3.5.1-7.el10_1.alma.1.x86_64
p11-kit-0.25.5-7.el10.x86_64
p11-kit-trust-0.25.5-7.el10.x86_64
package-notes-srpm-macros-0.5-13.el10.noarch
pam-1.6.1-8.el10.x86_64
pam-libs-1.6.1-8.el10.x86_64
patch-2.7.6-26.el10.x86_64
pcre2-10.44-1.el10.3.x86_64
pcre2-syntax-10.44-1.el10.3.noarch
perl-srpm-macros-1-57.el10.noarch
pkgconf-2.1.0-3.el10.x86_64
pkgconf-m4-2.1.0-3.el10.noarch
pkgconf-pkg-config-2.1.0-3.el10.x86_64
popt-1.19-8.el10.x86_64
publicsuffix-list-dafsa-20240107-5.el10.noarch
pyproject-srpm-macros-1.16.2-1.el10.noarch
python-srpm-macros-3.12-10.el10.noarch
qt6-srpm-macros-6.9.1-1.el10.noarch
readline-8.2-11.el10.x86_64
redhat-rpm-config-293-1.el10.alma.2.noarch
rpm-4.19.1.1-20.el10.alma.1.x86_64
rpm-build-4.19.1.1-20.el10.alma.1.x86_64
rpm-build-libs-4.19.1.1-20.el10.alma.1.x86_64
rpm-libs-4.19.1.1-20.el10.alma.1.x86_64
rpm-sequoia-1.9.0.3-1.el10_1.x86_64
rust-toolset-srpm-macros-1.88.0-1.el10.alma.1.noarch
sed-4.9-3.el10.x86_64
setup-2.14.5-7.el10.noarch
shadow-utils-4.15.0-10.el10_1.x86_64
sqlite-libs-3.46.1-5.el10_1.x86_64
systemd-libs-257-13.el10.alma.1.x86_64
tar-1.35-9.el10_1.x86_64
unzip-6.0-69.el10.x86_64
util-linux-2.40.2-15.el10_1.x86_64
util-linux-core-2.40.2-15.el10_1.x86_64
which-2.21-44.el10_0.x86_64
xz-5.6.2-4.el10_0.x86_64
xz-libs-5.6.2-4.el10_0.x86_64
zip-3.0-45.el10.x86_64
zlib-ng-compat-2.2.3-3.el10_1.x86_64
zstd-1.5.5-9.el10.x86_64
DEBUG util.py:636:  child environment: None
DEBUG util.py:553:  Using nspawn with args ['--capability=cap_ipc_lock', '--bind=/tmp/mock-resolv.pi8_0hv3:/etc/resolv.conf', '--bind=/dev/btrfs-control', '--bind=/dev/mapper/control', '--bind=/dev/fuse', '--bind=/dev/loop-control', '--bind=/dev/loop0', '--bind=/dev/loop1', '--bind=/dev/loop2', '--bind=/dev/loop3', '--bind=/dev/loop4', '--bind=/dev/loop5', '--bind=/dev/loop6', '--bind=/dev/loop7', '--bind=/dev/loop8', '--bind=/dev/loop9', '--bind=/dev/loop10', '--bind=/dev/loop11']
DEBUG util.py:558:  Executing command: ['/usr/bin/systemd-nspawn', '-q', '-M', '99eda68f9a944579b52f4a7f7894fca9', '-D', '/var/lib/mock/alma+epel-10-x86_64/root', '-a', '-u', 'mockbuild', '--capability=cap_ipc_lock', '--bind=/tmp/mock-resolv.pi8_0hv3:/etc/resolv.conf', '--bind=/dev/btrfs-control', '--bind=/dev/mapper/control', '--bind=/dev/fuse', '--bind=/dev/loop-control', '--bind=/dev/loop0', '--bind=/dev/loop1', '--bind=/dev/loop2', '--bind=/dev/loop3', '--bind=/dev/loop4', '--bind=/dev/loop5', '--bind=/dev/loop6', '--bind=/dev/loop7', '--bind=/dev/loop8', '--bind=/dev/loop9', '--bind=/dev/loop10', '--bind=/dev/loop11', '--console=pipe', '--setenv=TERM=vt100', '--setenv=SHELL=/bin/bash', '--setenv=HOME=/builddir', '--setenv=HOSTNAME=mock', '--setenv=PATH=/usr/bin:/bin:/usr/sbin:/sbin', '--setenv=PROMPT_COMMAND=printf "\\033]0;<mock-chroot>\\007"', '--setenv=PS1=<mock-chroot> \\s-\\v\\$ ', '--setenv=LANG=C.UTF-8', '--resolv-conf=off', '/bin/rpm', '-Uvh', '--nodeps', '/builddir/build/originals/nginx-1.28.3-1.alma10.ngx.src.rpm'] with env {'TERM': 'vt100', 'SHELL': '/bin/bash', 'HOME': '/builddir', 'HOSTNAME': 'mock', 'PATH': '/usr/bin:/bin:/usr/sbin:/sbin', 'PROMPT_COMMAND': 'printf "\\033]0;<mock-chroot>\\007"', 'PS1': '<mock-chroot> \\s-\\v\\$ ', 'LANG': 'C.UTF-8', 'SYSTEMD_NSPAWN_TMPFS_TMP': '0', 'SYSTEMD_SECCOMP': '0'} and shell False
DEBUG util.py:463:  Updating / installing...
DEBUG util.py:463:  nginx-2:1.28.3-1.alma10.ngx           ########################################
DEBUG util.py:610:  Child return code was: 0
DEBUG util.py:636:  child environment: None
DEBUG util.py:553:  Using nspawn with args ['--capability=cap_ipc_lock', '--bind=/tmp/mock-resolv.pi8_0hv3:/etc/resolv.conf', '--bind=/dev/btrfs-control', '--bind=/dev/mapper/control', '--bind=/dev/fuse', '--bind=/dev/loop-control', '--bind=/dev/loop0', '--bind=/dev/loop1', '--bind=/dev/loop2', '--bind=/dev/loop3', '--bind=/dev/loop4', '--bind=/dev/loop5', '--bind=/dev/loop6', '--bind=/dev/loop7', '--bind=/dev/loop8', '--bind=/dev/loop9', '--bind=/dev/loop10', '--bind=/dev/loop11']
DEBUG util.py:558:  Executing command: ['/usr/bin/systemd-nspawn', '-q', '-M', '056ab39c4a3d4d1091ed802ddeed85ce', '-D', '/var/lib/mock/alma+epel-10-x86_64/root', '-a', '-u', 'mockbuild', '--capability=cap_ipc_lock', '--bind=/tmp/mock-resolv.pi8_0hv3:/etc/resolv.conf', '--bind=/dev/btrfs-control', '--bind=/dev/mapper/control', '--bind=/dev/fuse', '--bind=/dev/loop-control', '--bind=/dev/loop0', '--bind=/dev/loop1', '--bind=/dev/loop2', '--bind=/dev/loop3', '--bind=/dev/loop4', '--bind=/dev/loop5', '--bind=/dev/loop6', '--bind=/dev/loop7', '--bind=/dev/loop8', '--bind=/dev/loop9', '--bind=/dev/loop10', '--bind=/dev/loop11', '--console=pipe', '--setenv=TERM=vt100', '--setenv=SHELL=/bin/bash', '--setenv=HOME=/builddir', '--setenv=HOSTNAME=mock', '--setenv=PATH=/usr/bin:/bin:/usr/sbin:/sbin', '--setenv=PROMPT_COMMAND=printf "\\033]0;<mock-chroot>\\007"', '--setenv=PS1=<mock-chroot> \\s-\\v\\$ ', '--setenv=LANG=C.UTF-8', '--resolv-conf=off', '/bin/rpm', '-qpl', '/builddir/build/originals/nginx-1.28.3-1.alma10.ngx.src.rpm'] with env {'TERM': 'vt100', 'SHELL': '/bin/bash', 'HOME': '/builddir', 'HOSTNAME': 'mock', 'PATH': '/usr/bin:/bin:/usr/sbin:/sbin', 'PROMPT_COMMAND': 'printf "\\033]0;<mock-chroot>\\007"', 'PS1': '<mock-chroot> \\s-\\v\\$ ', 'LANG': 'C.UTF-8', 'SYSTEMD_NSPAWN_TMPFS_TMP': '0', 'SYSTEMD_SECCOMP': '0'} and shell False
DEBUG util.py:463:  0.1.1.tar.gz
DEBUG util.py:463:  logrotate
DEBUG util.py:463:  nginx-1.28.3.tar.gz
DEBUG util.py:463:  nginx-debug.service
DEBUG util.py:463:  nginx.check-reload.sh
DEBUG util.py:463:  nginx.conf
DEBUG util.py:463:  nginx.copyright
DEBUG util.py:463:  nginx.default.conf
DEBUG util.py:463:  nginx.service
DEBUG util.py:463:  nginx.spec
DEBUG util.py:463:  nginx.suse.logrotate
DEBUG util.py:463:  nginx.upgrade.sh
DEBUG util.py:463:  openssl-3.5.6.tar.gz
DEBUG util.py:610:  Child return code was: 0
DEBUG file_util.py:17:  ensuring that dir exists: /var/lib/mock/alma+epel-10-x86_64-bootstrap/root/var/lib/mock/alma+epel-10-x86_64/root
DEBUG util.py:636:  child environment: None
DEBUG util.py:558:  Executing command: ['/bin/mount', '-n', '-t', 'tmpfs', '-o', 'private,mode=0755', 'tmpfs', '/var/lib/mock/alma+epel-10-x86_64-bootstrap/root/var/lib/mock/alma+epel-10-x86_64/root'] with env {'TERM': 'vt100', 'SHELL': '/bin/sh', 'HOME': '/builddir', 'HOSTNAME': 'mock', 'PATH': '/usr/bin:/bin:/usr/sbin:/sbin', 'LANG': 'C.UTF-8'} and shell False
DEBUG util.py:610:  Child return code was: 0
DEBUG file_util.py:17:  ensuring that dir exists: /var/lib/mock/alma+epel-10-x86_64-bootstrap/root/var/lib/mock/alma+epel-10-x86_64/root
DEBUG util.py:636:  child environment: None
DEBUG util.py:558:  Executing command: ['/bin/mount', '-n', '-o', 'rbind', '/var/lib/mock/alma+epel-10-x86_64/root', '/var/lib/mock/alma+epel-10-x86_64-bootstrap/root/var/lib/mock/alma+epel-10-x86_64/root'] with env {'TERM': 'vt100', 'SHELL': '/bin/sh', 'HOME': '/builddir', 'HOSTNAME': 'mock', 'PATH': '/usr/bin:/bin:/usr/sbin:/sbin', 'LANG': 'C.UTF-8'} and shell False
DEBUG util.py:610:  Child return code was: 0
DEBUG util.py:636:  child environment: None
DEBUG util.py:558:  Executing command: ['/bin/mount', '-n', '-o', 'remount,private,rbind', '--target', '/var/lib/mock/alma+epel-10-x86_64-bootstrap/root/var/lib/mock/alma+epel-10-x86_64/root'] with env {'TERM': 'vt100', 'SHELL': '/bin/sh', 'HOME': '/builddir', 'HOSTNAME': 'mock', 'PATH': '/usr/bin:/bin:/usr/sbin:/sbin', 'LANG': 'C.UTF-8'} and shell False
DEBUG util.py:610:  Child return code was: 0
DEBUG util.py:636:  child environment: None
DEBUG util.py:553:  Using nspawn with args ['--capability=cap_ipc_lock', '--bind=/tmp/mock-resolv.tv3e0mrh:/etc/resolv.conf']
DEBUG util.py:558:  Executing command: ['/usr/bin/systemd-nspawn', '-q', '-M', 'a5ae95ec42c046769e76057a1abc012a', '-D', '/var/lib/mock/alma+epel-10-x86_64-bootstrap/root', '-a', '--capability=cap_ipc_lock', '--bind=/tmp/mock-resolv.tv3e0mrh:/etc/resolv.conf', '--console=pipe', '--setenv=TERM=vt100', '--setenv=SHELL=/bin/bash', '--setenv=HOME=/builddir', '--setenv=HOSTNAME=mock', '--setenv=PATH=/usr/bin:/bin:/usr/sbin:/sbin', '--setenv=PROMPT_COMMAND=printf "\\033]0;<mock-chroot>\\007"', '--setenv=PS1=<mock-chroot> \\s-\\v\\$ ', '--setenv=LANG=C.UTF-8', '--resolv-conf=off', '/bin/rpm', '-qa', '--root', '/var/lib/mock/alma+epel-10-x86_64/root'] with env {'TERM': 'vt100', 'SHELL': '/bin/bash', 'HOME': '/builddir', 'HOSTNAME': 'mock', 'PATH': '/usr/bin:/bin:/usr/sbin:/sbin', 'PROMPT_COMMAND': 'printf "\\033]0;<mock-chroot>\\007"', 'PS1': '<mock-chroot> \\s-\\v\\$ ', 'LANG': 'C.UTF-8', 'SYSTEMD_NSPAWN_TMPFS_TMP': '0', 'SYSTEMD_SECCOMP': '0'} and shell False
DEBUG util.py:463:  gpg-pubkey-c2a1e572-668fe8ef
DEBUG util.py:463:  gpg-pubkey-e37ed158-65785fa9
DEBUG util.py:463:  libgcc-14.3.1-2.1.el10.alma.1.x86_64
DEBUG util.py:463:  ghc-srpm-macros-1.9.2-1.el10_0.noarch
DEBUG util.py:463:  fpc-srpm-macros-1.3-7.el10_1.noarch
DEBUG util.py:463:  ansible-srpm-macros-1-16.1.el10_0.noarch
DEBUG util.py:463:  rust-toolset-srpm-macros-1.88.0-1.el10.alma.1.noarch
DEBUG util.py:463:  qt6-srpm-macros-6.9.1-1.el10.noarch
DEBUG util.py:463:  perl-srpm-macros-1-57.el10.noarch
DEBUG util.py:463:  package-notes-srpm-macros-0.5-13.el10.noarch
DEBUG util.py:463:  openblas-srpm-macros-2-19.el10.noarch
DEBUG util.py:463:  ocaml-srpm-macros-10-4.el10.noarch
DEBUG util.py:463:  kernel-srpm-macros-1.0-25.el10.noarch
DEBUG util.py:463:  publicsuffix-list-dafsa-20240107-5.el10.noarch
DEBUG util.py:463:  pkgconf-m4-2.1.0-3.el10.noarch
DEBUG util.py:463:  pcre2-syntax-10.44-1.el10.3.noarch
DEBUG util.py:463:  ncurses-base-6.4-15.20240127.el10_1.noarch
DEBUG util.py:463:  libssh-config-0.11.1-5.el10_1.noarch
DEBUG util.py:463:  coreutils-common-9.5-6.el10.x86_64
DEBUG util.py:463:  almalinux-gpg-keys-10.1-16.el10.x86_64
DEBUG util.py:463:  almalinux-release-10.1-16.el10.x86_64
DEBUG util.py:463:  almalinux-repos-10.1-16.el10.x86_64
DEBUG util.py:463:  setup-2.14.5-7.el10.noarch
DEBUG util.py:463:  filesystem-3.18-17.el10.x86_64
DEBUG util.py:463:  basesystem-11-22.el10.noarch
DEBUG util.py:463:  glibc-gconv-extra-2.39-58.el10_1.7.alma.1.x86_64
DEBUG util.py:463:  ncurses-libs-6.4-15.20240127.el10_1.x86_64
DEBUG util.py:463:  glibc-2.39-58.el10_1.7.alma.1.x86_64
DEBUG util.py:463:  bash-5.2.26-6.el10.x86_64
DEBUG util.py:463:  glibc-common-2.39-58.el10_1.7.alma.1.x86_64
DEBUG util.py:463:  glibc-minimal-langpack-2.39-58.el10_1.7.alma.1.x86_64
DEBUG util.py:463:  zlib-ng-compat-2.2.3-3.el10_1.x86_64
DEBUG util.py:463:  bzip2-libs-1.0.8-25.el10.x86_64
DEBUG util.py:463:  xz-libs-5.6.2-4.el10_0.x86_64
DEBUG util.py:463:  libstdc++-14.3.1-2.1.el10.alma.1.x86_64
DEBUG util.py:463:  libuuid-2.40.2-15.el10_1.x86_64
DEBUG util.py:463:  popt-1.19-8.el10.x86_64
DEBUG util.py:463:  readline-8.2-11.el10.x86_64
DEBUG util.py:463:  libblkid-2.40.2-15.el10_1.x86_64
DEBUG util.py:463:  gmp-6.2.1-12.el10.x86_64
DEBUG util.py:463:  libattr-2.5.2-5.el10.x86_64
DEBUG util.py:463:  libacl-2.3.2-4.el10.x86_64
DEBUG util.py:463:  libxcrypt-4.4.36-10.el10.x86_64
DEBUG util.py:463:  libzstd-1.5.5-9.el10.x86_64
DEBUG util.py:463:  elfutils-libelf-0.193-1.el10.x86_64
DEBUG util.py:463:  crypto-policies-20250905-2.gitc7eb7b2.el10_1.1.noarch
DEBUG util.py:463:  gdbm-libs-1.23-12.el10_0.x86_64
DEBUG util.py:463:  libeconf-0.6.2-4.el10.x86_64
DEBUG util.py:463:  dwz-0.16-1.el10.x86_64
DEBUG util.py:463:  mpfr-4.2.1-5.el10.x86_64
DEBUG util.py:463:  gawk-5.3.0-6.el10.x86_64
DEBUG util.py:463:  unzip-6.0-69.el10.x86_64
DEBUG util.py:463:  file-libs-5.45-8.el10.x86_64
DEBUG util.py:463:  file-5.45-8.el10.x86_64
DEBUG util.py:463:  alternatives-1.30-2.el10.x86_64
DEBUG util.py:463:  jansson-2.14-3.el10.x86_64
DEBUG util.py:463:  libcap-ng-0.8.4-6.el10.x86_64
DEBUG util.py:463:  audit-libs-4.0.3-4.el10.x86_64
DEBUG util.py:463:  pam-libs-1.6.1-8.el10.x86_64
DEBUG util.py:463:  libcap-2.69-7.el10.x86_64
DEBUG util.py:463:  systemd-libs-257-13.el10.alma.1.x86_64
DEBUG util.py:463:  libffi-3.4.4-10.el10.x86_64
DEBUG util.py:463:  libsepol-3.9-1.el10.x86_64
DEBUG util.py:463:  libsmartcols-2.40.2-15.el10_1.x86_64
DEBUG util.py:463:  libtasn1-4.20.0-1.el10.x86_64
DEBUG util.py:463:  libunistring-1.1-10.el10.x86_64
DEBUG util.py:463:  libidn2-2.3.7-3.el10.x86_64
DEBUG util.py:463:  lua-libs-5.4.6-7.el10.x86_64
DEBUG util.py:463:  lz4-libs-1.9.4-8.el10.x86_64
DEBUG util.py:463:  pcre2-10.44-1.el10.3.x86_64
DEBUG util.py:463:  libselinux-3.9-1.el10.x86_64
DEBUG util.py:463:  sed-4.9-3.el10.x86_64
DEBUG util.py:463:  findutils-4.10.0-5.el10.x86_64
DEBUG util.py:463:  grep-3.11-10.el10.x86_64
DEBUG util.py:463:  xz-5.6.2-4.el10_0.x86_64
DEBUG util.py:463:  libmount-2.40.2-15.el10_1.x86_64
DEBUG util.py:463:  util-linux-core-2.40.2-15.el10_1.x86_64
DEBUG util.py:463:  libsemanage-3.9-1.el10.x86_64
DEBUG util.py:463:  shadow-utils-4.15.0-10.el10_1.x86_64
DEBUG util.py:463:  libutempter-1.2.1-15.el10.x86_64
DEBUG util.py:463:  tar-1.35-9.el10_1.x86_64
DEBUG util.py:463:  zstd-1.5.5-9.el10.x86_64
DEBUG util.py:463:  libpsl-0.21.5-6.el10.x86_64
DEBUG util.py:463:  p11-kit-0.25.5-7.el10.x86_64
DEBUG util.py:463:  p11-kit-trust-0.25.5-7.el10.x86_64
DEBUG util.py:463:  openssl-fips-provider-3.5.1-7.el10_1.alma.1.x86_64
DEBUG util.py:463:  openssl-libs-3.5.1-7.el10_1.alma.1.x86_64
DEBUG util.py:463:  coreutils-9.5-6.el10.x86_64
DEBUG util.py:463:  ca-certificates-2025.2.80_v9.0.305-102.el10_1.noarch
DEBUG util.py:463:  authselect-libs-1.5.0-8.el10.x86_64
DEBUG util.py:463:  gzip-1.13-3.el10.x86_64
DEBUG util.py:463:  cracklib-2.9.11-8.el10.x86_64
DEBUG util.py:463:  cracklib-dicts-2.9.11-8.el10.x86_64
DEBUG util.py:463:  libpwquality-1.4.5-12.el10.x86_64
DEBUG util.py:463:  libevent-2.1.12-16.el10.x86_64
DEBUG util.py:463:  rpm-sequoia-1.9.0.3-1.el10_1.x86_64
DEBUG util.py:463:  zip-3.0-45.el10.x86_64
DEBUG util.py:463:  cyrus-sasl-lib-2.1.28-29.el10.x86_64
DEBUG util.py:463:  openldap-2.6.9-1.el10.x86_64
DEBUG util.py:463:  gdbm-1.23-12.el10_0.x86_64
DEBUG util.py:463:  pam-1.6.1-8.el10.x86_64
DEBUG util.py:463:  libfdisk-2.40.2-15.el10_1.x86_64
DEBUG util.py:463:  libxml2-2.12.5-9.el10_0.x86_64
DEBUG util.py:463:  libarchive-3.7.7-5.el10_1.x86_64
DEBUG util.py:463:  bzip2-1.0.8-25.el10.x86_64
DEBUG util.py:463:  sqlite-libs-3.46.1-5.el10_1.x86_64
DEBUG util.py:463:  rpm-libs-4.19.1.1-20.el10.alma.1.x86_64
DEBUG util.py:463:  ed-1.20-5.el10.x86_64
DEBUG util.py:463:  patch-2.7.6-26.el10.x86_64
DEBUG util.py:463:  elfutils-default-yama-scope-0.193-1.el10.noarch
DEBUG util.py:463:  cpio-2.15-3.el10.x86_64
DEBUG util.py:463:  diffutils-3.10-8.el10.x86_64
DEBUG util.py:463:  json-c-0.18-3.el10.x86_64
DEBUG util.py:463:  keyutils-libs-1.6.3-5.el10.x86_64
DEBUG util.py:463:  libbrotli-1.1.0-7.el10_1.x86_64
DEBUG util.py:463:  libcom_err-1.47.1-4.el10.x86_64
DEBUG util.py:463:  libgomp-14.3.1-2.1.el10.alma.1.x86_64
DEBUG util.py:463:  libnghttp2-1.64.0-2.el10.x86_64
DEBUG util.py:463:  libpkgconf-2.1.0-3.el10.x86_64
DEBUG util.py:463:  pkgconf-2.1.0-3.el10.x86_64
DEBUG util.py:463:  pkgconf-pkg-config-2.1.0-3.el10.x86_64
DEBUG util.py:463:  libverto-0.3.2-10.el10.x86_64
DEBUG util.py:463:  krb5-libs-1.21.3-8.el10_0.x86_64
DEBUG util.py:463:  libssh-0.11.1-5.el10_1.x86_64
DEBUG util.py:463:  libcurl-8.12.1-2.el10_1.2.x86_64
DEBUG util.py:463:  elfutils-libs-0.193-1.el10.x86_64
DEBUG util.py:463:  elfutils-debuginfod-client-0.193-1.el10.x86_64
DEBUG util.py:463:  binutils-gold-2.41-58.el10_1.2.alma.1.x86_64
DEBUG util.py:463:  binutils-2.41-58.el10_1.2.alma.1.x86_64
DEBUG util.py:463:  elfutils-0.193-1.el10.x86_64
DEBUG util.py:463:  gdb-minimal-16.3-2.el10.x86_64
DEBUG util.py:463:  debugedit-5.1-8.el10.x86_64
DEBUG util.py:463:  rpm-build-libs-4.19.1.1-20.el10.alma.1.x86_64
DEBUG util.py:463:  curl-8.12.1-2.el10_1.2.x86_64
DEBUG util.py:463:  rpm-4.19.1.1-20.el10.alma.1.x86_64
DEBUG util.py:463:  efi-srpm-macros-6-6.el10.alma.1.noarch
DEBUG util.py:463:  lua-srpm-macros-1-15.el10.noarch
DEBUG util.py:463:  fonts-srpm-macros-2.0.5-18.el10.noarch
DEBUG util.py:463:  forge-srpm-macros-0.4.0-6.el10.noarch
DEBUG util.py:463:  go-srpm-macros-3.6.0-7.el10_1.noarch
DEBUG util.py:463:  python-srpm-macros-3.12-10.el10.noarch
DEBUG util.py:463:  redhat-rpm-config-293-1.el10.alma.2.noarch
DEBUG util.py:463:  rpm-build-4.19.1.1-20.el10.alma.1.x86_64
DEBUG util.py:463:  pyproject-srpm-macros-1.16.2-1.el10.noarch
DEBUG util.py:463:  R-srpm-macros-1.3.7-1.el10_1.noarch
DEBUG util.py:463:  epel-rpm-macros-10-7.el10_1.noarch
DEBUG util.py:463:  util-linux-2.40.2-15.el10_1.x86_64
DEBUG util.py:463:  authselect-1.5.0-8.el10.x86_64
DEBUG util.py:463:  which-2.21-44.el10_0.x86_64
DEBUG util.py:463:  info-7.1-6.el10.x86_64
DEBUG util.py:610:  Child return code was: 0
DEBUG util.py:185:  kill orphans in chroot /var/lib/mock/alma+epel-10-x86_64/root
DEBUG util.py:185:  kill orphans in chroot /var/lib/mock/alma+epel-10-x86_64-bootstrap/root/var/lib/mock/alma+epel-10-x86_64/root
DEBUG util.py:636:  child environment: None
DEBUG util.py:558:  Executing command: ['/bin/umount', '-n', '-l', '/var/lib/mock/alma+epel-10-x86_64-bootstrap/root/var/lib/mock/alma+epel-10-x86_64/root'] with env {'TERM': 'vt100', 'SHELL': '/bin/sh', 'HOME': '/builddir', 'HOSTNAME': 'mock', 'PATH': '/usr/bin:/bin:/usr/sbin:/sbin', 'LANG': 'C.UTF-8'} and shell False
DEBUG util.py:610:  Child return code was: 0
DEBUG util.py:636:  child environment: None
DEBUG util.py:558:  Executing command: ['/bin/umount', '-n', '-l', '/var/lib/mock/alma+epel-10-x86_64-bootstrap/root/var/lib/mock/alma+epel-10-x86_64/root'] with env {'TERM': 'vt100', 'SHELL': '/bin/sh', 'HOME': '/builddir', 'HOSTNAME': 'mock', 'PATH': '/usr/bin:/bin:/usr/sbin:/sbin', 'LANG': 'C.UTF-8'} and shell False
DEBUG util.py:610:  Child return code was: 0
DEBUG util.py:636:  child environment: None
DEBUG util.py:553:  Using nspawn with args ['--capability=cap_ipc_lock', '--bind=/tmp/mock-resolv.pi8_0hv3:/etc/resolv.conf', '--bind=/dev/btrfs-control', '--bind=/dev/mapper/control', '--bind=/dev/fuse', '--bind=/dev/loop-control', '--bind=/dev/loop0', '--bind=/dev/loop1', '--bind=/dev/loop2', '--bind=/dev/loop3', '--bind=/dev/loop4', '--bind=/dev/loop5', '--bind=/dev/loop6', '--bind=/dev/loop7', '--bind=/dev/loop8', '--bind=/dev/loop9', '--bind=/dev/loop10', '--bind=/dev/loop11']
DEBUG util.py:558:  Executing command: ['/usr/bin/systemd-nspawn', '-q', '-M', '99930d9ffdad472588b217dddda6f348', '-D', '/var/lib/mock/alma+epel-10-x86_64/root', '-a', '--capability=cap_ipc_lock', '--bind=/tmp/mock-resolv.pi8_0hv3:/etc/resolv.conf', '--bind=/dev/btrfs-control', '--bind=/dev/mapper/control', '--bind=/dev/fuse', '--bind=/dev/loop-control', '--bind=/dev/loop0', '--bind=/dev/loop1', '--bind=/dev/loop2', '--bind=/dev/loop3', '--bind=/dev/loop4', '--bind=/dev/loop5', '--bind=/dev/loop6', '--bind=/dev/loop7', '--bind=/dev/loop8', '--bind=/dev/loop9', '--bind=/dev/loop10', '--bind=/dev/loop11', '--console=pipe', '--setenv=TERM=vt100', '--setenv=SHELL=/bin/bash', '--setenv=HOME=/builddir', '--setenv=HOSTNAME=mock', '--setenv=PATH=/usr/bin:/bin:/usr/sbin:/sbin', '--setenv=PROMPT_COMMAND=printf "\\033]0;<mock-chroot>\\007"', '--setenv=PS1=<mock-chroot> \\s-\\v\\$ ', '--setenv=LANG=C.UTF-8', '--resolv-conf=off', '/bin/sh', '-c', 'case $(rpmbuild --help) in *--noclean*) exit 0; esac; exit 1'] with env {'TERM': 'vt100', 'SHELL': '/bin/bash', 'HOME': '/builddir', 'HOSTNAME': 'mock', 'PATH': '/usr/bin:/bin:/usr/sbin:/sbin', 'PROMPT_COMMAND': 'printf "\\033]0;<mock-chroot>\\007"', 'PS1': '<mock-chroot> \\s-\\v\\$ ', 'LANG': 'C.UTF-8', 'SYSTEMD_NSPAWN_TMPFS_TMP': '0', 'SYSTEMD_SECCOMP': '0'} and shell False
DEBUG util.py:610:  Child return code was: 0
DEBUG util.py:636:  child environment: None
DEBUG file_util.py:17:  ensuring that dir exists: /var/lib/mock/alma+epel-10-x86_64/root/proc
DEBUG util.py:636:  child environment: None
DEBUG util.py:558:  Executing command: ['/bin/mount', '-n', '-t', 'tmpfs', '-o', 'rprivate,mode=0755', 'tmpfs', '/var/lib/mock/alma+epel-10-x86_64/root/proc'] with env {'TERM': 'vt100', 'SHELL': '/bin/sh', 'HOME': '/builddir', 'HOSTNAME': 'mock', 'PATH': '/usr/bin:/bin:/usr/sbin:/sbin', 'LANG': 'C.UTF-8'} and shell False
DEBUG util.py:610:  Child return code was: 0
DEBUG file_util.py:17:  ensuring that dir exists: /var/lib/mock/alma+epel-10-x86_64/root/proc
DEBUG util.py:636:  child environment: None
DEBUG util.py:558:  Executing command: ['/bin/mount', '-n', '-o', 'rbind', '/proc', '/var/lib/mock/alma+epel-10-x86_64/root/proc'] with env {'TERM': 'vt100', 'SHELL': '/bin/sh', 'HOME': '/builddir', 'HOSTNAME': 'mock', 'PATH': '/usr/bin:/bin:/usr/sbin:/sbin', 'LANG': 'C.UTF-8'} and shell False
DEBUG util.py:610:  Child return code was: 0
DEBUG util.py:636:  child environment: None
DEBUG util.py:558:  Executing command: ['/bin/mount', '-n', '-o', 'remount,nodev,noexec,nosuid,readonly,rprivate,rbind', '--target', '/var/lib/mock/alma+epel-10-x86_64/root/proc'] with env {'TERM': 'vt100', 'SHELL': '/bin/sh', 'HOME': '/builddir', 'HOSTNAME': 'mock', 'PATH': '/usr/bin:/bin:/usr/sbin:/sbin', 'LANG': 'C.UTF-8'} and shell False
DEBUG util.py:610:  Child return code was: 0
DEBUG file_util.py:17:  ensuring that dir exists: /var/lib/mock/alma+epel-10-x86_64/root/sys
DEBUG util.py:636:  child environment: None
DEBUG util.py:558:  Executing command: ['/bin/mount', '-n', '-t', 'tmpfs', '-o', 'rprivate,mode=0755', 'tmpfs', '/var/lib/mock/alma+epel-10-x86_64/root/sys'] with env {'TERM': 'vt100', 'SHELL': '/bin/sh', 'HOME': '/builddir', 'HOSTNAME': 'mock', 'PATH': '/usr/bin:/bin:/usr/sbin:/sbin', 'LANG': 'C.UTF-8'} and shell False
DEBUG util.py:610:  Child return code was: 0
DEBUG file_util.py:17:  ensuring that dir exists: /var/lib/mock/alma+epel-10-x86_64/root/sys
DEBUG util.py:636:  child environment: None
DEBUG util.py:558:  Executing command: ['/bin/mount', '-n', '-o', 'rbind', '/sys', '/var/lib/mock/alma+epel-10-x86_64/root/sys'] with env {'TERM': 'vt100', 'SHELL': '/bin/sh', 'HOME': '/builddir', 'HOSTNAME': 'mock', 'PATH': '/usr/bin:/bin:/usr/sbin:/sbin', 'LANG': 'C.UTF-8'} and shell False
DEBUG util.py:610:  Child return code was: 0
DEBUG util.py:636:  child environment: None
DEBUG util.py:558:  Executing command: ['/bin/mount', '-n', '-o', 'remount,nodev,noexec,nosuid,readonly,rprivate,rbind', '--target', '/var/lib/mock/alma+epel-10-x86_64/root/sys'] with env {'TERM': 'vt100', 'SHELL': '/bin/sh', 'HOME': '/builddir', 'HOSTNAME': 'mock', 'PATH': '/usr/bin:/bin:/usr/sbin:/sbin', 'LANG': 'C.UTF-8'} and shell False
DEBUG util.py:610:  Child return code was: 0
DEBUG file_util.py:17:  ensuring that dir exists: /var/lib/mock/alma+epel-10-x86_64/root/dev/shm
DEBUG util.py:636:  child environment: None
DEBUG util.py:558:  Executing command: ['/bin/mount', '-n', '-t', 'tmpfs', 'tmpfs', '/var/lib/mock/alma+epel-10-x86_64/root/dev/shm'] with env {'TERM': 'vt100', 'SHELL': '/bin/sh', 'HOME': '/builddir', 'HOSTNAME': 'mock', 'PATH': '/usr/bin:/bin:/usr/sbin:/sbin', 'LANG': 'C.UTF-8'} and shell False
DEBUG util.py:610:  Child return code was: 0
DEBUG file_util.py:17:  ensuring that dir exists: /var/lib/mock/alma+epel-10-x86_64/root/dev/pts
DEBUG util.py:636:  child environment: None
DEBUG util.py:558:  Executing command: ['/bin/mount', '-n', '-t', 'devpts', '-o', 'gid=5,mode=0620,ptmxmode=0666,newinstance', 'devpts', '/var/lib/mock/alma+epel-10-x86_64/root/dev/pts'] with env {'TERM': 'vt100', 'SHELL': '/bin/sh', 'HOME': '/builddir', 'HOSTNAME': 'mock', 'PATH': '/usr/bin:/bin:/usr/sbin:/sbin', 'LANG': 'C.UTF-8'} and shell False
DEBUG util.py:610:  Child return code was: 0
DEBUG file_util.py:17:  ensuring that dir exists: /var/lib/mock/alma+epel-10-x86_64-bootstrap/root/var/lib/mock/alma+epel-10-x86_64/root
DEBUG util.py:636:  child environment: None
DEBUG util.py:558:  Executing command: ['/bin/mount', '-n', '-t', 'tmpfs', '-o', 'private,mode=0755', 'tmpfs', '/var/lib/mock/alma+epel-10-x86_64-bootstrap/root/var/lib/mock/alma+epel-10-x86_64/root'] with env {'TERM': 'vt100', 'SHELL': '/bin/sh', 'HOME': '/builddir', 'HOSTNAME': 'mock', 'PATH': '/usr/bin:/bin:/usr/sbin:/sbin', 'LANG': 'C.UTF-8'} and shell False
DEBUG util.py:610:  Child return code was: 0
DEBUG file_util.py:17:  ensuring that dir exists: /var/lib/mock/alma+epel-10-x86_64-bootstrap/root/var/lib/mock/alma+epel-10-x86_64/root
DEBUG util.py:636:  child environment: None
DEBUG util.py:558:  Executing command: ['/bin/mount', '-n', '-o', 'rbind', '/var/lib/mock/alma+epel-10-x86_64/root', '/var/lib/mock/alma+epel-10-x86_64-bootstrap/root/var/lib/mock/alma+epel-10-x86_64/root'] with env {'TERM': 'vt100', 'SHELL': '/bin/sh', 'HOME': '/builddir', 'HOSTNAME': 'mock', 'PATH': '/usr/bin:/bin:/usr/sbin:/sbin', 'LANG': 'C.UTF-8'} and shell False
DEBUG util.py:610:  Child return code was: 0
DEBUG util.py:636:  child environment: None
DEBUG util.py:558:  Executing command: ['/bin/mount', '-n', '-o', 'remount,private,rbind', '--target', '/var/lib/mock/alma+epel-10-x86_64-bootstrap/root/var/lib/mock/alma+epel-10-x86_64/root'] with env {'TERM': 'vt100', 'SHELL': '/bin/sh', 'HOME': '/builddir', 'HOSTNAME': 'mock', 'PATH': '/usr/bin:/bin:/usr/sbin:/sbin', 'LANG': 'C.UTF-8'} and shell False
DEBUG util.py:610:  Child return code was: 0
DEBUG file_util.py:17:  ensuring that dir exists: /var/lib/mock/alma+epel-10-x86_64/root/installation-homedir
DEBUG package_manager.py:295:  ['/usr/bin/dnf-3', 'builddep', '--installroot', '/var/lib/mock/alma+epel-10-x86_64/root/', '--releasever', '10', '--setopt=deltarpm=False', '--setopt=allow_vendor_change=yes', '--allowerasing', '--disableplugin=local', '--disableplugin=spacewalk', '--disableplugin=versionlock', '/var/lib/mock/alma+epel-10-x86_64/root//builddir/build/SRPMS/nginx-1.28.3-1.alma10.ngx.src.rpm']
DEBUG util.py:636:  child environment: None
DEBUG util.py:553:  Using nspawn with args ['--capability=cap_ipc_lock', '--bind=/tmp/mock-resolv.tv3e0mrh:/etc/resolv.conf']
DEBUG util.py:558:  Executing command: ['/usr/bin/systemd-nspawn', '-q', '-M', '1a2247970e534d2cbbecd39d2216ad0d', '-D', '/var/lib/mock/alma+epel-10-x86_64-bootstrap/root', '-a', '--capability=cap_ipc_lock', '--bind=/tmp/mock-resolv.tv3e0mrh:/etc/resolv.conf', '--console=pipe', '--setenv=TERM=vt100', '--setenv=SHELL=/bin/bash', '--setenv=HOME=/var/lib/mock/alma+epel-10-x86_64/root/installation-homedir', '--setenv=HOSTNAME=mock', '--setenv=PATH=/usr/bin:/bin:/usr/sbin:/sbin', '--setenv=PROMPT_COMMAND=printf "\\033]0;<mock-chroot>\\007"', '--setenv=PS1=<mock-chroot> \\s-\\v\\$ ', '--setenv=LANG=C.UTF-8', '--setenv=LC_MESSAGES=C.UTF-8', '--resolv-conf=off', '/usr/bin/dnf-3', 'builddep', '--installroot', '/var/lib/mock/alma+epel-10-x86_64/root/', '--releasever', '10', '--setopt=deltarpm=False', '--setopt=allow_vendor_change=yes', '--allowerasing', '--disableplugin=local', '--disableplugin=spacewalk', '--disableplugin=versionlock', '/var/lib/mock/alma+epel-10-x86_64/root//builddir/build/SRPMS/nginx-1.28.3-1.alma10.ngx.src.rpm'] with env {'TERM': 'vt100', 'SHELL': '/bin/bash', 'HOME': '/var/lib/mock/alma+epel-10-x86_64/root/installation-homedir', 'HOSTNAME': 'mock', 'PATH': '/usr/bin:/bin:/usr/sbin:/sbin', 'PROMPT_COMMAND': 'printf "\\033]0;<mock-chroot>\\007"', 'PS1': '<mock-chroot> \\s-\\v\\$ ', 'LANG': 'C.UTF-8', 'LC_MESSAGES': 'C.UTF-8', 'SYSTEMD_NSPAWN_TMPFS_TMP': '0', 'SYSTEMD_SECCOMP': '0'} and shell False
DEBUG util.py:461:  No matches found for the following disable plugin patterns: local, spacewalk, versionlock
DEBUG util.py:463:  AlmaLinux 10 - BaseOS                                                                                                                                        3.1 kB/s | 3.8 kB     00:01    
DEBUG util.py:463:  AlmaLinux 10 - AppStream                                                                                                                                     3.5 kB/s | 3.8 kB     00:01    
DEBUG util.py:463:  AlmaLinux 10 - CRB                                                                                                                                           3.3 kB/s | 3.8 kB     00:01    
DEBUG util.py:463:  AlmaLinux 10 - Extras                                                                                                                                        2.5 kB/s | 3.3 kB     00:01    
DEBUG util.py:463:  Extra Packages for Enterprise Linux 10 - x86_64                                                                                                              6.8 kB/s | 7.2 kB     00:01    
DEBUG util.py:463:  Dependencies resolved.
DEBUG util.py:463:  =============================================================================================================================================================================================
DEBUG util.py:463:   Package                                                  Architecture                       Version                                             Repository                             Size
DEBUG util.py:463:  =============================================================================================================================================================================================
DEBUG util.py:463:  Installing:
DEBUG util.py:463:   libzstd-devel                                            x86_64                             1.5.5-9.el10                                        appstream                              51 k
DEBUG util.py:463:   openssl-devel                                            x86_64                             1:3.5.1-7.el10_1.alma.1                             appstream                             2.9 M
DEBUG util.py:463:   pcre2-devel                                              x86_64                             10.44-1.el10.3                                      appstream                             535 k
DEBUG util.py:463:   perl                                                     x86_64                             4:5.40.2-512.2.el10_0                               appstream                              13 k
DEBUG util.py:463:   systemd                                                  x86_64                             257-13.el10.alma.1                                  baseos                                5.5 M
DEBUG util.py:463:   zlib-ng-compat-devel                                     x86_64                             2.2.3-3.el10_1                                      appstream                              36 k
DEBUG util.py:463:  Installing dependencies:
DEBUG util.py:463:   annobin-docs                                             noarch                             12.99-1.el10                                        appstream                              88 k
DEBUG util.py:463:   annobin-plugin-gcc                                       x86_64                             12.99-1.el10                                        appstream                             995 k
DEBUG util.py:463:   cmake-filesystem                                         x86_64                             3.30.5-3.el10_0                                     appstream                              15 k
DEBUG util.py:463:   cpp                                                      x86_64                             14.3.1-2.1.el10.alma.1                              appstream                              13 M
DEBUG util.py:463:   dbus                                                     x86_64                             1:1.14.10-5.el10                                    baseos                                7.4 k
DEBUG util.py:463:   dbus-broker                                              x86_64                             36-4.el10                                           baseos                                172 k
DEBUG util.py:463:   dbus-common                                              noarch                             1:1.14.10-5.el10                                    baseos                                 14 k
DEBUG util.py:463:   expat                                                    x86_64                             2.7.1-1.el10_1.3                                    baseos                                118 k
DEBUG util.py:463:   gcc                                                      x86_64                             14.3.1-2.1.el10.alma.1                              appstream                              38 M
DEBUG util.py:463:   gcc-c++                                                  x86_64                             14.3.1-2.1.el10.alma.1                              appstream                              15 M
DEBUG util.py:463:   gcc-plugin-annobin                                       x86_64                             14.3.1-2.1.el10.alma.1                              appstream                              67 k
DEBUG util.py:463:   glibc-devel                                              x86_64                             2.39-58.el10_1.7.alma.1                             appstream                             469 k
DEBUG util.py:463:   gnupg2                                                   x86_64                             2.4.5-4.el10_1                                      baseos                                2.7 M
DEBUG util.py:463:   gnutls                                                   x86_64                             3.8.10-3.el10_1                                     baseos                                1.5 M
DEBUG util.py:463:   groff-base                                               x86_64                             1.23.0-10.el10                                      baseos                                1.1 M
DEBUG util.py:463:   kernel-headers                                           x86_64                             6.12.0-124.47.1.el10_1                              appstream                             3.0 M
DEBUG util.py:463:   libassuan                                                x86_64                             2.5.6-6.el10                                        baseos                                 67 k
DEBUG util.py:463:   libgcrypt                                                x86_64                             1.11.0-5.el10                                       baseos                                587 k
DEBUG util.py:463:   libgpg-error                                             x86_64                             1.50-2.el10                                         baseos                                239 k
DEBUG util.py:463:   libksba                                                  x86_64                             1.6.7-2.el10                                        baseos                                162 k
DEBUG util.py:463:   libmpc                                                   x86_64                             1.3.1-7.el10                                        appstream                              71 k
DEBUG util.py:463:   libseccomp                                               x86_64                             2.5.6-1.el10                                        baseos                                 70 k
DEBUG util.py:463:   libstdc++-devel                                          x86_64                             14.3.1-2.1.el10.alma.1                              appstream                             2.6 M
DEBUG util.py:463:   libxcrypt-devel                                          x86_64                             4.4.36-10.el10                                      appstream                              33 k
DEBUG util.py:463:   make                                                     x86_64                             1:4.4.1-9.el10                                      baseos                                589 k
DEBUG util.py:463:   mpdecimal                                                x86_64                             2.5.1-12.el10                                       baseos                                 89 k
DEBUG util.py:463:   ncurses                                                  x86_64                             6.4-15.20240127.el10_1                              baseos                                413 k
DEBUG util.py:463:   npth                                                     x86_64                             1.6-21.el10                                         baseos                                 25 k
DEBUG util.py:463:   pcre2-utf16                                              x86_64                             10.44-1.el10.3                                      appstream                             224 k
DEBUG util.py:463:   pcre2-utf32                                              x86_64                             10.44-1.el10.3                                      appstream                             212 k
DEBUG util.py:463:   perl-Algorithm-Diff                                      noarch                             1.2010-14.el10                                      appstream                              46 k
DEBUG util.py:463:   perl-Archive-Tar                                         noarch                             3.02-512.el10                                       appstream                              75 k
DEBUG util.py:463:   perl-Archive-Zip                                         noarch                             1.68-17.el10                                        appstream                             114 k
DEBUG util.py:463:   perl-Attribute-Handlers                                  noarch                             1.03-512.2.el10_0                                   appstream                              28 k
DEBUG util.py:463:   perl-AutoLoader                                          noarch                             5.74-512.2.el10_0                                   appstream                              21 k
DEBUG util.py:463:   perl-AutoSplit                                           noarch                             5.74-512.2.el10_0                                   appstream                              21 k
DEBUG util.py:463:   perl-B                                                   x86_64                             1.89-512.2.el10_0                                   appstream                             176 k
DEBUG util.py:463:   perl-Benchmark                                           noarch                             1.25-512.2.el10_0                                   appstream                              26 k
DEBUG util.py:463:   perl-CPAN                                                noarch                             2.36-514.el10_0                                     appstream                             570 k
DEBUG util.py:463:   perl-CPAN-Meta                                           noarch                             2.150010-511.el10                                   appstream                             198 k
DEBUG util.py:463:   perl-CPAN-Meta-Requirements                              noarch                             2.143-11.el10                                       appstream                              35 k
DEBUG util.py:463:   perl-CPAN-Meta-YAML                                      noarch                             0.018-512.el10                                      appstream                              26 k
DEBUG util.py:463:   perl-Carp                                                noarch                             1.54-511.el10                                       appstream                              29 k
DEBUG util.py:463:   perl-Class-Struct                                        noarch                             0.68-512.2.el10_0                                   appstream                              22 k
DEBUG util.py:463:   perl-Compress-Bzip2                                      x86_64                             2.28-21.el10                                        appstream                              67 k
DEBUG util.py:463:   perl-Compress-Raw-Bzip2                                  x86_64                             2.212-512.el10                                      appstream                              35 k
DEBUG util.py:463:   perl-Compress-Raw-Lzma                                   x86_64                             2.212-3.el10                                        appstream                              51 k
DEBUG util.py:463:   perl-Compress-Raw-Zlib                                   x86_64                             2.212-512.el10                                      appstream                              64 k
DEBUG util.py:463:   perl-Config-Extensions                                   noarch                             0.03-512.2.el10_0                                   appstream                              12 k
DEBUG util.py:463:   perl-Config-Perl-V                                       noarch                             0.36-512.el10                                       appstream                              21 k
DEBUG util.py:463:   perl-DBM_Filter                                          noarch                             0.06-512.2.el10_0                                   appstream                              27 k
DEBUG util.py:463:   perl-Data-Dumper                                         x86_64                             2.189-512.el10                                      appstream                              56 k
DEBUG util.py:463:   perl-Data-OptList                                        noarch                             0.114-7.el10                                        appstream                              27 k
DEBUG util.py:463:   perl-Data-Section                                        noarch                             0.200008-8.el10                                     appstream                              25 k
DEBUG util.py:463:   perl-Devel-PPPort                                        x86_64                             3.72-512.el10                                       appstream                             219 k
DEBUG util.py:463:   perl-Devel-Peek                                          x86_64                             1.34-512.2.el10_0                                   appstream                              32 k
DEBUG util.py:463:   perl-Devel-SelfStubber                                   noarch                             1.06-512.2.el10_0                                   appstream                              14 k
DEBUG util.py:463:   perl-Devel-Size                                          x86_64                             0.84-3.el10                                         appstream                              30 k
DEBUG util.py:463:   perl-Digest                                              noarch                             1.20-511.el10                                       appstream                              25 k
DEBUG util.py:463:   perl-Digest-MD5                                          x86_64                             2.59-6.el10                                         appstream                              36 k
DEBUG util.py:463:   perl-Digest-SHA                                          x86_64                             1:6.04-512.el10                                     appstream                              62 k
DEBUG util.py:463:   perl-DirHandle                                           noarch                             1.05-512.2.el10_0                                   appstream                              12 k
DEBUG util.py:463:   perl-Dumpvalue                                           noarch                             2.27-512.2.el10_0                                   appstream                              18 k
DEBUG util.py:463:   perl-DynaLoader                                          x86_64                             1.56-512.2.el10_0                                   appstream                              26 k
DEBUG util.py:463:   perl-Encode                                              x86_64                             4:3.21-511.el10                                     appstream                             1.1 M
DEBUG util.py:463:   perl-Encode-devel                                        x86_64                             4:3.21-511.el10                                     appstream                              41 k
DEBUG util.py:463:   perl-English                                             noarch                             1.11-512.2.el10_0                                   appstream                              13 k
DEBUG util.py:463:   perl-Env                                                 noarch                             1.06-511.el10                                       appstream                              19 k
DEBUG util.py:463:   perl-Errno                                               x86_64                             1.38-512.2.el10_0                                   appstream                              15 k
DEBUG util.py:463:   perl-Exporter                                            noarch                             5.78-511.el10                                       appstream                              31 k
DEBUG util.py:463:   perl-ExtUtils-CBuilder                                   noarch                             1:0.280240-511.el10                                 appstream                              52 k
DEBUG util.py:463:   perl-ExtUtils-Command                                    noarch                             2:7.70-513.el10                                     appstream                              14 k
DEBUG util.py:463:   perl-ExtUtils-Constant                                   noarch                             0.25-512.2.el10_0                                   appstream                              43 k
DEBUG util.py:463:   perl-ExtUtils-Embed                                      noarch                             1.35-512.2.el10_0                                   appstream                              17 k
DEBUG util.py:463:   perl-ExtUtils-Install                                    noarch                             2.22-511.el10                                       appstream                              43 k
DEBUG util.py:463:   perl-ExtUtils-MM-Utils                                   noarch                             2:7.70-513.el10                                     appstream                              11 k
DEBUG util.py:463:   perl-ExtUtils-MakeMaker                                  noarch                             2:7.70-513.el10                                     appstream                             296 k
DEBUG util.py:463:   perl-ExtUtils-Manifest                                   noarch                             1:1.75-511.el10                                     appstream                              34 k
DEBUG util.py:463:   perl-ExtUtils-Miniperl                                   noarch                             1.14-512.2.el10_0                                   appstream                              15 k
DEBUG util.py:463:   perl-ExtUtils-ParseXS                                    noarch                             1:3.51-512.el10                                     appstream                             189 k
DEBUG util.py:463:   perl-Fcntl                                               x86_64                             1.18-512.2.el10_0                                   appstream                              29 k
DEBUG util.py:463:   perl-File-Basename                                       noarch                             2.86-512.2.el10_0                                   appstream                              17 k
DEBUG util.py:463:   perl-File-Compare                                        noarch                             1.100.800-512.2.el10_0                              appstream                              13 k
DEBUG util.py:463:   perl-File-Copy                                           noarch                             2.41-512.2.el10_0                                   appstream                              20 k
DEBUG util.py:463:   perl-File-DosGlob                                        x86_64                             1.12-512.2.el10_0                                   appstream                              19 k
DEBUG util.py:463:   perl-File-Fetch                                          noarch                             1.04-511.el10                                       appstream                              30 k
DEBUG util.py:463:   perl-File-Find                                           noarch                             1.44-512.2.el10_0                                   appstream                              25 k
DEBUG util.py:463:   perl-File-HomeDir                                        noarch                             1.006-15.el10                                       appstream                              61 k
DEBUG util.py:463:   perl-File-Path                                           noarch                             2.18-511.el10                                       appstream                              35 k
DEBUG util.py:463:   perl-File-Temp                                           noarch                             1:0.231.100-512.el10                                appstream                              59 k
DEBUG util.py:463:   perl-File-Which                                          noarch                             1.27-14.el10                                        appstream                              22 k
DEBUG util.py:463:   perl-File-stat                                           noarch                             1.14-512.2.el10_0                                   appstream                              17 k
DEBUG util.py:463:   perl-FileCache                                           noarch                             1.10-512.2.el10_0                                   appstream                              14 k
DEBUG util.py:463:   perl-FileHandle                                          noarch                             2.05-512.2.el10_0                                   appstream                              15 k
DEBUG util.py:463:   perl-Filter                                              x86_64                             2:1.64-512.el10                                     appstream                              88 k
DEBUG util.py:463:   perl-Filter-Simple                                       noarch                             0.96-511.el10                                       appstream                              27 k
DEBUG util.py:463:   perl-FindBin                                             noarch                             1.54-512.2.el10_0                                   appstream                              14 k
DEBUG util.py:463:   perl-GDBM_File                                           x86_64                             1:1.24-512.2.el10_0                                 appstream                              42 k
DEBUG util.py:463:   perl-Getopt-Long                                         noarch                             1:2.58-3.el10                                       appstream                              67 k
DEBUG util.py:463:   perl-Getopt-Std                                          noarch                             1.14-512.2.el10_0                                   appstream                              15 k
DEBUG util.py:463:   perl-HTTP-Tiny                                           noarch                             0.088-512.el10                                      appstream                              56 k
DEBUG util.py:463:   perl-Hash-Util                                           x86_64                             0.32-512.2.el10_0                                   appstream                              34 k
DEBUG util.py:463:   perl-Hash-Util-FieldHash                                 x86_64                             1.27-512.2.el10_0                                   appstream                              38 k
DEBUG util.py:463:   perl-I18N-Collate                                        noarch                             1.02-512.2.el10_0                                   appstream                              14 k
DEBUG util.py:463:   perl-I18N-LangTags                                       noarch                             0.45-512.2.el10_0                                   appstream                              52 k
DEBUG util.py:463:   perl-I18N-Langinfo                                       x86_64                             0.24-512.2.el10_0                                   appstream                              25 k
DEBUG util.py:463:   perl-IO                                                  x86_64                             1.55-512.2.el10_0                                   appstream                              77 k
DEBUG util.py:463:   perl-IO-Compress                                         noarch                             2.212-512.el10                                      appstream                             307 k
DEBUG util.py:463:   perl-IO-Compress-Lzma                                    noarch                             2.206-7.el10                                        appstream                              81 k
DEBUG util.py:463:   perl-IO-Socket-IP                                        noarch                             0.42-512.el10                                       appstream                              42 k
DEBUG util.py:463:   perl-IO-Socket-SSL                                       noarch                             2.085-3.el10                                        appstream                             229 k
DEBUG util.py:463:   perl-IO-Zlib                                             noarch                             1:1.15-511.el10                                     appstream                              20 k
DEBUG util.py:463:   perl-IPC-Cmd                                             noarch                             2:1.04-512.el10                                     appstream                              39 k
DEBUG util.py:463:   perl-IPC-Open3                                           noarch                             1.22-512.2.el10_0                                   appstream                              21 k
DEBUG util.py:463:   perl-IPC-SysV                                            x86_64                             2.09-512.el10                                       appstream                              41 k
DEBUG util.py:463:   perl-IPC-System-Simple                                   noarch                             1.30-16.el10                                        appstream                              39 k
DEBUG util.py:463:   perl-JSON-PP                                             noarch                             1:4.16-512.el10                                     appstream                              66 k
DEBUG util.py:463:   perl-Locale-Maketext                                     noarch                             1.33-512.el10                                       appstream                              97 k
DEBUG util.py:463:   perl-Locale-Maketext-Simple                              noarch                             1:0.21-512.2.el10_0                                 appstream                              17 k
DEBUG util.py:463:   perl-MIME-Base64                                         x86_64                             3.16-511.el10                                       appstream                              30 k
DEBUG util.py:463:   perl-MRO-Compat                                          noarch                             0.15-12.el10                                        appstream                              25 k
DEBUG util.py:463:   perl-Math-BigInt                                         noarch                             1:2.0030.03-3.el10                                  appstream                             231 k
DEBUG util.py:463:   perl-Math-BigInt-FastCalc                                x86_64                             0.501.800-511.el10                                  appstream                              28 k
DEBUG util.py:463:   perl-Math-Complex                                        noarch                             1.62-512.2.el10_0                                   appstream                              46 k
DEBUG util.py:463:   perl-Memoize                                             noarch                             1.16-512.2.el10_0                                   appstream                              46 k
DEBUG util.py:463:   perl-Module-Build                                        noarch                             2:0.42.34-7.el10                                    appstream                             254 k
DEBUG util.py:463:   perl-Module-CoreList                                     noarch                             1:5.20250120-1.el10                                 appstream                              91 k
DEBUG util.py:463:   perl-Module-CoreList-tools                               noarch                             1:5.20250120-1.el10                                 appstream                              18 k
DEBUG util.py:463:   perl-Module-Load                                         noarch                             1:0.36-511.el10                                     appstream                              17 k
DEBUG util.py:463:   perl-Module-Load-Conditional                             noarch                             0.74-511.el10                                       appstream                              22 k
DEBUG util.py:463:   perl-Module-Loaded                                       noarch                             1:0.08-512.2.el10_0                                 appstream                              13 k
DEBUG util.py:463:   perl-Module-Metadata                                     noarch                             1.000038-512.el10                                   appstream                              35 k
DEBUG util.py:463:   perl-Module-Signature                                    noarch                             0.88-12.el10                                        appstream                              82 k
DEBUG util.py:463:   perl-Mozilla-CA                                          noarch                             20231213-5.el10                                     appstream                              14 k
DEBUG util.py:463:   perl-NDBM_File                                           x86_64                             1.17-512.2.el10_0                                   appstream                              22 k
DEBUG util.py:463:   perl-NEXT                                                noarch                             0.69-512.2.el10_0                                   appstream                              21 k
DEBUG util.py:463:   perl-Net                                                 noarch                             1.04-512.2.el10_0                                   appstream                              22 k
DEBUG util.py:463:   perl-Net-Ping                                            noarch                             2.76-511.el10                                       appstream                              50 k
DEBUG util.py:463:   perl-Net-SSLeay                                          x86_64                             1.94-8.el10                                         appstream                             356 k
DEBUG util.py:463:   perl-ODBM_File                                           x86_64                             1.18-512.2.el10_0                                   appstream                              22 k
DEBUG util.py:463:   perl-Opcode                                              x86_64                             1.65-512.2.el10_0                                   appstream                              36 k
DEBUG util.py:463:   perl-POSIX                                               x86_64                             2.20-512.2.el10_0                                   appstream                              96 k
DEBUG util.py:463:   perl-Package-Generator                                   noarch                             1.106-34.el10                                       appstream                              22 k
DEBUG util.py:463:   perl-Params-Check                                        noarch                             1:0.38-511.el10                                     appstream                              22 k
DEBUG util.py:463:   perl-Params-Util                                         x86_64                             1.102-19.el10                                       appstream                              33 k
DEBUG util.py:463:   perl-PathTools                                           x86_64                             3.91-512.el10                                       appstream                              88 k
DEBUG util.py:463:   perl-Perl-OSType                                         noarch                             1.010-512.el10                                      appstream                              23 k
DEBUG util.py:463:   perl-PerlIO-via-QuotedPrint                              noarch                             0.10-511.el10                                       appstream                              21 k
DEBUG util.py:463:   perl-Pod-Checker                                         noarch                             4:1.77-511.el10                                     appstream                              31 k
DEBUG util.py:463:   perl-Pod-Escapes                                         noarch                             1:1.07-511.el10                                     appstream                              20 k
DEBUG util.py:463:   perl-Pod-Functions                                       noarch                             1.14-512.2.el10_0                                   appstream                              14 k
DEBUG util.py:463:   perl-Pod-Html                                            noarch                             1.35-512.2.el10_0                                   appstream                              29 k
DEBUG util.py:463:   perl-Pod-Perldoc                                         noarch                             3.28.01-512.el10                                    appstream                              88 k
DEBUG util.py:463:   perl-Pod-Simple                                          noarch                             1:3.45-511.el10                                     appstream                             222 k
DEBUG util.py:463:   perl-Pod-Usage                                           noarch                             4:2.03-511.el10                                     appstream                              40 k
DEBUG util.py:463:   perl-Safe                                                noarch                             2.46-512.2.el10_0                                   appstream                              24 k
DEBUG util.py:463:   perl-Scalar-List-Utils                                   x86_64                             5:1.63-511.el10                                     appstream                              72 k
DEBUG util.py:463:   perl-Search-Dict                                         noarch                             1.07-512.2.el10_0                                   appstream                              13 k
DEBUG util.py:463:   perl-SelectSaver                                         noarch                             1.02-512.2.el10_0                                   appstream                              11 k
DEBUG util.py:463:   perl-SelfLoader                                          noarch                             1.27-512.2.el10_0                                   appstream                              21 k
DEBUG util.py:463:   perl-Socket                                              x86_64                             4:2.038-511.el10                                    appstream                              54 k
DEBUG util.py:463:   perl-Software-License                                    noarch                             0.104006-4.el10                                     appstream                             154 k
DEBUG util.py:463:   perl-Storable                                            x86_64                             1:3.32-511.el10                                     appstream                              98 k
DEBUG util.py:463:   perl-Sub-Exporter                                        noarch                             0.991-7.el10                                        appstream                              80 k
DEBUG util.py:463:   perl-Sub-Install                                         noarch                             0.929-8.el10                                        appstream                              23 k
DEBUG util.py:463:   perl-Symbol                                              noarch                             1.09-512.2.el10_0                                   appstream                              14 k
DEBUG util.py:463:   perl-Sys-Hostname                                        x86_64                             1.25-512.2.el10_0                                   appstream                              17 k
DEBUG util.py:463:   perl-Sys-Syslog                                          x86_64                             0.36-512.el10                                       appstream                              46 k
DEBUG util.py:463:   perl-Term-ANSIColor                                      noarch                             5.01-512.el10                                       appstream                              48 k
DEBUG util.py:463:   perl-Term-Cap                                            noarch                             1.18-511.el10                                       appstream                              22 k
DEBUG util.py:463:   perl-Term-Complete                                       noarch                             1.403-512.2.el10_0                                  appstream                              13 k
DEBUG util.py:463:   perl-Term-ReadLine                                       noarch                             1.17-512.2.el10_0                                   appstream                              19 k
DEBUG util.py:463:   perl-Term-Table                                          noarch                             0.018-513.el10                                      appstream                              48 k
DEBUG util.py:463:   perl-Test                                                noarch                             1.31-512.2.el10_0                                   appstream                              28 k
DEBUG util.py:463:   perl-Test-Harness                                        noarch                             1:3.48-512.el10                                     appstream                             283 k
DEBUG util.py:463:   perl-Test-Simple                                         noarch                             3:1.302199-513.el10                                 appstream                             603 k
DEBUG util.py:463:   perl-Test2-Suite                                         noarch                             0.000163-4.el10                                     appstream                             485 k
DEBUG util.py:463:   perl-Text-Abbrev                                         noarch                             1.02-512.2.el10_0                                   appstream                              12 k
DEBUG util.py:463:   perl-Text-Balanced                                       noarch                             2.06-511.el10                                       appstream                              49 k
DEBUG util.py:463:   perl-Text-Diff                                           noarch                             1.45-24.el10                                        appstream                              40 k
DEBUG util.py:463:   perl-Text-Glob                                           noarch                             0.11-26.el10                                        appstream                              13 k
DEBUG util.py:463:   perl-Text-ParseWords                                     noarch                             3.31-511.el10                                       appstream                              16 k
DEBUG util.py:463:   perl-Text-Tabs+Wrap                                      noarch                             2024.001-511.el10                                   appstream                              22 k
DEBUG util.py:463:   perl-Text-Template                                       noarch                             1.61-8.el10                                         appstream                              59 k
DEBUG util.py:463:   perl-Thread                                              noarch                             3.05-512.2.el10_0                                   appstream                              18 k
DEBUG util.py:463:   perl-Thread-Queue                                        noarch                             3.14-511.el10                                       appstream                              21 k
DEBUG util.py:463:   perl-Thread-Semaphore                                    noarch                             2.13-512.2.el10_0                                   appstream                              15 k
DEBUG util.py:463:   perl-Tie                                                 noarch                             4.6-512.2.el10_0                                    appstream                              27 k
DEBUG util.py:463:   perl-Tie-File                                            noarch                             1.09-512.2.el10_0                                   appstream                              43 k
DEBUG util.py:463:   perl-Tie-Memoize                                         noarch                             1.1-512.2.el10_0                                    appstream                              14 k
DEBUG util.py:463:   perl-Tie-RefHash                                         noarch                             1.40-511.el10                                       appstream                              23 k
DEBUG util.py:463:   perl-Time                                                noarch                             1.04-512.2.el10_0                                   appstream                              16 k
DEBUG util.py:463:   perl-Time-HiRes                                          x86_64                             4:1.9777-511.el10                                   appstream                              57 k
DEBUG util.py:463:   perl-Time-Local                                          noarch                             2:1.350-511.el10                                    appstream                              34 k
DEBUG util.py:463:   perl-Time-Piece                                          x86_64                             1.3401-512.2.el10_0                                 appstream                              40 k
DEBUG util.py:463:   perl-URI                                                 noarch                             5.27-3.el10                                         appstream                             137 k
DEBUG util.py:463:   perl-Unicode-Collate                                     x86_64                             1.31-511.el10                                       appstream                             660 k
DEBUG util.py:463:   perl-Unicode-Normalize                                   x86_64                             1.32-511.el10                                       appstream                              74 k
DEBUG util.py:463:   perl-Unicode-UCD                                         noarch                             0.78-512.2.el10_0                                   appstream                              78 k
DEBUG util.py:463:   perl-User-pwent                                          noarch                             1.05-512.2.el10_0                                   appstream                              19 k
DEBUG util.py:463:   perl-autodie                                             noarch                             2.37-512.el10                                       appstream                              98 k
DEBUG util.py:463:   perl-autouse                                             noarch                             1.11-512.2.el10_0                                   appstream                              13 k
DEBUG util.py:463:   perl-base                                                noarch                             2.27-512.2.el10_0                                   appstream                              16 k
DEBUG util.py:463:   perl-bignum                                              noarch                             0.67-512.el10                                       appstream                              53 k
DEBUG util.py:463:   perl-blib                                                noarch                             1.07-512.2.el10_0                                   appstream                              12 k
DEBUG util.py:463:   perl-constant                                            noarch                             1.33-512.el10                                       appstream                              23 k
DEBUG util.py:463:   perl-debugger                                            noarch                             1.60-512.2.el10_0                                   appstream                             133 k
DEBUG util.py:463:   perl-deprecate                                           noarch                             0.04-512.2.el10_0                                   appstream                              14 k
DEBUG util.py:463:   perl-devel                                               x86_64                             4:5.40.2-512.2.el10_0                               appstream                             749 k
DEBUG util.py:463:   perl-diagnostics                                         noarch                             1.40-512.2.el10_0                                   appstream                             217 k
DEBUG util.py:463:   perl-doc                                                 noarch                             5.40.2-512.2.el10_0                                 appstream                             4.8 M
DEBUG util.py:463:   perl-encoding                                            x86_64                             4:3.00-511.el10                                     appstream                              63 k
DEBUG util.py:463:   perl-encoding-warnings                                   noarch                             0.14-512.2.el10_0                                   appstream                              16 k
DEBUG util.py:463:   perl-experimental                                        noarch                             0.032-511.el10                                      appstream                              26 k
DEBUG util.py:463:   perl-fields                                              noarch                             2.27-512.2.el10_0                                   appstream                              16 k
DEBUG util.py:463:   perl-filetest                                            noarch                             1.03-512.2.el10_0                                   appstream                              14 k
DEBUG util.py:463:   perl-if                                                  noarch                             0.61.000-512.2.el10_0                               appstream                              14 k
DEBUG util.py:463:   perl-inc-latest                                          noarch                             2:0.500-30.el10                                     appstream                              23 k
DEBUG util.py:463:   perl-interpreter                                         x86_64                             4:5.40.2-512.2.el10_0                               appstream                              72 k
DEBUG util.py:463:   perl-less                                                noarch                             0.03-512.2.el10_0                                   appstream                              13 k
DEBUG util.py:463:   perl-lib                                                 x86_64                             0.65-512.2.el10_0                                   appstream                              15 k
DEBUG util.py:463:   perl-libnet                                              noarch                             3.15-512.el10                                       appstream                             130 k
DEBUG util.py:463:   perl-libnetcfg                                           noarch                             4:5.40.2-512.2.el10_0                               appstream                              16 k
DEBUG util.py:463:   perl-libs                                                x86_64                             4:5.40.2-512.2.el10_0                               appstream                             2.2 M
DEBUG util.py:463:   perl-local-lib                                           noarch                             2.000029-9.el10                                     appstream                              66 k
DEBUG util.py:463:   perl-locale                                              noarch                             1.12-512.2.el10_0                                   appstream                              13 k
DEBUG util.py:463:   perl-macros                                              noarch                             4:5.40.2-512.2.el10_0                               appstream                              12 k
DEBUG util.py:463:   perl-meta-notation                                       noarch                             5.40.2-512.2.el10_0                                 appstream                              10 k
DEBUG util.py:463:   perl-mro                                                 x86_64                             1.29-512.2.el10_0                                   appstream                              30 k
DEBUG util.py:463:   perl-open                                                noarch                             1.13-512.2.el10_0                                   appstream                              16 k
DEBUG util.py:463:   perl-overload                                            noarch                             1.37-512.2.el10_0                                   appstream                              45 k
DEBUG util.py:463:   perl-overloading                                         noarch                             0.02-512.2.el10_0                                   appstream                              13 k
DEBUG util.py:463:   perl-parent                                              noarch                             1:0.241-512.el10                                    appstream                              15 k
DEBUG util.py:463:   perl-perlfaq                                             noarch                             5.20240218-511.el10                                 appstream                             379 k
DEBUG util.py:463:   perl-ph                                                  x86_64                             5.40.2-512.2.el10_0                                 appstream                              43 k
DEBUG util.py:463:   perl-podlators                                           noarch                             1:5.01-511.el10                                     appstream                             127 k
DEBUG util.py:463:   perl-sigtrap                                             noarch                             1.10-512.2.el10_0                                   appstream                              15 k
DEBUG util.py:463:   perl-sort                                                noarch                             2.05-512.2.el10_0                                   appstream                              13 k
DEBUG util.py:463:   perl-subs                                                noarch                             1.04-512.2.el10_0                                   appstream                              11 k
DEBUG util.py:463:   perl-threads                                             x86_64                             1:2.40-511.el10                                     appstream                              58 k
DEBUG util.py:463:   perl-threads-shared                                      x86_64                             1.69-511.el10                                       appstream                              44 k
DEBUG util.py:463:   perl-utils                                               noarch                             5.40.2-512.2.el10_0                                 appstream                              52 k
DEBUG util.py:463:   perl-vars                                                noarch                             1.05-512.2.el10_0                                   appstream                              13 k
DEBUG util.py:463:   perl-version                                             x86_64                             8:0.99.32-4.el10                                    appstream                              63 k
DEBUG util.py:463:   perl-vmsish                                              noarch                             1.04-512.2.el10_0                                   appstream                              14 k
DEBUG util.py:463:   python3                                                  x86_64                             3.12.12-3.el10_1.2                                  baseos                                 27 k
DEBUG util.py:463:   python3-libs                                             x86_64                             3.12.12-3.el10_1.2                                  baseos                                8.9 M
DEBUG util.py:463:   python3-pip-wheel                                        noarch                             23.3.2-7.el10                                       baseos                                1.5 M
DEBUG util.py:463:   python3-pyparsing                                        noarch                             3.1.1-7.el10                                        baseos                                271 k
DEBUG util.py:463:   systemd-pam                                              x86_64                             257-13.el10.alma.1                                  baseos                                304 k
DEBUG util.py:463:   systemd-rpm-macros                                       noarch                             257-13.el10.alma.1                                  baseos                                 27 k
DEBUG util.py:463:   systemtap-sdt-devel                                      x86_64                             5.3-3b.el10                                         appstream                              69 k
DEBUG util.py:463:   systemtap-sdt-dtrace                                     x86_64                             5.3-3b.el10                                         appstream                              70 k
DEBUG util.py:463:   tpm2-tss                                                 x86_64                             4.1.3-5.el10                                        baseos                                415 k
DEBUG util.py:463:   tzdata                                                   noarch                             2026a-1.el10                                        baseos                                497 k
DEBUG util.py:463:  Transaction Summary
DEBUG util.py:463:  =============================================================================================================================================================================================
DEBUG util.py:463:  Install  261 Packages
DEBUG util.py:463:  Total download size: 124 M
DEBUG util.py:463:  Installed size: 378 M
DEBUG util.py:463:  Downloading Packages:
DEBUG util.py:463:  (1/261): dbus-1.14.10-5.el10.x86_64.rpm                                                                                                                      2.6 kB/s | 7.4 kB     00:02    
DEBUG util.py:463:  (2/261): dbus-common-1.14.10-5.el10.noarch.rpm                                                                                                               5.0 kB/s |  14 kB     00:02    
DEBUG util.py:463:  (3/261): dbus-broker-36-4.el10.x86_64.rpm                                                                                                                     57 kB/s | 172 kB     00:03    
DEBUG util.py:463:  (4/261): expat-2.7.1-1.el10_1.3.x86_64.rpm                                                                                                                   412 kB/s | 118 kB     00:00    
DEBUG util.py:463:  (5/261): groff-base-1.23.0-10.el10.x86_64.rpm                                                                                                                2.4 MB/s | 1.1 MB     00:00    
DEBUG util.py:463:  (6/261): gnupg2-2.4.5-4.el10_1.x86_64.rpm                                                                                                                    3.4 MB/s | 2.7 MB     00:00    
DEBUG util.py:463:  (7/261): libassuan-2.5.6-6.el10.x86_64.rpm                                                                                                                   1.2 MB/s |  67 kB     00:00    
DEBUG util.py:463:  (8/261): libgcrypt-1.11.0-5.el10.x86_64.rpm                                                                                                                  4.4 MB/s | 587 kB     00:00    
DEBUG util.py:463:  (9/261): libgpg-error-1.50-2.el10.x86_64.rpm                                                                                                                 1.8 MB/s | 239 kB     00:00    
DEBUG util.py:463:  (10/261): libksba-1.6.7-2.el10.x86_64.rpm                                                                                                                    2.3 MB/s | 162 kB     00:00    
DEBUG util.py:463:  (11/261): libseccomp-2.5.6-1.el10.x86_64.rpm                                                                                                                 1.1 MB/s |  70 kB     00:00    
DEBUG util.py:463:  (12/261): mpdecimal-2.5.1-12.el10.x86_64.rpm                                                                                                                 1.4 MB/s |  89 kB     00:00    
DEBUG util.py:463:  (13/261): ncurses-6.4-15.20240127.el10_1.x86_64.rpm                                                                                                          3.5 MB/s | 413 kB     00:00    
DEBUG util.py:463:  (14/261): make-4.4.1-9.el10.x86_64.rpm                                                                                                                       2.6 MB/s | 589 kB     00:00    
DEBUG util.py:463:  (15/261): npth-1.6-21.el10.x86_64.rpm                                                                                                                        501 kB/s |  25 kB     00:00    
DEBUG util.py:463:  (16/261): python3-3.12.12-3.el10_1.2.x86_64.rpm                                                                                                              425 kB/s |  27 kB     00:00    
DEBUG util.py:463:  (17/261): gnutls-3.8.10-3.el10_1.x86_64.rpm                                                                                                                  1.4 MB/s | 1.5 MB     00:01    
DEBUG util.py:463:  (18/261): python3-pyparsing-3.1.1-7.el10.noarch.rpm                                                                                                          1.2 MB/s | 271 kB     00:00    
DEBUG util.py:463:  (19/261): python3-pip-wheel-23.3.2-7.el10.noarch.rpm                                                                                                         2.8 MB/s | 1.5 MB     00:00    
DEBUG util.py:463:  (20/261): systemd-pam-257-13.el10.alma.1.x86_64.rpm                                                                                                          1.7 MB/s | 304 kB     00:00    
DEBUG util.py:463:  (21/261): systemd-rpm-macros-257-13.el10.alma.1.noarch.rpm                                                                                                   306 kB/s |  27 kB     00:00    
DEBUG util.py:463:  (22/261): tpm2-tss-4.1.3-5.el10.x86_64.rpm                                                                                                                   2.0 MB/s | 415 kB     00:00    
DEBUG util.py:463:  (23/261): tzdata-2026a-1.el10.noarch.rpm                                                                                                                     2.0 MB/s | 497 kB     00:00    
DEBUG util.py:463:  (24/261): python3-libs-3.12.12-3.el10_1.2.x86_64.rpm                                                                                                         6.2 MB/s | 8.9 MB     00:01    
DEBUG util.py:463:  (25/261): annobin-docs-12.99-1.el10.noarch.rpm                                                                                                               536 kB/s |  88 kB     00:00    
DEBUG util.py:463:  (26/261): cmake-filesystem-3.30.5-3.el10_0.x86_64.rpm                                                                                                        212 kB/s |  15 kB     00:00    
DEBUG util.py:463:  (27/261): annobin-plugin-gcc-12.99-1.el10.x86_64.rpm                                                                                                         3.5 MB/s | 995 kB     00:00    
DEBUG util.py:463:  (28/261): systemd-257-13.el10.alma.1.x86_64.rpm                                                                                                              2.6 MB/s | 5.5 MB     00:02    
DEBUG util.py:463:  (29/261): cpp-14.3.1-2.1.el10.alma.1.x86_64.rpm                                                                                                              3.7 MB/s |  13 MB     00:03    
DEBUG util.py:463:  (30/261): gcc-plugin-annobin-14.3.1-2.1.el10.alma.1.x86_64.rpm                                                                                               666 kB/s |  67 kB     00:00    
DEBUG util.py:463:  (31/261): glibc-devel-2.39-58.el10_1.7.alma.1.x86_64.rpm                                                                                                     2.5 MB/s | 469 kB     00:00    
DEBUG util.py:463:  (32/261): gcc-c++-14.3.1-2.1.el10.alma.1.x86_64.rpm                                                                                                          4.5 MB/s |  15 MB     00:03    
DEBUG util.py:463:  (33/261): libmpc-1.3.1-7.el10.x86_64.rpm                                                                                                                     657 kB/s |  71 kB     00:00    
DEBUG util.py:463:  (34/261): kernel-headers-6.12.0-124.47.1.el10_1.x86_64.rpm                                                                                                   4.0 MB/s | 3.0 MB     00:00    
DEBUG util.py:463:  (35/261): libxcrypt-devel-4.4.36-10.el10.x86_64.rpm                                                                                                          387 kB/s |  33 kB     00:00    
DEBUG util.py:463:  (36/261): libzstd-devel-1.5.5-9.el10.x86_64.rpm                                                                                                              525 kB/s |  51 kB     00:00    
DEBUG util.py:463:  (37/261): libstdc++-devel-14.3.1-2.1.el10.alma.1.x86_64.rpm                                                                                                  5.3 MB/s | 2.6 MB     00:00    
DEBUG util.py:463:  (38/261): pcre2-devel-10.44-1.el10.3.x86_64.rpm                                                                                                              3.9 MB/s | 535 kB     00:00    
DEBUG util.py:463:  (39/261): pcre2-utf16-10.44-1.el10.3.x86_64.rpm                                                                                                              1.4 MB/s | 224 kB     00:00    
DEBUG util.py:463:  (40/261): pcre2-utf32-10.44-1.el10.3.x86_64.rpm                                                                                                              2.0 MB/s | 212 kB     00:00    
DEBUG util.py:463:  (41/261): perl-5.40.2-512.2.el10_0.x86_64.rpm                                                                                                                176 kB/s |  13 kB     00:00    
DEBUG util.py:463:  (42/261): perl-Algorithm-Diff-1.2010-14.el10.noarch.rpm                                                                                                      539 kB/s |  46 kB     00:00    
DEBUG util.py:463:  (43/261): openssl-devel-3.5.1-7.el10_1.alma.1.x86_64.rpm                                                                                                     3.9 MB/s | 2.9 MB     00:00    
DEBUG util.py:463:  (44/261): perl-Archive-Tar-3.02-512.el10.noarch.rpm                                                                                                          1.1 MB/s |  75 kB     00:00    
DEBUG util.py:463:  (45/261): perl-Archive-Zip-1.68-17.el10.noarch.rpm                                                                                                           1.4 MB/s | 114 kB     00:00    
DEBUG util.py:463:  (46/261): perl-Attribute-Handlers-1.03-512.2.el10_0.noarch.rpm                                                                                               360 kB/s |  28 kB     00:00    
DEBUG util.py:463:  (47/261): perl-AutoLoader-5.74-512.2.el10_0.noarch.rpm                                                                                                       381 kB/s |  21 kB     00:00    
DEBUG util.py:463:  (48/261): perl-AutoSplit-5.74-512.2.el10_0.noarch.rpm                                                                                                        392 kB/s |  21 kB     00:00    
DEBUG util.py:463:  (49/261): perl-B-1.89-512.2.el10_0.x86_64.rpm                                                                                                                2.5 MB/s | 176 kB     00:00    
DEBUG util.py:463:  (50/261): perl-Benchmark-1.25-512.2.el10_0.noarch.rpm                                                                                                        390 kB/s |  26 kB     00:00    
DEBUG util.py:463:  (51/261): perl-CPAN-Meta-2.150010-511.el10.noarch.rpm                                                                                                        1.8 MB/s | 198 kB     00:00    
DEBUG util.py:463:  (52/261): perl-CPAN-2.36-514.el10_0.noarch.rpm                                                                                                               3.6 MB/s | 570 kB     00:00    
DEBUG util.py:463:  (53/261): perl-CPAN-Meta-Requirements-2.143-11.el10.noarch.rpm                                                                                               605 kB/s |  35 kB     00:00    
DEBUG util.py:463:  (54/261): perl-CPAN-Meta-YAML-0.018-512.el10.noarch.rpm                                                                                                      370 kB/s |  26 kB     00:00    
DEBUG util.py:463:  (55/261): perl-Carp-1.54-511.el10.noarch.rpm                                                                                                                 444 kB/s |  29 kB     00:00    
DEBUG util.py:463:  (56/261): perl-Class-Struct-0.68-512.2.el10_0.noarch.rpm                                                                                                     356 kB/s |  22 kB     00:00    
DEBUG util.py:463:  (57/261): perl-Compress-Bzip2-2.28-21.el10.x86_64.rpm                                                                                                        1.1 MB/s |  67 kB     00:00    
DEBUG util.py:463:  (58/261): perl-Compress-Raw-Bzip2-2.212-512.el10.x86_64.rpm                                                                                                  734 kB/s |  35 kB     00:00    
DEBUG util.py:463:  (59/261): perl-Compress-Raw-Lzma-2.212-3.el10.x86_64.rpm                                                                                                     1.0 MB/s |  51 kB     00:00    
DEBUG util.py:463:  (60/261): perl-Compress-Raw-Zlib-2.212-512.el10.x86_64.rpm                                                                                                   1.1 MB/s |  64 kB     00:00    
DEBUG util.py:463:  (61/261): perl-Config-Extensions-0.03-512.2.el10_0.noarch.rpm                                                                                                228 kB/s |  12 kB     00:00    
DEBUG util.py:463:  (62/261): perl-Config-Perl-V-0.36-512.el10.noarch.rpm                                                                                                        409 kB/s |  21 kB     00:00    
DEBUG util.py:463:  (63/261): perl-DBM_Filter-0.06-512.2.el10_0.noarch.rpm                                                                                                       459 kB/s |  27 kB     00:00    
DEBUG util.py:463:  (64/261): perl-Data-Dumper-2.189-512.el10.x86_64.rpm                                                                                                         1.0 MB/s |  56 kB     00:00    
DEBUG util.py:463:  (65/261): perl-Data-OptList-0.114-7.el10.noarch.rpm                                                                                                          572 kB/s |  27 kB     00:00    
DEBUG util.py:463:  (66/261): perl-Data-Section-0.200008-8.el10.noarch.rpm                                                                                                       564 kB/s |  25 kB     00:00    
DEBUG util.py:463:  (67/261): perl-Devel-PPPort-3.72-512.el10.x86_64.rpm                                                                                                         2.8 MB/s | 219 kB     00:00    
DEBUG util.py:463:  (68/261): perl-Devel-Peek-1.34-512.2.el10_0.x86_64.rpm                                                                                                       512 kB/s |  32 kB     00:00    
DEBUG util.py:463:  (69/261): perl-Devel-SelfStubber-1.06-512.2.el10_0.noarch.rpm                                                                                                236 kB/s |  14 kB     00:00    
DEBUG util.py:463:  (70/261): perl-Devel-Size-0.84-3.el10.x86_64.rpm                                                                                                             494 kB/s |  30 kB     00:00    
DEBUG util.py:463:  (71/261): perl-Digest-1.20-511.el10.noarch.rpm                                                                                                               491 kB/s |  25 kB     00:00    
DEBUG util.py:463:  (72/261): perl-Digest-MD5-2.59-6.el10.x86_64.rpm                                                                                                             617 kB/s |  36 kB     00:00    
DEBUG util.py:463:  (73/261): perl-Digest-SHA-6.04-512.el10.x86_64.rpm                                                                                                           1.3 MB/s |  62 kB     00:00    
DEBUG util.py:463:  (74/261): perl-DirHandle-1.05-512.2.el10_0.noarch.rpm                                                                                                        244 kB/s |  12 kB     00:00    
DEBUG util.py:463:  (75/261): perl-Dumpvalue-2.27-512.2.el10_0.noarch.rpm                                                                                                        394 kB/s |  18 kB     00:00    
DEBUG util.py:463:  (76/261): perl-DynaLoader-1.56-512.2.el10_0.x86_64.rpm                                                                                                       493 kB/s |  26 kB     00:00    
DEBUG util.py:463:  (77/261): perl-Encode-devel-3.21-511.el10.x86_64.rpm                                                                                                         446 kB/s |  41 kB     00:00    
DEBUG util.py:463:  (78/261): perl-Encode-3.21-511.el10.x86_64.rpm                                                                                                               5.5 MB/s | 1.1 MB     00:00    
DEBUG util.py:463:  (79/261): perl-English-1.11-512.2.el10_0.noarch.rpm                                                                                                          178 kB/s |  13 kB     00:00    
DEBUG util.py:463:  (80/261): perl-Env-1.06-511.el10.noarch.rpm                                                                                                                  229 kB/s |  19 kB     00:00    
DEBUG util.py:463:  (81/261): perl-Errno-1.38-512.2.el10_0.x86_64.rpm                                                                                                            194 kB/s |  15 kB     00:00    
DEBUG util.py:463:  (82/261): perl-Exporter-5.78-511.el10.noarch.rpm                                                                                                             561 kB/s |  31 kB     00:00    
DEBUG util.py:463:  (83/261): perl-ExtUtils-CBuilder-0.280240-511.el10.noarch.rpm                                                                                                962 kB/s |  52 kB     00:00    
DEBUG util.py:463:  (84/261): perl-ExtUtils-Constant-0.25-512.2.el10_0.noarch.rpm                                                                                                977 kB/s |  43 kB     00:00    
DEBUG util.py:463:  (85/261): perl-ExtUtils-Command-7.70-513.el10.noarch.rpm                                                                                                     248 kB/s |  14 kB     00:00    
DEBUG util.py:463:  (86/261): perl-ExtUtils-Embed-1.35-512.2.el10_0.noarch.rpm                                                                                                   331 kB/s |  17 kB     00:00    
DEBUG util.py:463:  (87/261): perl-ExtUtils-Install-2.22-511.el10.noarch.rpm                                                                                                     821 kB/s |  43 kB     00:00    
DEBUG util.py:463:  (88/261): perl-ExtUtils-MM-Utils-7.70-513.el10.noarch.rpm                                                                                                    272 kB/s |  11 kB     00:00    
DEBUG util.py:463:  (89/261): perl-ExtUtils-MakeMaker-7.70-513.el10.noarch.rpm                                                                                                   3.9 MB/s | 296 kB     00:00    
DEBUG util.py:463:  (90/261): perl-ExtUtils-Manifest-1.75-511.el10.noarch.rpm                                                                                                    519 kB/s |  34 kB     00:00    
DEBUG util.py:463:  (91/261): perl-ExtUtils-Miniperl-1.14-512.2.el10_0.noarch.rpm                                                                                                249 kB/s |  15 kB     00:00    
DEBUG util.py:463:  (92/261): perl-ExtUtils-ParseXS-3.51-512.el10.noarch.rpm                                                                                                     2.8 MB/s | 189 kB     00:00    
DEBUG util.py:463:  (93/261): perl-Fcntl-1.18-512.2.el10_0.x86_64.rpm                                                                                                            498 kB/s |  29 kB     00:00    
DEBUG util.py:463:  (94/261): perl-File-Basename-2.86-512.2.el10_0.noarch.rpm                                                                                                    386 kB/s |  17 kB     00:00    
DEBUG util.py:463:  (95/261): perl-File-Compare-1.100.800-512.2.el10_0.noarch.rpm                                                                                                282 kB/s |  13 kB     00:00    
DEBUG util.py:463:  (96/261): perl-File-Copy-2.41-512.2.el10_0.noarch.rpm                                                                                                        437 kB/s |  20 kB     00:00    
DEBUG util.py:463:  (97/261): perl-File-DosGlob-1.12-512.2.el10_0.x86_64.rpm                                                                                                     364 kB/s |  19 kB     00:00    
DEBUG util.py:463:  (98/261): perl-File-Fetch-1.04-511.el10.noarch.rpm                                                                                                           745 kB/s |  30 kB     00:00    
DEBUG util.py:463:  (99/261): perl-File-HomeDir-1.006-15.el10.noarch.rpm                                                                                                         1.1 MB/s |  61 kB     00:00    
DEBUG util.py:463:  (100/261): perl-File-Find-1.44-512.2.el10_0.noarch.rpm                                                                                                       382 kB/s |  25 kB     00:00    
DEBUG util.py:463:  (101/261): perl-File-Path-2.18-511.el10.noarch.rpm                                                                                                           765 kB/s |  35 kB     00:00    
DEBUG util.py:463:  (102/261): perl-File-Temp-0.231.100-512.el10.noarch.rpm                                                                                                      824 kB/s |  59 kB     00:00    
DEBUG util.py:463:  (103/261): perl-File-Which-1.27-14.el10.noarch.rpm                                                                                                           441 kB/s |  22 kB     00:00    
DEBUG util.py:463:  (104/261): perl-File-stat-1.14-512.2.el10_0.noarch.rpm                                                                                                       293 kB/s |  17 kB     00:00    
DEBUG util.py:463:  (105/261): perl-FileCache-1.10-512.2.el10_0.noarch.rpm                                                                                                       244 kB/s |  14 kB     00:00    
DEBUG util.py:463:  (106/261): perl-FileHandle-2.05-512.2.el10_0.noarch.rpm                                                                                                      273 kB/s |  15 kB     00:00    
DEBUG util.py:463:  (107/261): perl-Filter-1.64-512.el10.x86_64.rpm                                                                                                              1.5 MB/s |  88 kB     00:00    
DEBUG util.py:463:  (108/261): perl-Filter-Simple-0.96-511.el10.noarch.rpm                                                                                                       576 kB/s |  27 kB     00:00    
DEBUG util.py:463:  (109/261): perl-FindBin-1.54-512.2.el10_0.noarch.rpm                                                                                                         239 kB/s |  14 kB     00:00    
DEBUG util.py:463:  (110/261): perl-GDBM_File-1.24-512.2.el10_0.x86_64.rpm                                                                                                       760 kB/s |  42 kB     00:00    
DEBUG util.py:463:  (111/261): perl-Getopt-Long-2.58-3.el10.noarch.rpm                                                                                                           1.2 MB/s |  67 kB     00:00    
DEBUG util.py:463:  (112/261): perl-Getopt-Std-1.14-512.2.el10_0.noarch.rpm                                                                                                      316 kB/s |  15 kB     00:00    
DEBUG util.py:463:  (113/261): perl-HTTP-Tiny-0.088-512.el10.noarch.rpm                                                                                                          1.1 MB/s |  56 kB     00:00    
DEBUG util.py:463:  (114/261): perl-Hash-Util-0.32-512.2.el10_0.x86_64.rpm                                                                                                       673 kB/s |  34 kB     00:00    
DEBUG util.py:463:  (115/261): perl-Hash-Util-FieldHash-1.27-512.2.el10_0.x86_64.rpm                                                                                             833 kB/s |  38 kB     00:00    
DEBUG util.py:463:  (116/261): perl-I18N-Collate-1.02-512.2.el10_0.noarch.rpm                                                                                                    288 kB/s |  14 kB     00:00    
DEBUG util.py:463:  (117/261): perl-I18N-LangTags-0.45-512.2.el10_0.noarch.rpm                                                                                                   1.1 MB/s |  52 kB     00:00    
DEBUG util.py:463:  (118/261): perl-I18N-Langinfo-0.24-512.2.el10_0.x86_64.rpm                                                                                                   398 kB/s |  25 kB     00:00    
DEBUG util.py:463:  (119/261): perl-IO-1.55-512.2.el10_0.x86_64.rpm                                                                                                              1.3 MB/s |  77 kB     00:00    
DEBUG util.py:463:  (120/261): perl-IO-Compress-2.212-512.el10.noarch.rpm                                                                                                        3.6 MB/s | 307 kB     00:00    
DEBUG util.py:463:  (121/261): perl-IO-Compress-Lzma-2.206-7.el10.noarch.rpm                                                                                                     1.1 MB/s |  81 kB     00:00    
DEBUG util.py:463:  (122/261): perl-IO-Socket-IP-0.42-512.el10.noarch.rpm                                                                                                        728 kB/s |  42 kB     00:00    
DEBUG util.py:463:  (123/261): perl-IO-Socket-SSL-2.085-3.el10.noarch.rpm                                                                                                        3.1 MB/s | 229 kB     00:00    
DEBUG util.py:463:  (124/261): perl-IO-Zlib-1.15-511.el10.noarch.rpm                                                                                                             351 kB/s |  20 kB     00:00    
DEBUG util.py:463:  (125/261): perl-IPC-Cmd-1.04-512.el10.noarch.rpm                                                                                                             813 kB/s |  39 kB     00:00    
DEBUG util.py:463:  (126/261): perl-IPC-Open3-1.22-512.2.el10_0.noarch.rpm                                                                                                       436 kB/s |  21 kB     00:00    
DEBUG util.py:463:  (127/261): perl-IPC-SysV-2.09-512.el10.x86_64.rpm                                                                                                            756 kB/s |  41 kB     00:00    
DEBUG util.py:463:  (128/261): perl-IPC-System-Simple-1.30-16.el10.noarch.rpm                                                                                                    770 kB/s |  39 kB     00:00    
DEBUG util.py:463:  (129/261): perl-JSON-PP-4.16-512.el10.noarch.rpm                                                                                                             1.2 MB/s |  66 kB     00:00    
DEBUG util.py:463:  (130/261): perl-Locale-Maketext-1.33-512.el10.noarch.rpm                                                                                                     1.6 MB/s |  97 kB     00:00    
DEBUG util.py:463:  (131/261): perl-Locale-Maketext-Simple-0.21-512.2.el10_0.noarch.rpm                                                                                          303 kB/s |  17 kB     00:00    
DEBUG util.py:463:  (132/261): perl-MIME-Base64-3.16-511.el10.x86_64.rpm                                                                                                         611 kB/s |  30 kB     00:00    
DEBUG util.py:463:  (133/261): perl-MRO-Compat-0.15-12.el10.noarch.rpm                                                                                                           452 kB/s |  25 kB     00:00    
DEBUG util.py:463:  (134/261): perl-Math-BigInt-2.0030.03-3.el10.noarch.rpm                                                                                                      2.3 MB/s | 231 kB     00:00    
DEBUG util.py:463:  (135/261): perl-Math-BigInt-FastCalc-0.501.800-511.el10.x86_64.rpm                                                                                           388 kB/s |  28 kB     00:00    
DEBUG util.py:463:  (136/261): perl-Math-Complex-1.62-512.2.el10_0.noarch.rpm                                                                                                    810 kB/s |  46 kB     00:00    
DEBUG util.py:463:  (137/261): perl-Memoize-1.16-512.2.el10_0.noarch.rpm                                                                                                         777 kB/s |  46 kB     00:00    
DEBUG util.py:463:  (138/261): perl-Module-Build-0.42.34-7.el10.noarch.rpm                                                                                                       2.9 MB/s | 254 kB     00:00    
DEBUG util.py:463:  (139/261): perl-Module-CoreList-5.20250120-1.el10.noarch.rpm                                                                                                 945 kB/s |  91 kB     00:00    
DEBUG util.py:463:  (140/261): gcc-14.3.1-2.1.el10.alma.1.x86_64.rpm                                                                                                             4.3 MB/s |  38 MB     00:08    
DEBUG util.py:463:  (141/261): perl-Module-CoreList-tools-5.20250120-1.el10.noarch.rpm                                                                                            28 kB/s |  18 kB     00:00    
DEBUG util.py:463:  (142/261): perl-Module-Load-0.36-511.el10.noarch.rpm                                                                                                          28 kB/s |  17 kB     00:00    
DEBUG util.py:463:  (143/261): perl-Module-Load-Conditional-0.74-511.el10.noarch.rpm                                                                                             274 kB/s |  22 kB     00:00    
DEBUG util.py:463:  (144/261): perl-Module-Loaded-0.08-512.2.el10_0.noarch.rpm                                                                                                   252 kB/s |  13 kB     00:00    
DEBUG util.py:463:  (145/261): perl-Module-Metadata-1.000038-512.el10.noarch.rpm                                                                                                 522 kB/s |  35 kB     00:00    
DEBUG util.py:463:  (146/261): perl-Module-Signature-0.88-12.el10.noarch.rpm                                                                                                     1.2 MB/s |  82 kB     00:00    
DEBUG util.py:463:  (147/261): perl-Mozilla-CA-20231213-5.el10.noarch.rpm                                                                                                        205 kB/s |  14 kB     00:00    
DEBUG util.py:463:  (148/261): perl-NDBM_File-1.17-512.2.el10_0.x86_64.rpm                                                                                                       389 kB/s |  22 kB     00:00    
DEBUG util.py:463:  (149/261): perl-NEXT-0.69-512.2.el10_0.noarch.rpm                                                                                                            335 kB/s |  21 kB     00:00    
DEBUG util.py:463:  (150/261): perl-Net-1.04-512.2.el10_0.noarch.rpm                                                                                                             362 kB/s |  22 kB     00:00    
DEBUG util.py:463:  (151/261): perl-Net-Ping-2.76-511.el10.noarch.rpm                                                                                                            789 kB/s |  50 kB     00:00    
DEBUG util.py:463:  (152/261): perl-ODBM_File-1.18-512.2.el10_0.x86_64.rpm                                                                                                       333 kB/s |  22 kB     00:00    
DEBUG util.py:463:  (153/261): perl-Opcode-1.65-512.2.el10_0.x86_64.rpm                                                                                                          534 kB/s |  36 kB     00:00    
DEBUG util.py:463:  (154/261): perl-Net-SSLeay-1.94-8.el10.x86_64.rpm                                                                                                            2.5 MB/s | 356 kB     00:00    
DEBUG util.py:463:  (155/261): perl-POSIX-2.20-512.2.el10_0.x86_64.rpm                                                                                                           1.2 MB/s |  96 kB     00:00    
DEBUG util.py:463:  (156/261): perl-Package-Generator-1.106-34.el10.noarch.rpm                                                                                                   301 kB/s |  22 kB     00:00    
DEBUG util.py:463:  (157/261): perl-Params-Util-1.102-19.el10.x86_64.rpm                                                                                                         602 kB/s |  33 kB     00:00    
DEBUG util.py:463:  (158/261): perl-Params-Check-0.38-511.el10.noarch.rpm                                                                                                        327 kB/s |  22 kB     00:00    
DEBUG util.py:463:  (159/261): perl-PathTools-3.91-512.el10.x86_64.rpm                                                                                                           1.3 MB/s |  88 kB     00:00    
DEBUG util.py:463:  (160/261): perl-Perl-OSType-1.010-512.el10.noarch.rpm                                                                                                        366 kB/s |  23 kB     00:00    
DEBUG util.py:463:  (161/261): perl-PerlIO-via-QuotedPrint-0.10-511.el10.noarch.rpm                                                                                              344 kB/s |  21 kB     00:00    
DEBUG util.py:463:  (162/261): perl-Pod-Checker-1.77-511.el10.noarch.rpm                                                                                                         527 kB/s |  31 kB     00:00    
DEBUG util.py:463:  (163/261): perl-Pod-Escapes-1.07-511.el10.noarch.rpm                                                                                                         372 kB/s |  20 kB     00:00    
DEBUG util.py:463:  (164/261): perl-Pod-Functions-1.14-512.2.el10_0.noarch.rpm                                                                                                   235 kB/s |  14 kB     00:00    
DEBUG util.py:463:  (165/261): perl-Pod-Html-1.35-512.2.el10_0.noarch.rpm                                                                                                        470 kB/s |  29 kB     00:00    
DEBUG util.py:463:  (166/261): perl-Pod-Perldoc-3.28.01-512.el10.noarch.rpm                                                                                                      1.3 MB/s |  88 kB     00:00    
DEBUG util.py:463:  (167/261): perl-Pod-Usage-2.03-511.el10.noarch.rpm                                                                                                           526 kB/s |  40 kB     00:00    
DEBUG util.py:463:  (168/261): perl-Pod-Simple-3.45-511.el10.noarch.rpm                                                                                                          1.6 MB/s | 222 kB     00:00    
DEBUG util.py:463:  (169/261): perl-Safe-2.46-512.2.el10_0.noarch.rpm                                                                                                            296 kB/s |  24 kB     00:00    
DEBUG util.py:463:  (170/261): perl-Scalar-List-Utils-1.63-511.el10.x86_64.rpm                                                                                                   1.0 MB/s |  72 kB     00:00    
DEBUG util.py:463:  (171/261): perl-Search-Dict-1.07-512.2.el10_0.noarch.rpm                                                                                                     190 kB/s |  13 kB     00:00    
DEBUG util.py:463:  (172/261): perl-SelectSaver-1.02-512.2.el10_0.noarch.rpm                                                                                                     169 kB/s |  11 kB     00:00    
DEBUG util.py:463:  (173/261): perl-SelfLoader-1.27-512.2.el10_0.noarch.rpm                                                                                                      338 kB/s |  21 kB     00:00    
DEBUG util.py:463:  (174/261): perl-Software-License-0.104006-4.el10.noarch.rpm                                                                                                  2.2 MB/s | 154 kB     00:00    
DEBUG util.py:463:  (175/261): perl-Socket-2.038-511.el10.x86_64.rpm                                                                                                             679 kB/s |  54 kB     00:00    
DEBUG util.py:463:  (176/261): perl-Storable-3.32-511.el10.x86_64.rpm                                                                                                            806 kB/s |  98 kB     00:00    
DEBUG util.py:463:  (177/261): perl-Sub-Exporter-0.991-7.el10.noarch.rpm                                                                                                         1.2 MB/s |  80 kB     00:00    
DEBUG util.py:463:  (178/261): perl-Sub-Install-0.929-8.el10.noarch.rpm                                                                                                          390 kB/s |  23 kB     00:00    
DEBUG util.py:463:  (179/261): perl-Symbol-1.09-512.2.el10_0.noarch.rpm                                                                                                          237 kB/s |  14 kB     00:00    
DEBUG util.py:463:  (180/261): perl-Sys-Hostname-1.25-512.2.el10_0.x86_64.rpm                                                                                                    292 kB/s |  17 kB     00:00    
DEBUG util.py:463:  (181/261): perl-Sys-Syslog-0.36-512.el10.x86_64.rpm                                                                                                          744 kB/s |  46 kB     00:00    
DEBUG util.py:463:  (182/261): perl-Term-ANSIColor-5.01-512.el10.noarch.rpm                                                                                                      906 kB/s |  48 kB     00:00    
DEBUG util.py:463:  (183/261): perl-Term-Cap-1.18-511.el10.noarch.rpm                                                                                                            384 kB/s |  22 kB     00:00    
DEBUG util.py:463:  (184/261): perl-Term-Complete-1.403-512.2.el10_0.noarch.rpm                                                                                                  166 kB/s |  13 kB     00:00    
DEBUG util.py:463:  (185/261): perl-Term-ReadLine-1.17-512.2.el10_0.noarch.rpm                                                                                                   308 kB/s |  19 kB     00:00    
DEBUG util.py:463:  (186/261): perl-Term-Table-0.018-513.el10.noarch.rpm                                                                                                         670 kB/s |  48 kB     00:00    
DEBUG util.py:463:  (187/261): perl-Test-1.31-512.2.el10_0.noarch.rpm                                                                                                            394 kB/s |  28 kB     00:00    
DEBUG util.py:463:  (188/261): perl-Test-Harness-3.48-512.el10.noarch.rpm                                                                                                        3.5 MB/s | 283 kB     00:00    
DEBUG util.py:463:  (189/261): perl-Text-Abbrev-1.02-512.2.el10_0.noarch.rpm                                                                                                     161 kB/s |  12 kB     00:00    
DEBUG util.py:463:  (190/261): perl-Test-Simple-1.302199-513.el10.noarch.rpm                                                                                                     4.1 MB/s | 603 kB     00:00    
DEBUG util.py:463:  (191/261): perl-Test2-Suite-0.000163-4.el10.noarch.rpm                                                                                                       3.0 MB/s | 485 kB     00:00    
DEBUG util.py:463:  (192/261): perl-Text-Balanced-2.06-511.el10.noarch.rpm                                                                                                       762 kB/s |  49 kB     00:00    
DEBUG util.py:463:  (193/261): perl-Text-Diff-1.45-24.el10.noarch.rpm                                                                                                            640 kB/s |  40 kB     00:00    
DEBUG util.py:463:  (194/261): perl-Text-Glob-0.11-26.el10.noarch.rpm                                                                                                            244 kB/s |  13 kB     00:00    
DEBUG util.py:463:  (195/261): perl-Text-ParseWords-3.31-511.el10.noarch.rpm                                                                                                     307 kB/s |  16 kB     00:00    
DEBUG util.py:463:  (196/261): perl-Text-Tabs+Wrap-2024.001-511.el10.noarch.rpm                                                                                                  297 kB/s |  22 kB     00:00    
DEBUG util.py:463:  (197/261): perl-Text-Template-1.61-8.el10.noarch.rpm                                                                                                         1.2 MB/s |  59 kB     00:00    
DEBUG util.py:463:  (198/261): perl-Thread-3.05-512.2.el10_0.noarch.rpm                                                                                                          238 kB/s |  18 kB     00:00    
DEBUG util.py:463:  (199/261): perl-Thread-Queue-3.14-511.el10.noarch.rpm                                                                                                        334 kB/s |  21 kB     00:00    
DEBUG util.py:463:  (200/261): perl-Thread-Semaphore-2.13-512.2.el10_0.noarch.rpm                                                                                                195 kB/s |  15 kB     00:00    
DEBUG util.py:463:  (201/261): perl-Tie-4.6-512.2.el10_0.noarch.rpm                                                                                                              441 kB/s |  27 kB     00:00    
DEBUG util.py:463:  (202/261): perl-Tie-File-1.09-512.2.el10_0.noarch.rpm                                                                                                        489 kB/s |  43 kB     00:00    
DEBUG util.py:463:  (203/261): perl-Tie-Memoize-1.1-512.2.el10_0.noarch.rpm                                                                                                      184 kB/s |  14 kB     00:00    
DEBUG util.py:463:  (204/261): perl-Tie-RefHash-1.40-511.el10.noarch.rpm                                                                                                         328 kB/s |  23 kB     00:00    
DEBUG util.py:463:  (205/261): perl-Time-1.04-512.2.el10_0.noarch.rpm                                                                                                            218 kB/s |  16 kB     00:00    
DEBUG util.py:463:  (206/261): perl-Time-HiRes-1.9777-511.el10.x86_64.rpm                                                                                                        855 kB/s |  57 kB     00:00    
DEBUG util.py:463:  (207/261): perl-Time-Local-1.350-511.el10.noarch.rpm                                                                                                         512 kB/s |  34 kB     00:00    
DEBUG util.py:463:  (208/261): perl-URI-5.27-3.el10.noarch.rpm                                                                                                                   1.9 MB/s | 137 kB     00:00    
DEBUG util.py:463:  (209/261): perl-Time-Piece-1.3401-512.2.el10_0.x86_64.rpm                                                                                                    485 kB/s |  40 kB     00:00    
DEBUG util.py:463:  (210/261): perl-Unicode-Normalize-1.32-511.el10.x86_64.rpm                                                                                                   1.1 MB/s |  74 kB     00:00    
DEBUG util.py:463:  (211/261): perl-Unicode-UCD-0.78-512.2.el10_0.noarch.rpm                                                                                                     1.1 MB/s |  78 kB     00:00    
DEBUG util.py:463:  (212/261): perl-Unicode-Collate-1.31-511.el10.x86_64.rpm                                                                                                     4.4 MB/s | 660 kB     00:00    
DEBUG util.py:463:  (213/261): perl-User-pwent-1.05-512.2.el10_0.noarch.rpm                                                                                                      318 kB/s |  19 kB     00:00    
DEBUG util.py:463:  (214/261): perl-autodie-2.37-512.el10.noarch.rpm                                                                                                             1.6 MB/s |  98 kB     00:00    
DEBUG util.py:463:  (215/261): perl-autouse-1.11-512.2.el10_0.noarch.rpm                                                                                                         246 kB/s |  13 kB     00:00    
DEBUG util.py:463:  (216/261): perl-base-2.27-512.2.el10_0.noarch.rpm                                                                                                            263 kB/s |  16 kB     00:00    
DEBUG util.py:463:  (217/261): perl-bignum-0.67-512.el10.noarch.rpm                                                                                                              930 kB/s |  53 kB     00:00    
DEBUG util.py:463:  (218/261): perl-blib-1.07-512.2.el10_0.noarch.rpm                                                                                                            188 kB/s |  12 kB     00:00    
DEBUG util.py:463:  (219/261): perl-constant-1.33-512.el10.noarch.rpm                                                                                                            381 kB/s |  23 kB     00:00    
DEBUG util.py:463:  (220/261): perl-debugger-1.60-512.2.el10_0.noarch.rpm                                                                                                        2.1 MB/s | 133 kB     00:00    
DEBUG util.py:463:  (221/261): perl-deprecate-0.04-512.2.el10_0.noarch.rpm                                                                                                       241 kB/s |  14 kB     00:00    
DEBUG util.py:463:  (222/261): perl-diagnostics-1.40-512.2.el10_0.noarch.rpm                                                                                                     3.0 MB/s | 217 kB     00:00    
DEBUG util.py:463:  (223/261): perl-encoding-3.00-511.el10.x86_64.rpm                                                                                                            660 kB/s |  63 kB     00:00    
DEBUG util.py:463:  (224/261): perl-devel-5.40.2-512.2.el10_0.x86_64.rpm                                                                                                         2.8 MB/s | 749 kB     00:00    
DEBUG util.py:463:  (225/261): perl-encoding-warnings-0.14-512.2.el10_0.noarch.rpm                                                                                               184 kB/s |  16 kB     00:00    
DEBUG util.py:463:  (226/261): perl-fields-2.27-512.2.el10_0.noarch.rpm                                                                                                          258 kB/s |  16 kB     00:00    
DEBUG util.py:463:  (227/261): perl-experimental-0.032-511.el10.noarch.rpm                                                                                                       373 kB/s |  26 kB     00:00    
DEBUG util.py:463:  (228/261): perl-filetest-1.03-512.2.el10_0.noarch.rpm                                                                                                        210 kB/s |  14 kB     00:00    
DEBUG util.py:463:  (229/261): perl-if-0.61.000-512.2.el10_0.noarch.rpm                                                                                                          202 kB/s |  14 kB     00:00    
DEBUG util.py:463:  (230/261): perl-inc-latest-0.500-30.el10.noarch.rpm                                                                                                          304 kB/s |  23 kB     00:00    
DEBUG util.py:463:  (231/261): perl-interpreter-5.40.2-512.2.el10_0.x86_64.rpm                                                                                                   678 kB/s |  72 kB     00:00    
DEBUG util.py:463:  (232/261): perl-less-0.03-512.2.el10_0.noarch.rpm                                                                                                            188 kB/s |  13 kB     00:00    
DEBUG util.py:463:  (233/261): perl-lib-0.65-512.2.el10_0.x86_64.rpm                                                                                                             184 kB/s |  15 kB     00:00    
DEBUG util.py:463:  (234/261): perl-doc-5.40.2-512.2.el10_0.noarch.rpm                                                                                                           7.2 MB/s | 4.8 MB     00:00    
DEBUG util.py:463:  (235/261): perl-libnet-3.15-512.el10.noarch.rpm                                                                                                              847 kB/s | 130 kB     00:00    
DEBUG util.py:463:  (236/261): perl-libnetcfg-5.40.2-512.2.el10_0.noarch.rpm                                                                                                     139 kB/s |  16 kB     00:00    
DEBUG util.py:463:  (237/261): perl-locale-1.12-512.2.el10_0.noarch.rpm                                                                                                          152 kB/s |  13 kB     00:00    
DEBUG util.py:463:  (238/261): perl-local-lib-2.000029-9.el10.noarch.rpm                                                                                                         709 kB/s |  66 kB     00:00    
DEBUG util.py:463:  (239/261): perl-macros-5.40.2-512.2.el10_0.noarch.rpm                                                                                                        260 kB/s |  12 kB     00:00    
DEBUG util.py:463:  (240/261): perl-meta-notation-5.40.2-512.2.el10_0.noarch.rpm                                                                                                 211 kB/s |  10 kB     00:00    
DEBUG util.py:463:  (241/261): perl-open-1.13-512.2.el10_0.noarch.rpm                                                                                                            317 kB/s |  16 kB     00:00    
DEBUG util.py:463:  (242/261): perl-overload-1.37-512.2.el10_0.noarch.rpm                                                                                                        809 kB/s |  45 kB     00:00    
DEBUG util.py:463:  (243/261): perl-mro-1.29-512.2.el10_0.x86_64.rpm                                                                                                             211 kB/s |  30 kB     00:00    
DEBUG util.py:463:  (244/261): perl-overloading-0.02-512.2.el10_0.noarch.rpm                                                                                                     249 kB/s |  13 kB     00:00    
DEBUG util.py:463:  (245/261): perl-parent-0.241-512.el10.noarch.rpm                                                                                                             278 kB/s |  15 kB     00:00    
DEBUG util.py:463:  (246/261): perl-libs-5.40.2-512.2.el10_0.x86_64.rpm                                                                                                          5.5 MB/s | 2.2 MB     00:00    
DEBUG util.py:463:  (247/261): perl-ph-5.40.2-512.2.el10_0.x86_64.rpm                                                                                                            637 kB/s |  43 kB     00:00    
DEBUG util.py:463:  (248/261): perl-perlfaq-5.20240218-511.el10.noarch.rpm                                                                                                       3.5 MB/s | 379 kB     00:00    
DEBUG util.py:463:  (249/261): perl-sigtrap-1.10-512.2.el10_0.noarch.rpm                                                                                                         315 kB/s |  15 kB     00:00    
DEBUG util.py:463:  (250/261): perl-podlators-5.01-511.el10.noarch.rpm                                                                                                           1.9 MB/s | 127 kB     00:00    
DEBUG util.py:463:  (251/261): perl-sort-2.05-512.2.el10_0.noarch.rpm                                                                                                            182 kB/s |  13 kB     00:00    
DEBUG util.py:463:  (252/261): perl-subs-1.04-512.2.el10_0.noarch.rpm                                                                                                            248 kB/s |  11 kB     00:00    
DEBUG util.py:463:  (253/261): perl-threads-2.40-511.el10.x86_64.rpm                                                                                                             819 kB/s |  58 kB     00:00    
DEBUG util.py:463:  (254/261): perl-threads-shared-1.69-511.el10.x86_64.rpm                                                                                                      707 kB/s |  44 kB     00:00    
DEBUG util.py:463:  (255/261): perl-utils-5.40.2-512.2.el10_0.noarch.rpm                                                                                                         848 kB/s |  52 kB     00:00    
DEBUG util.py:463:  (256/261): perl-vars-1.05-512.2.el10_0.noarch.rpm                                                                                                            207 kB/s |  13 kB     00:00    
DEBUG util.py:463:  (257/261): perl-version-0.99.32-4.el10.x86_64.rpm                                                                                                            1.0 MB/s |  63 kB     00:00    
DEBUG util.py:463:  (258/261): perl-vmsish-1.04-512.2.el10_0.noarch.rpm                                                                                                          235 kB/s |  14 kB     00:00    
DEBUG util.py:463:  (259/261): systemtap-sdt-devel-5.3-3b.el10.x86_64.rpm                                                                                                        1.2 MB/s |  69 kB     00:00    
DEBUG util.py:463:  (260/261): systemtap-sdt-dtrace-5.3-3b.el10.x86_64.rpm                                                                                                       1.2 MB/s |  70 kB     00:00    
DEBUG util.py:463:  (261/261): zlib-ng-compat-devel-2.2.3-3.el10_1.x86_64.rpm                                                                                                    612 kB/s |  36 kB     00:00    
DEBUG util.py:463:  ---------------------------------------------------------------------------------------------------------------------------------------------------------------------------------------------
DEBUG util.py:463:  Total                                                                                                                                                        6.3 MB/s | 124 MB     00:19     
DEBUG util.py:463:  Running transaction check
DEBUG util.py:463:  Transaction check succeeded.
DEBUG util.py:463:  Running transaction test
DEBUG util.py:463:  Transaction test succeeded.
DEBUG util.py:463:  Running transaction
DEBUG util.py:463:    Preparing        :                                                                                                                                                                     1/1 
DEBUG util.py:463:    Installing       : libgpg-error-1.50-2.el10.x86_64                                                                                                                                   1/261 
DEBUG util.py:463:    Installing       : libmpc-1.3.1-7.el10.x86_64                                                                                                                                        2/261 
DEBUG util.py:463:    Installing       : make-1:4.4.1-9.el10.x86_64                                                                                                                                        3/261 
DEBUG util.py:463:    Installing       : expat-2.7.1-1.el10_1.3.x86_64                                                                                                                                     4/261 
DEBUG util.py:463:    Installing       : cpp-14.3.1-2.1.el10.alma.1.x86_64                                                                                                                                 5/261 
DEBUG util.py:463:    Installing       : libassuan-2.5.6-6.el10.x86_64                                                                                                                                     6/261 
DEBUG util.py:463:    Installing       : libgcrypt-1.11.0-5.el10.x86_64                                                                                                                                    7/261 
DEBUG util.py:463:    Installing       : libksba-1.6.7-2.el10.x86_64                                                                                                                                       8/261 
DEBUG util.py:463:    Installing       : pcre2-utf32-10.44-1.el10.3.x86_64                                                                                                                                 9/261 
DEBUG util.py:463:    Installing       : pcre2-utf16-10.44-1.el10.3.x86_64                                                                                                                                10/261 
DEBUG util.py:463:    Installing       : libstdc++-devel-14.3.1-2.1.el10.alma.1.x86_64                                                                                                                    11/261 
DEBUG util.py:463:    Installing       : kernel-headers-6.12.0-124.47.1.el10_1.x86_64                                                                                                                     12/261 
DEBUG util.py:463:    Installing       : libxcrypt-devel-4.4.36-10.el10.x86_64                                                                                                                            13/261 
DEBUG util.py:463:    Installing       : glibc-devel-2.39-58.el10_1.7.alma.1.x86_64                                                                                                                       14/261 
DEBUG util.py:463:    Installing       : gcc-14.3.1-2.1.el10.alma.1.x86_64                                                                                                                                15/261 
DEBUG util.py:463:    Running scriptlet: gcc-14.3.1-2.1.el10.alma.1.x86_64                                                                                                                                15/261 
DEBUG util.py:463:    Installing       : gcc-c++-14.3.1-2.1.el10.alma.1.x86_64                                                                                                                            16/261 
DEBUG util.py:463:    Installing       : cmake-filesystem-3.30.5-3.el10_0.x86_64                                                                                                                          17/261 
DEBUG util.py:463:    Installing       : annobin-docs-12.99-1.el10.noarch                                                                                                                                 18/261 
DEBUG util.py:463:    Installing       : tzdata-2026a-1.el10.noarch                                                                                                                                       19/261 
DEBUG util.py:463:    Running scriptlet: tpm2-tss-4.1.3-5.el10.x86_64                                                                                                                                     20/261 
DEBUG util.py:463:    Installing       : tpm2-tss-4.1.3-5.el10.x86_64                                                                                                                                     20/261 
DEBUG util.py:463:    Installing       : python3-pip-wheel-23.3.2-7.el10.noarch                                                                                                                           21/261 
DEBUG util.py:463:    Installing       : npth-1.6-21.el10.x86_64                                                                                                                                          22/261 
DEBUG util.py:463:    Installing       : ncurses-6.4-15.20240127.el10_1.x86_64                                                                                                                            23/261 
DEBUG util.py:463:    Installing       : mpdecimal-2.5.1-12.el10.x86_64                                                                                                                                   24/261 
DEBUG util.py:463:    Installing       : python3-3.12.12-3.el10_1.2.x86_64                                                                                                                                25/261 
DEBUG util.py:463:    Installing       : python3-libs-3.12.12-3.el10_1.2.x86_64                                                                                                                           26/261 
DEBUG util.py:463:    Installing       : python3-pyparsing-3.1.1-7.el10.noarch                                                                                                                            27/261 
DEBUG util.py:463:    Installing       : systemtap-sdt-dtrace-5.3-3b.el10.x86_64                                                                                                                          28/261 
DEBUG util.py:463:    Installing       : systemtap-sdt-devel-5.3-3b.el10.x86_64                                                                                                                           29/261 
DEBUG util.py:463:    Installing       : libseccomp-2.5.6-1.el10.x86_64                                                                                                                                   30/261 
DEBUG util.py:463:    Running scriptlet: groff-base-1.23.0-10.el10.x86_64                                                                                                                                 31/261 
DEBUG util.py:463:    Installing       : groff-base-1.23.0-10.el10.x86_64                                                                                                                                 31/261 
DEBUG util.py:463:    Running scriptlet: groff-base-1.23.0-10.el10.x86_64                                                                                                                                 31/261 
DEBUG util.py:463:    Installing       : perl-Digest-1.20-511.el10.noarch                                                                                                                                 32/261 
DEBUG util.py:463:    Installing       : perl-Digest-MD5-2.59-6.el10.x86_64                                                                                                                               33/261 
DEBUG util.py:463:    Installing       : perl-B-1.89-512.2.el10_0.x86_64                                                                                                                                  34/261 
DEBUG util.py:463:    Installing       : perl-FileHandle-2.05-512.2.el10_0.noarch                                                                                                                         35/261 
DEBUG util.py:463:    Installing       : perl-Data-Dumper-2.189-512.el10.x86_64                                                                                                                           36/261 
DEBUG util.py:463:    Installing       : perl-libnet-3.15-512.el10.noarch                                                                                                                                 37/261 
DEBUG util.py:463:    Installing       : perl-AutoLoader-5.74-512.2.el10_0.noarch                                                                                                                         38/261 
DEBUG util.py:463:    Installing       : perl-Class-Struct-0.68-512.2.el10_0.noarch                                                                                                                       39/261 
DEBUG util.py:463:    Installing       : perl-locale-1.12-512.2.el10_0.noarch                                                                                                                             40/261 
DEBUG util.py:463:    Installing       : perl-URI-5.27-3.el10.noarch                                                                                                                                      41/261 
DEBUG util.py:463:    Installing       : perl-Socket-4:2.038-511.el10.x86_64                                                                                                                              42/261 
DEBUG util.py:463:    Installing       : perl-SelectSaver-1.02-512.2.el10_0.noarch                                                                                                                        43/261 
DEBUG util.py:463:    Installing       : perl-Term-ANSIColor-5.01-512.el10.noarch                                                                                                                         44/261 
DEBUG util.py:463:    Installing       : perl-Text-Tabs+Wrap-2024.001-511.el10.noarch                                                                                                                     45/261 
DEBUG util.py:463:    Installing       : perl-base-2.27-512.2.el10_0.noarch                                                                                                                               46/261 
DEBUG util.py:463:    Installing       : perl-Mozilla-CA-20231213-5.el10.noarch                                                                                                                           47/261 
DEBUG util.py:463:    Installing       : perl-if-0.61.000-512.2.el10_0.noarch                                                                                                                             48/261 
DEBUG util.py:463:    Installing       : perl-POSIX-2.20-512.2.el10_0.x86_64                                                                                                                              49/261 
DEBUG util.py:463:    Installing       : perl-mro-1.29-512.2.el10_0.x86_64                                                                                                                                50/261 
DEBUG util.py:463:    Installing       : perl-IO-Socket-IP-0.42-512.el10.noarch                                                                                                                           51/261 
DEBUG util.py:463:    Installing       : perl-File-stat-1.14-512.2.el10_0.noarch                                                                                                                          52/261 
DEBUG util.py:463:    Installing       : perl-overloading-0.02-512.2.el10_0.noarch                                                                                                                        53/261 
DEBUG util.py:463:    Installing       : perl-Time-Local-2:1.350-511.el10.noarch                                                                                                                          54/261 
DEBUG util.py:463:    Installing       : perl-File-Path-2.18-511.el10.noarch                                                                                                                              55/261 
DEBUG util.py:463:    Installing       : perl-IO-Socket-SSL-2.085-3.el10.noarch                                                                                                                           56/261 
DEBUG util.py:463:    Installing       : perl-Net-SSLeay-1.94-8.el10.x86_64                                                                                                                               57/261 
DEBUG util.py:463:    Installing       : perl-Pod-Escapes-1:1.07-511.el10.noarch                                                                                                                          58/261 
DEBUG util.py:463:    Installing       : perl-Term-Cap-1.18-511.el10.noarch                                                                                                                               59/261 
DEBUG util.py:463:    Installing       : perl-Pod-Usage-4:2.03-511.el10.noarch                                                                                                                            60/261 
DEBUG util.py:463:    Installing       : perl-Errno-1.38-512.2.el10_0.x86_64                                                                                                                              61/261 
DEBUG util.py:463:    Installing       : perl-Fcntl-1.18-512.2.el10_0.x86_64                                                                                                                              62/261 
DEBUG util.py:463:    Installing       : perl-File-Basename-2.86-512.2.el10_0.noarch                                                                                                                      63/261 
DEBUG util.py:463:    Installing       : perl-Getopt-Std-1.14-512.2.el10_0.noarch                                                                                                                         64/261 
DEBUG util.py:463:    Installing       : perl-MIME-Base64-3.16-511.el10.x86_64                                                                                                                            65/261 
DEBUG util.py:463:    Installing       : perl-Scalar-List-Utils-5:1.63-511.el10.x86_64                                                                                                                    66/261 
DEBUG util.py:463:    Installing       : perl-Symbol-1.09-512.2.el10_0.noarch                                                                                                                             67/261 
DEBUG util.py:463:    Installing       : perl-Text-ParseWords-3.31-511.el10.noarch                                                                                                                        68/261 
DEBUG util.py:463:    Installing       : perl-constant-1.33-512.el10.noarch                                                                                                                               69/261 
DEBUG util.py:463:    Installing       : perl-IPC-Open3-1.22-512.2.el10_0.noarch                                                                                                                          70/261 
DEBUG util.py:463:    Installing       : perl-Storable-1:3.32-511.el10.x86_64                                                                                                                             71/261 
DEBUG util.py:463:    Installing       : perl-IO-1.55-512.2.el10_0.x86_64                                                                                                                                 72/261 
DEBUG util.py:463:    Installing       : perl-overload-1.37-512.2.el10_0.noarch                                                                                                                           73/261 
DEBUG util.py:463:    Installing       : perl-parent-1:0.241-512.el10.noarch                                                                                                                              74/261 
DEBUG util.py:463:    Installing       : perl-File-Temp-1:0.231.100-512.el10.noarch                                                                                                                       75/261 
DEBUG util.py:463:    Installing       : perl-HTTP-Tiny-0.088-512.el10.noarch                                                                                                                             76/261 
DEBUG util.py:463:    Installing       : perl-vars-1.05-512.2.el10_0.noarch                                                                                                                               77/261 
DEBUG util.py:463:    Installing       : perl-Pod-Simple-1:3.45-511.el10.noarch                                                                                                                           78/261 
DEBUG util.py:463:    Installing       : perl-Getopt-Long-1:2.58-3.el10.noarch                                                                                                                            79/261 
DEBUG util.py:463:    Installing       : perl-podlators-1:5.01-511.el10.noarch                                                                                                                            80/261 
DEBUG util.py:463:    Installing       : perl-Carp-1.54-511.el10.noarch                                                                                                                                   81/261 
DEBUG util.py:463:    Installing       : perl-Exporter-5.78-511.el10.noarch                                                                                                                               82/261 
DEBUG util.py:463:    Installing       : perl-GDBM_File-1:1.24-512.2.el10_0.x86_64                                                                                                                        83/261 
DEBUG util.py:463:    Installing       : perl-NDBM_File-1.17-512.2.el10_0.x86_64                                                                                                                          84/261 
DEBUG util.py:463:    Installing       : perl-ODBM_File-1.18-512.2.el10_0.x86_64                                                                                                                          85/261 
DEBUG util.py:463:    Installing       : perl-PathTools-3.91-512.el10.x86_64                                                                                                                              86/261 
DEBUG util.py:463:    Installing       : perl-DynaLoader-1.56-512.2.el10_0.x86_64                                                                                                                         87/261 
DEBUG util.py:463:    Installing       : perl-Encode-4:3.21-511.el10.x86_64                                                                                                                               88/261 
DEBUG util.py:463:    Installing       : perl-libs-4:5.40.2-512.2.el10_0.x86_64                                                                                                                           89/261 
DEBUG util.py:463:    Installing       : perl-Pod-Perldoc-3.28.01-512.el10.noarch                                                                                                                         90/261 
DEBUG util.py:463:    Installing       : perl-doc-5.40.2-512.2.el10_0.noarch                                                                                                                              91/261 
DEBUG util.py:463:    Installing       : perl-interpreter-4:5.40.2-512.2.el10_0.x86_64                                                                                                                    92/261 
DEBUG util.py:463:    Installing       : perl-File-Find-1.44-512.2.el10_0.noarch                                                                                                                          93/261 
DEBUG util.py:463:    Installing       : perl-version-8:0.99.32-4.el10.x86_64                                                                                                                             94/261 
DEBUG util.py:463:    Installing       : perl-File-Copy-2.41-512.2.el10_0.noarch                                                                                                                          95/261 
DEBUG util.py:463:    Installing       : perl-Time-HiRes-4:1.9777-511.el10.x86_64                                                                                                                         96/261 
DEBUG util.py:463:    Installing       : perl-ExtUtils-Manifest-1:1.75-511.el10.noarch                                                                                                                    97/261 
DEBUG util.py:463:    Installing       : perl-threads-1:2.40-511.el10.x86_64                                                                                                                              98/261 
DEBUG util.py:463:    Installing       : perl-threads-shared-1.69-511.el10.x86_64                                                                                                                         99/261 
DEBUG util.py:463:    Installing       : perl-CPAN-Meta-Requirements-2.143-11.el10.noarch                                                                                                                100/261 
DEBUG util.py:463:    Installing       : perl-ExtUtils-ParseXS-1:3.51-512.el10.noarch                                                                                                                    101/261 
DEBUG util.py:463:    Installing       : perl-Compress-Raw-Zlib-2.212-512.el10.x86_64                                                                                                                    102/261 
DEBUG util.py:463:    Installing       : perl-File-Compare-1.100.800-512.2.el10_0.noarch                                                                                                                 103/261 
DEBUG util.py:463:    Installing       : perl-lib-0.65-512.2.el10_0.x86_64                                                                                                                               104/261 
DEBUG util.py:463:    Installing       : perl-Module-CoreList-1:5.20250120-1.el10.noarch                                                                                                                 105/261 
DEBUG util.py:463:    Installing       : perl-Module-Metadata-1.000038-512.el10.noarch                                                                                                                   106/261 
DEBUG util.py:463:    Installing       : perl-Digest-SHA-1:6.04-512.el10.x86_64                                                                                                                          107/261 
DEBUG util.py:463:    Installing       : perl-Devel-Peek-1.34-512.2.el10_0.x86_64                                                                                                                        108/261 
DEBUG util.py:463:    Installing       : perl-Filter-2:1.64-512.el10.x86_64                                                                                                                              109/261 
DEBUG util.py:463:    Installing       : perl-Module-Load-1:0.36-511.el10.noarch                                                                                                                         110/261 
DEBUG util.py:463:    Installing       : perl-Perl-OSType-1.010-512.el10.noarch                                                                                                                          111/261 
DEBUG util.py:463:    Installing       : perl-Term-ReadLine-1.17-512.2.el10_0.noarch                                                                                                                     112/261 
DEBUG util.py:463:    Installing       : perl-Term-Table-0.018-513.el10.noarch                                                                                                                           113/261 
DEBUG util.py:463:    Installing       : perl-Tie-4.6-512.2.el10_0.noarch                                                                                                                                114/261 
DEBUG util.py:463:    Installing       : perl-Unicode-Normalize-1.32-511.el10.x86_64                                                                                                                     115/261 
DEBUG util.py:463:    Installing       : perl-meta-notation-5.40.2-512.2.el10_0.noarch                                                                                                                   116/261 
DEBUG util.py:463:    Installing       : perl-encoding-4:3.00-511.el10.x86_64                                                                                                                            117/261 
DEBUG util.py:463:    Installing       : perl-Dumpvalue-2.27-512.2.el10_0.noarch                                                                                                                         118/261 
DEBUG util.py:463:    Installing       : perl-Net-Ping-2.76-511.el10.noarch                                                                                                                              119/261 
DEBUG util.py:463:    Installing       : perl-ExtUtils-Command-2:7.70-513.el10.noarch                                                                                                                    120/261 
DEBUG util.py:463:    Installing       : perl-Pod-Html-1.35-512.2.el10_0.noarch                                                                                                                          121/261 
DEBUG util.py:463:    Installing       : perl-AutoSplit-5.74-512.2.el10_0.noarch                                                                                                                         122/261 
DEBUG util.py:463:    Installing       : perl-Benchmark-1.25-512.2.el10_0.noarch                                                                                                                         123/261 
DEBUG util.py:463:    Installing       : perl-Test-Harness-1:3.48-512.el10.noarch                                                                                                                        124/261 
DEBUG util.py:463:    Installing       : perl-CPAN-Meta-YAML-0.018-512.el10.noarch                                                                                                                       125/261 
DEBUG util.py:463:    Installing       : perl-Compress-Raw-Bzip2-2.212-512.el10.x86_64                                                                                                                   126/261 
DEBUG util.py:463:    Installing       : perl-IO-Compress-2.212-512.el10.noarch                                                                                                                          127/261 
DEBUG util.py:463:    Installing       : perl-IO-Zlib-1:1.15-511.el10.noarch                                                                                                                             128/261 
DEBUG util.py:463:    Installing       : perl-Devel-PPPort-3.72-512.el10.x86_64                                                                                                                          129/261 
DEBUG util.py:463:    Installing       : perl-DirHandle-1.05-512.2.el10_0.noarch                                                                                                                         130/261 
DEBUG util.py:463:    Installing       : perl-ExtUtils-Constant-0.25-512.2.el10_0.noarch                                                                                                                 131/261 
DEBUG util.py:463:    Installing       : perl-ExtUtils-MM-Utils-2:7.70-513.el10.noarch                                                                                                                   132/261 
DEBUG util.py:463:    Installing       : perl-Hash-Util-FieldHash-1.27-512.2.el10_0.x86_64                                                                                                               133/261 
DEBUG util.py:463:    Installing       : perl-Hash-Util-0.32-512.2.el10_0.x86_64                                                                                                                         134/261 
DEBUG util.py:463:    Installing       : perl-I18N-LangTags-0.45-512.2.el10_0.noarch                                                                                                                     135/261 
DEBUG util.py:463:    Installing       : perl-Locale-Maketext-1.33-512.el10.noarch                                                                                                                       136/261 
DEBUG util.py:463:    Installing       : perl-Locale-Maketext-Simple-1:0.21-512.2.el10_0.noarch                                                                                                          137/261 
DEBUG util.py:463:    Installing       : perl-Params-Check-1:0.38-511.el10.noarch                                                                                                                        138/261 
DEBUG util.py:463:    Installing       : perl-Module-Load-Conditional-0.74-511.el10.noarch                                                                                                               139/261 
DEBUG util.py:463:    Installing       : perl-IPC-Cmd-2:1.04-512.el10.noarch                                                                                                                             140/261 
DEBUG util.py:463:    Installing       : perl-Math-Complex-1.62-512.2.el10_0.noarch                                                                                                                      141/261 
DEBUG util.py:463:    Installing       : perl-Math-BigInt-1:2.0030.03-3.el10.noarch                                                                                                                      142/261 
DEBUG util.py:463:    Installing       : perl-JSON-PP-1:4.16-512.el10.noarch                                                                                                                             143/261 
DEBUG util.py:463:    Installing       : perl-CPAN-Meta-2.150010-511.el10.noarch                                                                                                                         144/261 
DEBUG util.py:463:    Installing       : perl-ExtUtils-Install-2.22-511.el10.noarch                                                                                                                      145/261 
DEBUG util.py:463:    Installing       : perl-devel-4:5.40.2-512.2.el10_0.x86_64                                                                                                                         146/261 
DEBUG util.py:463:    Installing       : perl-ExtUtils-MakeMaker-2:7.70-513.el10.noarch                                                                                                                  147/261 
DEBUG util.py:463:    Installing       : perl-ExtUtils-CBuilder-1:0.280240-511.el10.noarch                                                                                                               148/261 
DEBUG util.py:463:    Installing       : perl-ExtUtils-Embed-1.35-512.2.el10_0.noarch                                                                                                                    149/261 
DEBUG util.py:463:    Installing       : perl-Test-Simple-3:1.302199-513.el10.noarch                                                                                                                     150/261 
DEBUG util.py:463:    Installing       : perl-Params-Util-1.102-19.el10.x86_64                                                                                                                           151/261 
DEBUG util.py:463:    Installing       : perl-SelfLoader-1.27-512.2.el10_0.noarch                                                                                                                        152/261 
DEBUG util.py:463:    Installing       : perl-Sub-Install-0.929-8.el10.noarch                                                                                                                            153/261 
DEBUG util.py:463:    Installing       : perl-Sys-Hostname-1.25-512.2.el10_0.x86_64                                                                                                                      154/261 
DEBUG util.py:463:    Installing       : perl-Text-Balanced-2.06-511.el10.noarch                                                                                                                         155/261 
DEBUG util.py:463:    Installing       : perl-Tie-RefHash-1.40-511.el10.noarch                                                                                                                           156/261 
DEBUG util.py:463:    Installing       : perl-User-pwent-1.05-512.2.el10_0.noarch                                                                                                                        157/261 
DEBUG util.py:463:    Installing       : perl-autouse-1.11-512.2.el10_0.noarch                                                                                                                           158/261 
DEBUG util.py:463:    Installing       : perl-subs-1.04-512.2.el10_0.noarch                                                                                                                              159/261 
DEBUG util.py:463:    Installing       : perl-Opcode-1.65-512.2.el10_0.x86_64                                                                                                                            160/261 
DEBUG util.py:463:    Installing       : perl-Safe-2.46-512.2.el10_0.noarch                                                                                                                              161/261 
DEBUG util.py:463:    Installing       : perl-Filter-Simple-0.96-511.el10.noarch                                                                                                                         162/261 
DEBUG util.py:463:    Installing       : perl-Data-OptList-0.114-7.el10.noarch                                                                                                                           163/261 
DEBUG util.py:463:    Installing       : perl-Devel-SelfStubber-1.06-512.2.el10_0.noarch                                                                                                                 164/261 
DEBUG util.py:463:    Installing       : perl-Test2-Suite-0.000163-4.el10.noarch                                                                                                                         165/261 
DEBUG util.py:463:    Installing       : perl-ExtUtils-Miniperl-1.14-512.2.el10_0.noarch                                                                                                                 166/261 
DEBUG util.py:463:    Installing       : perl-libnetcfg-4:5.40.2-512.2.el10_0.noarch                                                                                                                     167/261 
DEBUG util.py:463:    Installing       : perl-Encode-devel-4:3.21-511.el10.x86_64                                                                                                                        168/261 
DEBUG util.py:463:    Installing       : perl-inc-latest-2:0.500-30.el10.noarch                                                                                                                          169/261 
DEBUG util.py:463:    Installing       : perl-Math-BigInt-FastCalc-0.501.800-511.el10.x86_64                                                                                                             170/261 
DEBUG util.py:463:    Installing       : perl-bignum-0.67-512.el10.noarch                                                                                                                                171/261 
DEBUG util.py:463:    Installing       : perl-File-Fetch-1.04-511.el10.noarch                                                                                                                            172/261 
DEBUG util.py:463:    Installing       : perl-fields-2.27-512.2.el10_0.noarch                                                                                                                            173/261 
DEBUG util.py:463:    Installing       : perl-DBM_Filter-0.06-512.2.el10_0.noarch                                                                                                                        174/261 
DEBUG util.py:463:    Installing       : perl-open-1.13-512.2.el10_0.noarch                                                                                                                              175/261 
DEBUG util.py:463:    Installing       : perl-debugger-1.60-512.2.el10_0.noarch                                                                                                                          176/261 
DEBUG util.py:463:    Installing       : perl-sigtrap-1.10-512.2.el10_0.noarch                                                                                                                           177/261 
DEBUG util.py:463:    Installing       : perl-Unicode-Collate-1.31-511.el10.x86_64                                                                                                                       178/261 
DEBUG util.py:463:    Installing       : perl-Unicode-UCD-0.78-512.2.el10_0.noarch                                                                                                                       179/261 
DEBUG util.py:463:    Installing       : perl-Env-1.06-511.el10.noarch                                                                                                                                   180/261 
DEBUG util.py:463:    Installing       : perl-Module-CoreList-tools-1:5.20250120-1.el10.noarch                                                                                                           181/261 
DEBUG util.py:463:    Installing       : perl-Archive-Zip-1.68-17.el10.noarch                                                                                                                            182/261 
DEBUG util.py:463:    Installing       : perl-Thread-3.05-512.2.el10_0.noarch                                                                                                                            183/261 
DEBUG util.py:463:    Installing       : perl-Thread-Queue-3.14-511.el10.noarch                                                                                                                          184/261 
DEBUG util.py:463:    Installing       : perl-Thread-Semaphore-2.13-512.2.el10_0.noarch                                                                                                                  185/261 
DEBUG util.py:463:    Installing       : perl-experimental-0.032-511.el10.noarch                                                                                                                         186/261 
DEBUG util.py:463:    Installing       : perl-Pod-Checker-4:1.77-511.el10.noarch                                                                                                                         187/261 
DEBUG util.py:463:    Installing       : perl-diagnostics-1.40-512.2.el10_0.noarch                                                                                                                       188/261 
DEBUG util.py:463:    Installing       : perl-macros-4:5.40.2-512.2.el10_0.noarch                                                                                                                        189/261 
DEBUG util.py:463:    Installing       : perl-utils-5.40.2-512.2.el10_0.noarch                                                                                                                           190/261 
DEBUG util.py:463:    Installing       : perl-Algorithm-Diff-1.2010-14.el10.noarch                                                                                                                       191/261 
DEBUG util.py:463:    Installing       : perl-Text-Diff-1.45-24.el10.noarch                                                                                                                              192/261 
DEBUG util.py:463:    Installing       : perl-Attribute-Handlers-1.03-512.2.el10_0.noarch                                                                                                                193/261 
DEBUG util.py:463:    Installing       : perl-Compress-Bzip2-2.28-21.el10.x86_64                                                                                                                         194/261 
DEBUG util.py:463:    Installing       : perl-Compress-Raw-Lzma-2.212-3.el10.x86_64                                                                                                                      195/261 
DEBUG util.py:463:    Installing       : perl-IO-Compress-Lzma-2.206-7.el10.noarch                                                                                                                       196/261 
DEBUG util.py:463:    Installing       : perl-Archive-Tar-3.02-512.el10.noarch                                                                                                                           197/261 
DEBUG util.py:463:    Installing       : perl-Config-Extensions-0.03-512.2.el10_0.noarch                                                                                                                 198/261 
DEBUG util.py:463:    Installing       : perl-Config-Perl-V-0.36-512.el10.noarch                                                                                                                         199/261 
DEBUG util.py:463:    Installing       : perl-Devel-Size-0.84-3.el10.x86_64                                                                                                                              200/261 
DEBUG util.py:463:    Installing       : perl-English-1.11-512.2.el10_0.noarch                                                                                                                           201/261 
DEBUG util.py:463:    Installing       : perl-File-DosGlob-1.12-512.2.el10_0.x86_64                                                                                                                      202/261 
DEBUG util.py:463:    Installing       : perl-File-Which-1.27-14.el10.noarch                                                                                                                             203/261 
DEBUG util.py:463:    Installing       : perl-File-HomeDir-1.006-15.el10.noarch                                                                                                                          204/261 
DEBUG util.py:463:    Installing       : perl-FileCache-1.10-512.2.el10_0.noarch                                                                                                                         205/261 
DEBUG util.py:463:    Installing       : perl-FindBin-1.54-512.2.el10_0.noarch                                                                                                                           206/261 
DEBUG util.py:463:    Installing       : perl-I18N-Collate-1.02-512.2.el10_0.noarch                                                                                                                      207/261 
DEBUG util.py:463:    Installing       : perl-I18N-Langinfo-0.24-512.2.el10_0.x86_64                                                                                                                     208/261 
DEBUG util.py:463:    Installing       : perl-IPC-SysV-2.09-512.el10.x86_64                                                                                                                              209/261 
DEBUG util.py:463:    Installing       : perl-IPC-System-Simple-1.30-16.el10.noarch                                                                                                                      210/261 
DEBUG util.py:463:    Installing       : perl-autodie-2.37-512.el10.noarch                                                                                                                               211/261 
DEBUG util.py:463:    Installing       : perl-MRO-Compat-0.15-12.el10.noarch                                                                                                                             212/261 
DEBUG util.py:463:    Installing       : perl-Memoize-1.16-512.2.el10_0.noarch                                                                                                                           213/261 
DEBUG util.py:463:    Installing       : perl-Module-Loaded-1:0.08-512.2.el10_0.noarch                                                                                                                   214/261 
DEBUG util.py:463:    Installing       : perl-NEXT-0.69-512.2.el10_0.noarch                                                                                                                              215/261 
DEBUG util.py:463:    Installing       : perl-Net-1.04-512.2.el10_0.noarch                                                                                                                               216/261 
DEBUG util.py:463:    Installing       : perl-Package-Generator-1.106-34.el10.noarch                                                                                                                     217/261 
DEBUG util.py:463:    Installing       : perl-Sub-Exporter-0.991-7.el10.noarch                                                                                                                           218/261 
DEBUG util.py:463:    Installing       : perl-Data-Section-0.200008-8.el10.noarch                                                                                                                        219/261 
DEBUG util.py:463:    Installing       : perl-PerlIO-via-QuotedPrint-0.10-511.el10.noarch                                                                                                                220/261 
DEBUG util.py:463:    Installing       : perl-Pod-Functions-1.14-512.2.el10_0.noarch                                                                                                                     221/261 
DEBUG util.py:463:    Installing       : perl-Search-Dict-1.07-512.2.el10_0.noarch                                                                                                                       222/261 
DEBUG util.py:463:    Installing       : perl-Sys-Syslog-0.36-512.el10.x86_64                                                                                                                            223/261 
DEBUG util.py:463:    Installing       : perl-Term-Complete-1.403-512.2.el10_0.noarch                                                                                                                    224/261 
DEBUG util.py:463:    Installing       : perl-Test-1.31-512.2.el10_0.noarch                                                                                                                              225/261 
DEBUG util.py:463:    Installing       : perl-Text-Abbrev-1.02-512.2.el10_0.noarch                                                                                                                       226/261 
DEBUG util.py:463:    Installing       : perl-Text-Glob-0.11-26.el10.noarch                                                                                                                              227/261 
DEBUG util.py:463:    Installing       : perl-Text-Template-1.61-8.el10.noarch                                                                                                                           228/261 
DEBUG util.py:463:    Installing       : perl-Software-License-0.104006-4.el10.noarch                                                                                                                    229/261 
DEBUG util.py:463:    Installing       : perl-Module-Build-2:0.42.34-7.el10.noarch                                                                                                                       230/261 
DEBUG util.py:463:    Installing       : perl-Tie-File-1.09-512.2.el10_0.noarch                                                                                                                          231/261 
DEBUG util.py:463:    Installing       : perl-Tie-Memoize-1.1-512.2.el10_0.noarch                                                                                                                        232/261 
DEBUG util.py:463:    Installing       : perl-Time-1.04-512.2.el10_0.noarch                                                                                                                              233/261 
DEBUG util.py:463:    Installing       : perl-Time-Piece-1.3401-512.2.el10_0.x86_64                                                                                                                      234/261 
DEBUG util.py:463:    Installing       : perl-blib-1.07-512.2.el10_0.noarch                                                                                                                              235/261 
DEBUG util.py:463:    Installing       : perl-deprecate-0.04-512.2.el10_0.noarch                                                                                                                         236/261 
DEBUG util.py:463:    Installing       : perl-encoding-warnings-0.14-512.2.el10_0.noarch                                                                                                                 237/261 
DEBUG util.py:463:    Installing       : perl-filetest-1.03-512.2.el10_0.noarch                                                                                                                          238/261 
DEBUG util.py:463:    Installing       : perl-less-0.03-512.2.el10_0.noarch                                                                                                                              239/261 
DEBUG util.py:463:    Installing       : perl-local-lib-2.000029-9.el10.noarch                                                                                                                           240/261 
DEBUG util.py:463:    Installing       : perl-perlfaq-5.20240218-511.el10.noarch                                                                                                                         241/261 
DEBUG util.py:463:    Installing       : perl-ph-5.40.2-512.2.el10_0.x86_64                                                                                                                              242/261 
DEBUG util.py:463:    Installing       : perl-sort-2.05-512.2.el10_0.noarch                                                                                                                              243/261 
DEBUG util.py:463:    Installing       : perl-vmsish-1.04-512.2.el10_0.noarch                                                                                                                            244/261 
DEBUG util.py:463:    Installing       : gnutls-3.8.10-3.el10_1.x86_64                                                                                                                                   245/261 
DEBUG util.py:463:    Installing       : gnupg2-2.4.5-4.el10_1.x86_64                                                                                                                                    246/261 
DEBUG util.py:463:    Installing       : perl-Module-Signature-0.88-12.el10.noarch                                                                                                                       247/261 
DEBUG util.py:463:    Installing       : perl-CPAN-2.36-514.el10_0.noarch                                                                                                                                248/261 
DEBUG util.py:463:    Installing       : perl-4:5.40.2-512.2.el10_0.x86_64                                                                                                                               249/261 
DEBUG util.py:463:    Installing       : dbus-common-1:1.14.10-5.el10.noarch                                                                                                                             250/261 
DEBUG util.py:463:    Running scriptlet: dbus-common-1:1.14.10-5.el10.noarch                                                                                                                             250/261 
DEBUG util.py:463:    Installing       : dbus-broker-36-4.el10.x86_64                                                                                                                                    251/261 
DEBUG util.py:463:    Running scriptlet: dbus-broker-36-4.el10.x86_64                                                                                                                                    251/261 
DEBUG util.py:463:    Installing       : dbus-1:1.14.10-5.el10.x86_64                                                                                                                                    252/261 
DEBUG util.py:463:    Installing       : systemd-pam-257-13.el10.alma.1.x86_64                                                                                                                           253/261 
DEBUG util.py:463:    Running scriptlet: systemd-257-13.el10.alma.1.x86_64                                                                                                                               254/261 
DEBUG util.py:463:    Installing       : systemd-257-13.el10.alma.1.x86_64                                                                                                                               254/261 
DEBUG util.py:463:    Running scriptlet: systemd-257-13.el10.alma.1.x86_64                                                                                                                               254/261 
DEBUG util.py:463:  Creating group 'input' with GID 104.
DEBUG util.py:463:  Creating group 'kvm' with GID 36.
DEBUG util.py:463:  Creating group 'render' with GID 105.
DEBUG util.py:463:  Creating group 'sgx' with GID 106.
DEBUG util.py:463:  Creating group 'systemd-journal' with GID 190.
DEBUG util.py:463:  Creating group 'dbus' with GID 81.
DEBUG util.py:463:  Creating user 'dbus' (System Message Bus) with UID 81 and GID 81.
DEBUG util.py:463:    Installing       : annobin-plugin-gcc-12.99-1.el10.x86_64                                                                                                                          255/261 
DEBUG util.py:463:    Running scriptlet: annobin-plugin-gcc-12.99-1.el10.x86_64                                                                                                                          255/261 
DEBUG util.py:463:    Installing       : zlib-ng-compat-devel-2.2.3-3.el10_1.x86_64                                                                                                                      256/261 
DEBUG util.py:463:    Installing       : gcc-plugin-annobin-14.3.1-2.1.el10.alma.1.x86_64                                                                                                                257/261 
DEBUG util.py:463:    Running scriptlet: gcc-plugin-annobin-14.3.1-2.1.el10.alma.1.x86_64                                                                                                                257/261 
DEBUG util.py:463:    Installing       : pcre2-devel-10.44-1.el10.3.x86_64                                                                                                                               258/261 
DEBUG util.py:463:    Installing       : openssl-devel-1:3.5.1-7.el10_1.alma.1.x86_64                                                                                                                    259/261 
DEBUG util.py:463:    Installing       : libzstd-devel-1.5.5-9.el10.x86_64                                                                                                                               260/261 
DEBUG util.py:463:    Installing       : systemd-rpm-macros-257-13.el10.alma.1.noarch                                                                                                                    261/261 
DEBUG util.py:463:    Running scriptlet: systemd-rpm-macros-257-13.el10.alma.1.noarch                                                                                                                    261/261 
DEBUG util.py:463:  Installed:
DEBUG util.py:463:    annobin-docs-12.99-1.el10.noarch                              annobin-plugin-gcc-12.99-1.el10.x86_64                      cmake-filesystem-3.30.5-3.el10_0.x86_64                         
DEBUG util.py:463:    cpp-14.3.1-2.1.el10.alma.1.x86_64                             dbus-1:1.14.10-5.el10.x86_64                                dbus-broker-36-4.el10.x86_64                                    
DEBUG util.py:463:    dbus-common-1:1.14.10-5.el10.noarch                           expat-2.7.1-1.el10_1.3.x86_64                               gcc-14.3.1-2.1.el10.alma.1.x86_64                               
DEBUG util.py:463:    gcc-c++-14.3.1-2.1.el10.alma.1.x86_64                         gcc-plugin-annobin-14.3.1-2.1.el10.alma.1.x86_64            glibc-devel-2.39-58.el10_1.7.alma.1.x86_64                      
DEBUG util.py:463:    gnupg2-2.4.5-4.el10_1.x86_64                                  gnutls-3.8.10-3.el10_1.x86_64                               groff-base-1.23.0-10.el10.x86_64                                
DEBUG util.py:463:    kernel-headers-6.12.0-124.47.1.el10_1.x86_64                  libassuan-2.5.6-6.el10.x86_64                               libgcrypt-1.11.0-5.el10.x86_64                                  
DEBUG util.py:463:    libgpg-error-1.50-2.el10.x86_64                               libksba-1.6.7-2.el10.x86_64                                 libmpc-1.3.1-7.el10.x86_64                                      
DEBUG util.py:463:    libseccomp-2.5.6-1.el10.x86_64                                libstdc++-devel-14.3.1-2.1.el10.alma.1.x86_64               libxcrypt-devel-4.4.36-10.el10.x86_64                           
DEBUG util.py:463:    libzstd-devel-1.5.5-9.el10.x86_64                             make-1:4.4.1-9.el10.x86_64                                  mpdecimal-2.5.1-12.el10.x86_64                                  
DEBUG util.py:463:    ncurses-6.4-15.20240127.el10_1.x86_64                         npth-1.6-21.el10.x86_64                                     openssl-devel-1:3.5.1-7.el10_1.alma.1.x86_64                    
DEBUG util.py:463:    pcre2-devel-10.44-1.el10.3.x86_64                             pcre2-utf16-10.44-1.el10.3.x86_64                           pcre2-utf32-10.44-1.el10.3.x86_64                               
DEBUG util.py:463:    perl-4:5.40.2-512.2.el10_0.x86_64                             perl-Algorithm-Diff-1.2010-14.el10.noarch                   perl-Archive-Tar-3.02-512.el10.noarch                           
DEBUG util.py:463:    perl-Archive-Zip-1.68-17.el10.noarch                          perl-Attribute-Handlers-1.03-512.2.el10_0.noarch            perl-AutoLoader-5.74-512.2.el10_0.noarch                        
DEBUG util.py:463:    perl-AutoSplit-5.74-512.2.el10_0.noarch                       perl-B-1.89-512.2.el10_0.x86_64                             perl-Benchmark-1.25-512.2.el10_0.noarch                         
DEBUG util.py:463:    perl-CPAN-2.36-514.el10_0.noarch                              perl-CPAN-Meta-2.150010-511.el10.noarch                     perl-CPAN-Meta-Requirements-2.143-11.el10.noarch                
DEBUG util.py:463:    perl-CPAN-Meta-YAML-0.018-512.el10.noarch                     perl-Carp-1.54-511.el10.noarch                              perl-Class-Struct-0.68-512.2.el10_0.noarch                      
DEBUG util.py:463:    perl-Compress-Bzip2-2.28-21.el10.x86_64                       perl-Compress-Raw-Bzip2-2.212-512.el10.x86_64               perl-Compress-Raw-Lzma-2.212-3.el10.x86_64                      
DEBUG util.py:463:    perl-Compress-Raw-Zlib-2.212-512.el10.x86_64                  perl-Config-Extensions-0.03-512.2.el10_0.noarch             perl-Config-Perl-V-0.36-512.el10.noarch                         
DEBUG util.py:463:    perl-DBM_Filter-0.06-512.2.el10_0.noarch                      perl-Data-Dumper-2.189-512.el10.x86_64                      perl-Data-OptList-0.114-7.el10.noarch                           
DEBUG util.py:463:    perl-Data-Section-0.200008-8.el10.noarch                      perl-Devel-PPPort-3.72-512.el10.x86_64                      perl-Devel-Peek-1.34-512.2.el10_0.x86_64                        
DEBUG util.py:463:    perl-Devel-SelfStubber-1.06-512.2.el10_0.noarch               perl-Devel-Size-0.84-3.el10.x86_64                          perl-Digest-1.20-511.el10.noarch                                
DEBUG util.py:463:    perl-Digest-MD5-2.59-6.el10.x86_64                            perl-Digest-SHA-1:6.04-512.el10.x86_64                      perl-DirHandle-1.05-512.2.el10_0.noarch                         
DEBUG util.py:463:    perl-Dumpvalue-2.27-512.2.el10_0.noarch                       perl-DynaLoader-1.56-512.2.el10_0.x86_64                    perl-Encode-4:3.21-511.el10.x86_64                              
DEBUG util.py:463:    perl-Encode-devel-4:3.21-511.el10.x86_64                      perl-English-1.11-512.2.el10_0.noarch                       perl-Env-1.06-511.el10.noarch                                   
DEBUG util.py:463:    perl-Errno-1.38-512.2.el10_0.x86_64                           perl-Exporter-5.78-511.el10.noarch                          perl-ExtUtils-CBuilder-1:0.280240-511.el10.noarch               
DEBUG util.py:463:    perl-ExtUtils-Command-2:7.70-513.el10.noarch                  perl-ExtUtils-Constant-0.25-512.2.el10_0.noarch             perl-ExtUtils-Embed-1.35-512.2.el10_0.noarch                    
DEBUG util.py:463:    perl-ExtUtils-Install-2.22-511.el10.noarch                    perl-ExtUtils-MM-Utils-2:7.70-513.el10.noarch               perl-ExtUtils-MakeMaker-2:7.70-513.el10.noarch                  
DEBUG util.py:463:    perl-ExtUtils-Manifest-1:1.75-511.el10.noarch                 perl-ExtUtils-Miniperl-1.14-512.2.el10_0.noarch             perl-ExtUtils-ParseXS-1:3.51-512.el10.noarch                    
DEBUG util.py:463:    perl-Fcntl-1.18-512.2.el10_0.x86_64                           perl-File-Basename-2.86-512.2.el10_0.noarch                 perl-File-Compare-1.100.800-512.2.el10_0.noarch                 
DEBUG util.py:463:    perl-File-Copy-2.41-512.2.el10_0.noarch                       perl-File-DosGlob-1.12-512.2.el10_0.x86_64                  perl-File-Fetch-1.04-511.el10.noarch                            
DEBUG util.py:463:    perl-File-Find-1.44-512.2.el10_0.noarch                       perl-File-HomeDir-1.006-15.el10.noarch                      perl-File-Path-2.18-511.el10.noarch                             
DEBUG util.py:463:    perl-File-Temp-1:0.231.100-512.el10.noarch                    perl-File-Which-1.27-14.el10.noarch                         perl-File-stat-1.14-512.2.el10_0.noarch                         
DEBUG util.py:463:    perl-FileCache-1.10-512.2.el10_0.noarch                       perl-FileHandle-2.05-512.2.el10_0.noarch                    perl-Filter-2:1.64-512.el10.x86_64                              
DEBUG util.py:463:    perl-Filter-Simple-0.96-511.el10.noarch                       perl-FindBin-1.54-512.2.el10_0.noarch                       perl-GDBM_File-1:1.24-512.2.el10_0.x86_64                       
DEBUG util.py:463:    perl-Getopt-Long-1:2.58-3.el10.noarch                         perl-Getopt-Std-1.14-512.2.el10_0.noarch                    perl-HTTP-Tiny-0.088-512.el10.noarch                            
DEBUG util.py:463:    perl-Hash-Util-0.32-512.2.el10_0.x86_64                       perl-Hash-Util-FieldHash-1.27-512.2.el10_0.x86_64           perl-I18N-Collate-1.02-512.2.el10_0.noarch                      
DEBUG util.py:463:    perl-I18N-LangTags-0.45-512.2.el10_0.noarch                   perl-I18N-Langinfo-0.24-512.2.el10_0.x86_64                 perl-IO-1.55-512.2.el10_0.x86_64                                
DEBUG util.py:463:    perl-IO-Compress-2.212-512.el10.noarch                        perl-IO-Compress-Lzma-2.206-7.el10.noarch                   perl-IO-Socket-IP-0.42-512.el10.noarch                          
DEBUG util.py:463:    perl-IO-Socket-SSL-2.085-3.el10.noarch                        perl-IO-Zlib-1:1.15-511.el10.noarch                         perl-IPC-Cmd-2:1.04-512.el10.noarch                             
DEBUG util.py:463:    perl-IPC-Open3-1.22-512.2.el10_0.noarch                       perl-IPC-SysV-2.09-512.el10.x86_64                          perl-IPC-System-Simple-1.30-16.el10.noarch                      
DEBUG util.py:463:    perl-JSON-PP-1:4.16-512.el10.noarch                           perl-Locale-Maketext-1.33-512.el10.noarch                   perl-Locale-Maketext-Simple-1:0.21-512.2.el10_0.noarch          
DEBUG util.py:463:    perl-MIME-Base64-3.16-511.el10.x86_64                         perl-MRO-Compat-0.15-12.el10.noarch                         perl-Math-BigInt-1:2.0030.03-3.el10.noarch                      
DEBUG util.py:463:    perl-Math-BigInt-FastCalc-0.501.800-511.el10.x86_64           perl-Math-Complex-1.62-512.2.el10_0.noarch                  perl-Memoize-1.16-512.2.el10_0.noarch                           
DEBUG util.py:463:    perl-Module-Build-2:0.42.34-7.el10.noarch                     perl-Module-CoreList-1:5.20250120-1.el10.noarch             perl-Module-CoreList-tools-1:5.20250120-1.el10.noarch           
DEBUG util.py:463:    perl-Module-Load-1:0.36-511.el10.noarch                       perl-Module-Load-Conditional-0.74-511.el10.noarch           perl-Module-Loaded-1:0.08-512.2.el10_0.noarch                   
DEBUG util.py:463:    perl-Module-Metadata-1.000038-512.el10.noarch                 perl-Module-Signature-0.88-12.el10.noarch                   perl-Mozilla-CA-20231213-5.el10.noarch                          
DEBUG util.py:463:    perl-NDBM_File-1.17-512.2.el10_0.x86_64                       perl-NEXT-0.69-512.2.el10_0.noarch                          perl-Net-1.04-512.2.el10_0.noarch                               
DEBUG util.py:463:    perl-Net-Ping-2.76-511.el10.noarch                            perl-Net-SSLeay-1.94-8.el10.x86_64                          perl-ODBM_File-1.18-512.2.el10_0.x86_64                         
DEBUG util.py:463:    perl-Opcode-1.65-512.2.el10_0.x86_64                          perl-POSIX-2.20-512.2.el10_0.x86_64                         perl-Package-Generator-1.106-34.el10.noarch                     
DEBUG util.py:463:    perl-Params-Check-1:0.38-511.el10.noarch                      perl-Params-Util-1.102-19.el10.x86_64                       perl-PathTools-3.91-512.el10.x86_64                             
DEBUG util.py:463:    perl-Perl-OSType-1.010-512.el10.noarch                        perl-PerlIO-via-QuotedPrint-0.10-511.el10.noarch            perl-Pod-Checker-4:1.77-511.el10.noarch                         
DEBUG util.py:463:    perl-Pod-Escapes-1:1.07-511.el10.noarch                       perl-Pod-Functions-1.14-512.2.el10_0.noarch                 perl-Pod-Html-1.35-512.2.el10_0.noarch                          
DEBUG util.py:463:    perl-Pod-Perldoc-3.28.01-512.el10.noarch                      perl-Pod-Simple-1:3.45-511.el10.noarch                      perl-Pod-Usage-4:2.03-511.el10.noarch                           
DEBUG util.py:463:    perl-Safe-2.46-512.2.el10_0.noarch                            perl-Scalar-List-Utils-5:1.63-511.el10.x86_64               perl-Search-Dict-1.07-512.2.el10_0.noarch                       
DEBUG util.py:463:    perl-SelectSaver-1.02-512.2.el10_0.noarch                     perl-SelfLoader-1.27-512.2.el10_0.noarch                    perl-Socket-4:2.038-511.el10.x86_64                             
DEBUG util.py:463:    perl-Software-License-0.104006-4.el10.noarch                  perl-Storable-1:3.32-511.el10.x86_64                        perl-Sub-Exporter-0.991-7.el10.noarch                           
DEBUG util.py:463:    perl-Sub-Install-0.929-8.el10.noarch                          perl-Symbol-1.09-512.2.el10_0.noarch                        perl-Sys-Hostname-1.25-512.2.el10_0.x86_64                      
DEBUG util.py:463:    perl-Sys-Syslog-0.36-512.el10.x86_64                          perl-Term-ANSIColor-5.01-512.el10.noarch                    perl-Term-Cap-1.18-511.el10.noarch                              
DEBUG util.py:463:    perl-Term-Complete-1.403-512.2.el10_0.noarch                  perl-Term-ReadLine-1.17-512.2.el10_0.noarch                 perl-Term-Table-0.018-513.el10.noarch                           
DEBUG util.py:463:    perl-Test-1.31-512.2.el10_0.noarch                            perl-Test-Harness-1:3.48-512.el10.noarch                    perl-Test-Simple-3:1.302199-513.el10.noarch                     
DEBUG util.py:463:    perl-Test2-Suite-0.000163-4.el10.noarch                       perl-Text-Abbrev-1.02-512.2.el10_0.noarch                   perl-Text-Balanced-2.06-511.el10.noarch                         
DEBUG util.py:463:    perl-Text-Diff-1.45-24.el10.noarch                            perl-Text-Glob-0.11-26.el10.noarch                          perl-Text-ParseWords-3.31-511.el10.noarch                       
DEBUG util.py:463:    perl-Text-Tabs+Wrap-2024.001-511.el10.noarch                  perl-Text-Template-1.61-8.el10.noarch                       perl-Thread-3.05-512.2.el10_0.noarch                            
DEBUG util.py:463:    perl-Thread-Queue-3.14-511.el10.noarch                        perl-Thread-Semaphore-2.13-512.2.el10_0.noarch              perl-Tie-4.6-512.2.el10_0.noarch                                
DEBUG util.py:463:    perl-Tie-File-1.09-512.2.el10_0.noarch                        perl-Tie-Memoize-1.1-512.2.el10_0.noarch                    perl-Tie-RefHash-1.40-511.el10.noarch                           
DEBUG util.py:463:    perl-Time-1.04-512.2.el10_0.noarch                            perl-Time-HiRes-4:1.9777-511.el10.x86_64                    perl-Time-Local-2:1.350-511.el10.noarch                         
DEBUG util.py:463:    perl-Time-Piece-1.3401-512.2.el10_0.x86_64                    perl-URI-5.27-3.el10.noarch                                 perl-Unicode-Collate-1.31-511.el10.x86_64                       
DEBUG util.py:463:    perl-Unicode-Normalize-1.32-511.el10.x86_64                   perl-Unicode-UCD-0.78-512.2.el10_0.noarch                   perl-User-pwent-1.05-512.2.el10_0.noarch                        
DEBUG util.py:463:    perl-autodie-2.37-512.el10.noarch                             perl-autouse-1.11-512.2.el10_0.noarch                       perl-base-2.27-512.2.el10_0.noarch                              
DEBUG util.py:463:    perl-bignum-0.67-512.el10.noarch                              perl-blib-1.07-512.2.el10_0.noarch                          perl-constant-1.33-512.el10.noarch                              
DEBUG util.py:463:    perl-debugger-1.60-512.2.el10_0.noarch                        perl-deprecate-0.04-512.2.el10_0.noarch                     perl-devel-4:5.40.2-512.2.el10_0.x86_64                         
DEBUG util.py:463:    perl-diagnostics-1.40-512.2.el10_0.noarch                     perl-doc-5.40.2-512.2.el10_0.noarch                         perl-encoding-4:3.00-511.el10.x86_64                            
DEBUG util.py:463:    perl-encoding-warnings-0.14-512.2.el10_0.noarch               perl-experimental-0.032-511.el10.noarch                     perl-fields-2.27-512.2.el10_0.noarch                            
DEBUG util.py:463:    perl-filetest-1.03-512.2.el10_0.noarch                        perl-if-0.61.000-512.2.el10_0.noarch                        perl-inc-latest-2:0.500-30.el10.noarch                          
DEBUG util.py:463:    perl-interpreter-4:5.40.2-512.2.el10_0.x86_64                 perl-less-0.03-512.2.el10_0.noarch                          perl-lib-0.65-512.2.el10_0.x86_64                               
DEBUG util.py:463:    perl-libnet-3.15-512.el10.noarch                              perl-libnetcfg-4:5.40.2-512.2.el10_0.noarch                 perl-libs-4:5.40.2-512.2.el10_0.x86_64                          
DEBUG util.py:463:    perl-local-lib-2.000029-9.el10.noarch                         perl-locale-1.12-512.2.el10_0.noarch                        perl-macros-4:5.40.2-512.2.el10_0.noarch                        
DEBUG util.py:463:    perl-meta-notation-5.40.2-512.2.el10_0.noarch                 perl-mro-1.29-512.2.el10_0.x86_64                           perl-open-1.13-512.2.el10_0.noarch                              
DEBUG util.py:463:    perl-overload-1.37-512.2.el10_0.noarch                        perl-overloading-0.02-512.2.el10_0.noarch                   perl-parent-1:0.241-512.el10.noarch                             
DEBUG util.py:463:    perl-perlfaq-5.20240218-511.el10.noarch                       perl-ph-5.40.2-512.2.el10_0.x86_64                          perl-podlators-1:5.01-511.el10.noarch                           
DEBUG util.py:463:    perl-sigtrap-1.10-512.2.el10_0.noarch                         perl-sort-2.05-512.2.el10_0.noarch                          perl-subs-1.04-512.2.el10_0.noarch                              
DEBUG util.py:463:    perl-threads-1:2.40-511.el10.x86_64                           perl-threads-shared-1.69-511.el10.x86_64                    perl-utils-5.40.2-512.2.el10_0.noarch                           
DEBUG util.py:463:    perl-vars-1.05-512.2.el10_0.noarch                            perl-version-8:0.99.32-4.el10.x86_64                        perl-vmsish-1.04-512.2.el10_0.noarch                            
DEBUG util.py:463:    python3-3.12.12-3.el10_1.2.x86_64                             python3-libs-3.12.12-3.el10_1.2.x86_64                      python3-pip-wheel-23.3.2-7.el10.noarch                          
DEBUG util.py:463:    python3-pyparsing-3.1.1-7.el10.noarch                         systemd-257-13.el10.alma.1.x86_64                           systemd-pam-257-13.el10.alma.1.x86_64                           
DEBUG util.py:463:    systemd-rpm-macros-257-13.el10.alma.1.noarch                  systemtap-sdt-devel-5.3-3b.el10.x86_64                      systemtap-sdt-dtrace-5.3-3b.el10.x86_64                         
DEBUG util.py:463:    tpm2-tss-4.1.3-5.el10.x86_64                                  tzdata-2026a-1.el10.noarch                                  zlib-ng-compat-devel-2.2.3-3.el10_1.x86_64                      
DEBUG util.py:463:  Complete!
DEBUG util.py:610:  Child return code was: 0
DEBUG util.py:185:  kill orphans in chroot /var/lib/mock/alma+epel-10-x86_64/root
DEBUG util.py:185:  kill orphans in chroot /var/lib/mock/alma+epel-10-x86_64-bootstrap/root/var/lib/mock/alma+epel-10-x86_64/root
DEBUG util.py:636:  child environment: None
DEBUG util.py:558:  Executing command: ['/bin/umount', '-n', '-l', '/var/lib/mock/alma+epel-10-x86_64-bootstrap/root/var/lib/mock/alma+epel-10-x86_64/root'] with env {'TERM': 'vt100', 'SHELL': '/bin/sh', 'HOME': '/builddir', 'HOSTNAME': 'mock', 'PATH': '/usr/bin:/bin:/usr/sbin:/sbin', 'LANG': 'C.UTF-8'} and shell False
DEBUG util.py:610:  Child return code was: 0
DEBUG util.py:636:  child environment: None
DEBUG util.py:558:  Executing command: ['/bin/umount', '-n', '-l', '/var/lib/mock/alma+epel-10-x86_64-bootstrap/root/var/lib/mock/alma+epel-10-x86_64/root'] with env {'TERM': 'vt100', 'SHELL': '/bin/sh', 'HOME': '/builddir', 'HOSTNAME': 'mock', 'PATH': '/usr/bin:/bin:/usr/sbin:/sbin', 'LANG': 'C.UTF-8'} and shell False
DEBUG util.py:610:  Child return code was: 0
DEBUG util.py:636:  child environment: None
DEBUG util.py:558:  Executing command: ['/bin/umount', '-n', '-l', '/var/lib/mock/alma+epel-10-x86_64/root/dev/pts'] with env {'TERM': 'vt100', 'SHELL': '/bin/sh', 'HOME': '/builddir', 'HOSTNAME': 'mock', 'PATH': '/usr/bin:/bin:/usr/sbin:/sbin', 'LANG': 'C.UTF-8'} and shell False
DEBUG util.py:610:  Child return code was: 0
DEBUG util.py:636:  child environment: None
DEBUG util.py:558:  Executing command: ['/bin/umount', '-n', '-l', '/var/lib/mock/alma+epel-10-x86_64/root/dev/shm'] with env {'TERM': 'vt100', 'SHELL': '/bin/sh', 'HOME': '/builddir', 'HOSTNAME': 'mock', 'PATH': '/usr/bin:/bin:/usr/sbin:/sbin', 'LANG': 'C.UTF-8'} and shell False
DEBUG util.py:610:  Child return code was: 0
DEBUG util.py:636:  child environment: None
DEBUG util.py:558:  Executing command: ['/bin/umount', '-n', '-l', '/var/lib/mock/alma+epel-10-x86_64/root/sys'] with env {'TERM': 'vt100', 'SHELL': '/bin/sh', 'HOME': '/builddir', 'HOSTNAME': 'mock', 'PATH': '/usr/bin:/bin:/usr/sbin:/sbin', 'LANG': 'C.UTF-8'} and shell False
DEBUG util.py:610:  Child return code was: 0
DEBUG util.py:636:  child environment: None
DEBUG util.py:558:  Executing command: ['/bin/umount', '-n', '-l', '/var/lib/mock/alma+epel-10-x86_64/root/sys'] with env {'TERM': 'vt100', 'SHELL': '/bin/sh', 'HOME': '/builddir', 'HOSTNAME': 'mock', 'PATH': '/usr/bin:/bin:/usr/sbin:/sbin', 'LANG': 'C.UTF-8'} and shell False
DEBUG util.py:610:  Child return code was: 0
DEBUG util.py:636:  child environment: None
DEBUG util.py:558:  Executing command: ['/bin/umount', '-n', '-l', '/var/lib/mock/alma+epel-10-x86_64/root/proc'] with env {'TERM': 'vt100', 'SHELL': '/bin/sh', 'HOME': '/builddir', 'HOSTNAME': 'mock', 'PATH': '/usr/bin:/bin:/usr/sbin:/sbin', 'LANG': 'C.UTF-8'} and shell False
DEBUG util.py:610:  Child return code was: 0
DEBUG util.py:636:  child environment: None
DEBUG util.py:558:  Executing command: ['/bin/umount', '-n', '-l', '/var/lib/mock/alma+epel-10-x86_64/root/proc'] with env {'TERM': 'vt100', 'SHELL': '/bin/sh', 'HOME': '/builddir', 'HOSTNAME': 'mock', 'PATH': '/usr/bin:/bin:/usr/sbin:/sbin', 'LANG': 'C.UTF-8'} and shell False
DEBUG util.py:610:  Child return code was: 0
DEBUG file_util.py:17:  ensuring that dir exists: /var/lib/mock/alma+epel-10-x86_64-bootstrap/root/var/lib/mock/alma+epel-10-x86_64/root
DEBUG util.py:636:  child environment: None
DEBUG util.py:558:  Executing command: ['/bin/mount', '-n', '-t', 'tmpfs', '-o', 'private,mode=0755', 'tmpfs', '/var/lib/mock/alma+epel-10-x86_64-bootstrap/root/var/lib/mock/alma+epel-10-x86_64/root'] with env {'TERM': 'vt100', 'SHELL': '/bin/sh', 'HOME': '/builddir', 'HOSTNAME': 'mock', 'PATH': '/usr/bin:/bin:/usr/sbin:/sbin', 'LANG': 'C.UTF-8'} and shell False
DEBUG util.py:610:  Child return code was: 0
DEBUG file_util.py:17:  ensuring that dir exists: /var/lib/mock/alma+epel-10-x86_64-bootstrap/root/var/lib/mock/alma+epel-10-x86_64/root
DEBUG util.py:636:  child environment: None
DEBUG util.py:558:  Executing command: ['/bin/mount', '-n', '-o', 'rbind', '/var/lib/mock/alma+epel-10-x86_64/root', '/var/lib/mock/alma+epel-10-x86_64-bootstrap/root/var/lib/mock/alma+epel-10-x86_64/root'] with env {'TERM': 'vt100', 'SHELL': '/bin/sh', 'HOME': '/builddir', 'HOSTNAME': 'mock', 'PATH': '/usr/bin:/bin:/usr/sbin:/sbin', 'LANG': 'C.UTF-8'} and shell False
DEBUG util.py:610:  Child return code was: 0
DEBUG util.py:636:  child environment: None
DEBUG util.py:558:  Executing command: ['/bin/mount', '-n', '-o', 'remount,private,rbind', '--target', '/var/lib/mock/alma+epel-10-x86_64-bootstrap/root/var/lib/mock/alma+epel-10-x86_64/root'] with env {'TERM': 'vt100', 'SHELL': '/bin/sh', 'HOME': '/builddir', 'HOSTNAME': 'mock', 'PATH': '/usr/bin:/bin:/usr/sbin:/sbin', 'LANG': 'C.UTF-8'} and shell False
DEBUG util.py:610:  Child return code was: 0
DEBUG util.py:636:  child environment: None
DEBUG util.py:553:  Using nspawn with args ['--capability=cap_ipc_lock', '--bind=/tmp/mock-resolv.tv3e0mrh:/etc/resolv.conf']
DEBUG util.py:558:  Executing command: ['/usr/bin/systemd-nspawn', '-q', '-M', '24f2b1dbf8f447b6a6b113e58cd02bbb', '-D', '/var/lib/mock/alma+epel-10-x86_64-bootstrap/root', '-a', '--capability=cap_ipc_lock', '--bind=/tmp/mock-resolv.tv3e0mrh:/etc/resolv.conf', '--console=pipe', '--setenv=TERM=vt100', '--setenv=SHELL=/bin/bash', '--setenv=HOME=/builddir', '--setenv=HOSTNAME=mock', '--setenv=PATH=/usr/bin:/bin:/usr/sbin:/sbin', '--setenv=PROMPT_COMMAND=printf "\\033]0;<mock-chroot>\\007"', '--setenv=PS1=<mock-chroot> \\s-\\v\\$ ', '--setenv=LANG=C.UTF-8', '--resolv-conf=off', '/bin/rpm', '-qa', '--root', '/var/lib/mock/alma+epel-10-x86_64/root'] with env {'TERM': 'vt100', 'SHELL': '/bin/bash', 'HOME': '/builddir', 'HOSTNAME': 'mock', 'PATH': '/usr/bin:/bin:/usr/sbin:/sbin', 'PROMPT_COMMAND': 'printf "\\033]0;<mock-chroot>\\007"', 'PS1': '<mock-chroot> \\s-\\v\\$ ', 'LANG': 'C.UTF-8', 'SYSTEMD_NSPAWN_TMPFS_TMP': '0', 'SYSTEMD_SECCOMP': '0'} and shell False
DEBUG util.py:463:  gpg-pubkey-c2a1e572-668fe8ef
DEBUG util.py:463:  gpg-pubkey-e37ed158-65785fa9
DEBUG util.py:463:  libgcc-14.3.1-2.1.el10.alma.1.x86_64
DEBUG util.py:463:  ghc-srpm-macros-1.9.2-1.el10_0.noarch
DEBUG util.py:463:  fpc-srpm-macros-1.3-7.el10_1.noarch
DEBUG util.py:463:  ansible-srpm-macros-1-16.1.el10_0.noarch
DEBUG util.py:463:  rust-toolset-srpm-macros-1.88.0-1.el10.alma.1.noarch
DEBUG util.py:463:  qt6-srpm-macros-6.9.1-1.el10.noarch
DEBUG util.py:463:  perl-srpm-macros-1-57.el10.noarch
DEBUG util.py:463:  package-notes-srpm-macros-0.5-13.el10.noarch
DEBUG util.py:463:  openblas-srpm-macros-2-19.el10.noarch
DEBUG util.py:463:  ocaml-srpm-macros-10-4.el10.noarch
DEBUG util.py:463:  kernel-srpm-macros-1.0-25.el10.noarch
DEBUG util.py:463:  publicsuffix-list-dafsa-20240107-5.el10.noarch
DEBUG util.py:463:  pkgconf-m4-2.1.0-3.el10.noarch
DEBUG util.py:463:  pcre2-syntax-10.44-1.el10.3.noarch
DEBUG util.py:463:  ncurses-base-6.4-15.20240127.el10_1.noarch
DEBUG util.py:463:  libssh-config-0.11.1-5.el10_1.noarch
DEBUG util.py:463:  coreutils-common-9.5-6.el10.x86_64
DEBUG util.py:463:  almalinux-gpg-keys-10.1-16.el10.x86_64
DEBUG util.py:463:  almalinux-release-10.1-16.el10.x86_64
DEBUG util.py:463:  almalinux-repos-10.1-16.el10.x86_64
DEBUG util.py:463:  setup-2.14.5-7.el10.noarch
DEBUG util.py:463:  filesystem-3.18-17.el10.x86_64
DEBUG util.py:463:  basesystem-11-22.el10.noarch
DEBUG util.py:463:  glibc-gconv-extra-2.39-58.el10_1.7.alma.1.x86_64
DEBUG util.py:463:  ncurses-libs-6.4-15.20240127.el10_1.x86_64
DEBUG util.py:463:  glibc-2.39-58.el10_1.7.alma.1.x86_64
DEBUG util.py:463:  bash-5.2.26-6.el10.x86_64
DEBUG util.py:463:  glibc-common-2.39-58.el10_1.7.alma.1.x86_64
DEBUG util.py:463:  glibc-minimal-langpack-2.39-58.el10_1.7.alma.1.x86_64
DEBUG util.py:463:  zlib-ng-compat-2.2.3-3.el10_1.x86_64
DEBUG util.py:463:  bzip2-libs-1.0.8-25.el10.x86_64
DEBUG util.py:463:  xz-libs-5.6.2-4.el10_0.x86_64
DEBUG util.py:463:  libstdc++-14.3.1-2.1.el10.alma.1.x86_64
DEBUG util.py:463:  libuuid-2.40.2-15.el10_1.x86_64
DEBUG util.py:463:  popt-1.19-8.el10.x86_64
DEBUG util.py:463:  readline-8.2-11.el10.x86_64
DEBUG util.py:463:  libblkid-2.40.2-15.el10_1.x86_64
DEBUG util.py:463:  gmp-6.2.1-12.el10.x86_64
DEBUG util.py:463:  libattr-2.5.2-5.el10.x86_64
DEBUG util.py:463:  libacl-2.3.2-4.el10.x86_64
DEBUG util.py:463:  libxcrypt-4.4.36-10.el10.x86_64
DEBUG util.py:463:  libzstd-1.5.5-9.el10.x86_64
DEBUG util.py:463:  elfutils-libelf-0.193-1.el10.x86_64
DEBUG util.py:463:  crypto-policies-20250905-2.gitc7eb7b2.el10_1.1.noarch
DEBUG util.py:463:  gdbm-libs-1.23-12.el10_0.x86_64
DEBUG util.py:463:  libeconf-0.6.2-4.el10.x86_64
DEBUG util.py:463:  dwz-0.16-1.el10.x86_64
DEBUG util.py:463:  mpfr-4.2.1-5.el10.x86_64
DEBUG util.py:463:  gawk-5.3.0-6.el10.x86_64
DEBUG util.py:463:  unzip-6.0-69.el10.x86_64
DEBUG util.py:463:  file-libs-5.45-8.el10.x86_64
DEBUG util.py:463:  file-5.45-8.el10.x86_64
DEBUG util.py:463:  alternatives-1.30-2.el10.x86_64
DEBUG util.py:463:  jansson-2.14-3.el10.x86_64
DEBUG util.py:463:  libcap-ng-0.8.4-6.el10.x86_64
DEBUG util.py:463:  audit-libs-4.0.3-4.el10.x86_64
DEBUG util.py:463:  pam-libs-1.6.1-8.el10.x86_64
DEBUG util.py:463:  libcap-2.69-7.el10.x86_64
DEBUG util.py:463:  systemd-libs-257-13.el10.alma.1.x86_64
DEBUG util.py:463:  libffi-3.4.4-10.el10.x86_64
DEBUG util.py:463:  libsepol-3.9-1.el10.x86_64
DEBUG util.py:463:  libsmartcols-2.40.2-15.el10_1.x86_64
DEBUG util.py:463:  libtasn1-4.20.0-1.el10.x86_64
DEBUG util.py:463:  libunistring-1.1-10.el10.x86_64
DEBUG util.py:463:  libidn2-2.3.7-3.el10.x86_64
DEBUG util.py:463:  lua-libs-5.4.6-7.el10.x86_64
DEBUG util.py:463:  lz4-libs-1.9.4-8.el10.x86_64
DEBUG util.py:463:  pcre2-10.44-1.el10.3.x86_64
DEBUG util.py:463:  libselinux-3.9-1.el10.x86_64
DEBUG util.py:463:  sed-4.9-3.el10.x86_64
DEBUG util.py:463:  findutils-4.10.0-5.el10.x86_64
DEBUG util.py:463:  grep-3.11-10.el10.x86_64
DEBUG util.py:463:  xz-5.6.2-4.el10_0.x86_64
DEBUG util.py:463:  libmount-2.40.2-15.el10_1.x86_64
DEBUG util.py:463:  util-linux-core-2.40.2-15.el10_1.x86_64
DEBUG util.py:463:  libsemanage-3.9-1.el10.x86_64
DEBUG util.py:463:  shadow-utils-4.15.0-10.el10_1.x86_64
DEBUG util.py:463:  libutempter-1.2.1-15.el10.x86_64
DEBUG util.py:463:  tar-1.35-9.el10_1.x86_64
DEBUG util.py:463:  zstd-1.5.5-9.el10.x86_64
DEBUG util.py:463:  libpsl-0.21.5-6.el10.x86_64
DEBUG util.py:463:  p11-kit-0.25.5-7.el10.x86_64
DEBUG util.py:463:  p11-kit-trust-0.25.5-7.el10.x86_64
DEBUG util.py:463:  openssl-fips-provider-3.5.1-7.el10_1.alma.1.x86_64
DEBUG util.py:463:  openssl-libs-3.5.1-7.el10_1.alma.1.x86_64
DEBUG util.py:463:  coreutils-9.5-6.el10.x86_64
DEBUG util.py:463:  ca-certificates-2025.2.80_v9.0.305-102.el10_1.noarch
DEBUG util.py:463:  authselect-libs-1.5.0-8.el10.x86_64
DEBUG util.py:463:  gzip-1.13-3.el10.x86_64
DEBUG util.py:463:  cracklib-2.9.11-8.el10.x86_64
DEBUG util.py:463:  cracklib-dicts-2.9.11-8.el10.x86_64
DEBUG util.py:463:  libpwquality-1.4.5-12.el10.x86_64
DEBUG util.py:463:  libevent-2.1.12-16.el10.x86_64
DEBUG util.py:463:  rpm-sequoia-1.9.0.3-1.el10_1.x86_64
DEBUG util.py:463:  zip-3.0-45.el10.x86_64
DEBUG util.py:463:  cyrus-sasl-lib-2.1.28-29.el10.x86_64
DEBUG util.py:463:  openldap-2.6.9-1.el10.x86_64
DEBUG util.py:463:  gdbm-1.23-12.el10_0.x86_64
DEBUG util.py:463:  pam-1.6.1-8.el10.x86_64
DEBUG util.py:463:  libfdisk-2.40.2-15.el10_1.x86_64
DEBUG util.py:463:  libxml2-2.12.5-9.el10_0.x86_64
DEBUG util.py:463:  libarchive-3.7.7-5.el10_1.x86_64
DEBUG util.py:463:  bzip2-1.0.8-25.el10.x86_64
DEBUG util.py:463:  sqlite-libs-3.46.1-5.el10_1.x86_64
DEBUG util.py:463:  rpm-libs-4.19.1.1-20.el10.alma.1.x86_64
DEBUG util.py:463:  ed-1.20-5.el10.x86_64
DEBUG util.py:463:  patch-2.7.6-26.el10.x86_64
DEBUG util.py:463:  elfutils-default-yama-scope-0.193-1.el10.noarch
DEBUG util.py:463:  cpio-2.15-3.el10.x86_64
DEBUG util.py:463:  diffutils-3.10-8.el10.x86_64
DEBUG util.py:463:  json-c-0.18-3.el10.x86_64
DEBUG util.py:463:  keyutils-libs-1.6.3-5.el10.x86_64
DEBUG util.py:463:  libbrotli-1.1.0-7.el10_1.x86_64
DEBUG util.py:463:  libcom_err-1.47.1-4.el10.x86_64
DEBUG util.py:463:  libgomp-14.3.1-2.1.el10.alma.1.x86_64
DEBUG util.py:463:  libnghttp2-1.64.0-2.el10.x86_64
DEBUG util.py:463:  libpkgconf-2.1.0-3.el10.x86_64
DEBUG util.py:463:  pkgconf-2.1.0-3.el10.x86_64
DEBUG util.py:463:  pkgconf-pkg-config-2.1.0-3.el10.x86_64
DEBUG util.py:463:  libverto-0.3.2-10.el10.x86_64
DEBUG util.py:463:  krb5-libs-1.21.3-8.el10_0.x86_64
DEBUG util.py:463:  libssh-0.11.1-5.el10_1.x86_64
DEBUG util.py:463:  libcurl-8.12.1-2.el10_1.2.x86_64
DEBUG util.py:463:  elfutils-libs-0.193-1.el10.x86_64
DEBUG util.py:463:  elfutils-debuginfod-client-0.193-1.el10.x86_64
DEBUG util.py:463:  binutils-gold-2.41-58.el10_1.2.alma.1.x86_64
DEBUG util.py:463:  binutils-2.41-58.el10_1.2.alma.1.x86_64
DEBUG util.py:463:  elfutils-0.193-1.el10.x86_64
DEBUG util.py:463:  gdb-minimal-16.3-2.el10.x86_64
DEBUG util.py:463:  debugedit-5.1-8.el10.x86_64
DEBUG util.py:463:  rpm-build-libs-4.19.1.1-20.el10.alma.1.x86_64
DEBUG util.py:463:  curl-8.12.1-2.el10_1.2.x86_64
DEBUG util.py:463:  rpm-4.19.1.1-20.el10.alma.1.x86_64
DEBUG util.py:463:  efi-srpm-macros-6-6.el10.alma.1.noarch
DEBUG util.py:463:  lua-srpm-macros-1-15.el10.noarch
DEBUG util.py:463:  fonts-srpm-macros-2.0.5-18.el10.noarch
DEBUG util.py:463:  forge-srpm-macros-0.4.0-6.el10.noarch
DEBUG util.py:463:  go-srpm-macros-3.6.0-7.el10_1.noarch
DEBUG util.py:463:  python-srpm-macros-3.12-10.el10.noarch
DEBUG util.py:463:  redhat-rpm-config-293-1.el10.alma.2.noarch
DEBUG util.py:463:  rpm-build-4.19.1.1-20.el10.alma.1.x86_64
DEBUG util.py:463:  pyproject-srpm-macros-1.16.2-1.el10.noarch
DEBUG util.py:463:  R-srpm-macros-1.3.7-1.el10_1.noarch
DEBUG util.py:463:  epel-rpm-macros-10-7.el10_1.noarch
DEBUG util.py:463:  util-linux-2.40.2-15.el10_1.x86_64
DEBUG util.py:463:  authselect-1.5.0-8.el10.x86_64
DEBUG util.py:463:  which-2.21-44.el10_0.x86_64
DEBUG util.py:463:  info-7.1-6.el10.x86_64
DEBUG util.py:463:  libgpg-error-1.50-2.el10.x86_64
DEBUG util.py:463:  libmpc-1.3.1-7.el10.x86_64
DEBUG util.py:463:  make-4.4.1-9.el10.x86_64
DEBUG util.py:463:  expat-2.7.1-1.el10_1.3.x86_64
DEBUG util.py:463:  cpp-14.3.1-2.1.el10.alma.1.x86_64
DEBUG util.py:463:  libassuan-2.5.6-6.el10.x86_64
DEBUG util.py:463:  libgcrypt-1.11.0-5.el10.x86_64
DEBUG util.py:463:  libksba-1.6.7-2.el10.x86_64
DEBUG util.py:463:  pcre2-utf32-10.44-1.el10.3.x86_64
DEBUG util.py:463:  pcre2-utf16-10.44-1.el10.3.x86_64
DEBUG util.py:463:  libstdc++-devel-14.3.1-2.1.el10.alma.1.x86_64
DEBUG util.py:463:  kernel-headers-6.12.0-124.47.1.el10_1.x86_64
DEBUG util.py:463:  libxcrypt-devel-4.4.36-10.el10.x86_64
DEBUG util.py:463:  glibc-devel-2.39-58.el10_1.7.alma.1.x86_64
DEBUG util.py:463:  gcc-14.3.1-2.1.el10.alma.1.x86_64
DEBUG util.py:463:  gcc-c++-14.3.1-2.1.el10.alma.1.x86_64
DEBUG util.py:463:  cmake-filesystem-3.30.5-3.el10_0.x86_64
DEBUG util.py:463:  annobin-docs-12.99-1.el10.noarch
DEBUG util.py:463:  tzdata-2026a-1.el10.noarch
DEBUG util.py:463:  tpm2-tss-4.1.3-5.el10.x86_64
DEBUG util.py:463:  python3-pip-wheel-23.3.2-7.el10.noarch
DEBUG util.py:463:  npth-1.6-21.el10.x86_64
DEBUG util.py:463:  ncurses-6.4-15.20240127.el10_1.x86_64
DEBUG util.py:463:  mpdecimal-2.5.1-12.el10.x86_64
DEBUG util.py:463:  python3-3.12.12-3.el10_1.2.x86_64
DEBUG util.py:463:  python3-libs-3.12.12-3.el10_1.2.x86_64
DEBUG util.py:463:  python3-pyparsing-3.1.1-7.el10.noarch
DEBUG util.py:463:  systemtap-sdt-dtrace-5.3-3b.el10.x86_64
DEBUG util.py:463:  systemtap-sdt-devel-5.3-3b.el10.x86_64
DEBUG util.py:463:  libseccomp-2.5.6-1.el10.x86_64
DEBUG util.py:463:  groff-base-1.23.0-10.el10.x86_64
DEBUG util.py:463:  perl-Digest-1.20-511.el10.noarch
DEBUG util.py:463:  perl-Digest-MD5-2.59-6.el10.x86_64
DEBUG util.py:463:  perl-B-1.89-512.2.el10_0.x86_64
DEBUG util.py:463:  perl-FileHandle-2.05-512.2.el10_0.noarch
DEBUG util.py:463:  perl-Data-Dumper-2.189-512.el10.x86_64
DEBUG util.py:463:  perl-libnet-3.15-512.el10.noarch
DEBUG util.py:463:  perl-AutoLoader-5.74-512.2.el10_0.noarch
DEBUG util.py:463:  perl-Class-Struct-0.68-512.2.el10_0.noarch
DEBUG util.py:463:  perl-locale-1.12-512.2.el10_0.noarch
DEBUG util.py:463:  perl-URI-5.27-3.el10.noarch
DEBUG util.py:463:  perl-Socket-2.038-511.el10.x86_64
DEBUG util.py:463:  perl-SelectSaver-1.02-512.2.el10_0.noarch
DEBUG util.py:463:  perl-Term-ANSIColor-5.01-512.el10.noarch
DEBUG util.py:463:  perl-Text-Tabs+Wrap-2024.001-511.el10.noarch
DEBUG util.py:463:  perl-base-2.27-512.2.el10_0.noarch
DEBUG util.py:463:  perl-Mozilla-CA-20231213-5.el10.noarch
DEBUG util.py:463:  perl-if-0.61.000-512.2.el10_0.noarch
DEBUG util.py:463:  perl-POSIX-2.20-512.2.el10_0.x86_64
DEBUG util.py:463:  perl-mro-1.29-512.2.el10_0.x86_64
DEBUG util.py:463:  perl-IO-Socket-IP-0.42-512.el10.noarch
DEBUG util.py:463:  perl-File-stat-1.14-512.2.el10_0.noarch
DEBUG util.py:463:  perl-overloading-0.02-512.2.el10_0.noarch
DEBUG util.py:463:  perl-Time-Local-1.350-511.el10.noarch
DEBUG util.py:463:  perl-File-Path-2.18-511.el10.noarch
DEBUG util.py:463:  perl-IO-Socket-SSL-2.085-3.el10.noarch
DEBUG util.py:463:  perl-Net-SSLeay-1.94-8.el10.x86_64
DEBUG util.py:463:  perl-Pod-Escapes-1.07-511.el10.noarch
DEBUG util.py:463:  perl-Term-Cap-1.18-511.el10.noarch
DEBUG util.py:463:  perl-Pod-Usage-2.03-511.el10.noarch
DEBUG util.py:463:  perl-Errno-1.38-512.2.el10_0.x86_64
DEBUG util.py:463:  perl-Fcntl-1.18-512.2.el10_0.x86_64
DEBUG util.py:463:  perl-File-Basename-2.86-512.2.el10_0.noarch
DEBUG util.py:463:  perl-Getopt-Std-1.14-512.2.el10_0.noarch
DEBUG util.py:463:  perl-MIME-Base64-3.16-511.el10.x86_64
DEBUG util.py:463:  perl-Scalar-List-Utils-1.63-511.el10.x86_64
DEBUG util.py:463:  perl-Symbol-1.09-512.2.el10_0.noarch
DEBUG util.py:463:  perl-Text-ParseWords-3.31-511.el10.noarch
DEBUG util.py:463:  perl-constant-1.33-512.el10.noarch
DEBUG util.py:463:  perl-IPC-Open3-1.22-512.2.el10_0.noarch
DEBUG util.py:463:  perl-Storable-3.32-511.el10.x86_64
DEBUG util.py:463:  perl-IO-1.55-512.2.el10_0.x86_64
DEBUG util.py:463:  perl-overload-1.37-512.2.el10_0.noarch
DEBUG util.py:463:  perl-parent-0.241-512.el10.noarch
DEBUG util.py:463:  perl-File-Temp-0.231.100-512.el10.noarch
DEBUG util.py:463:  perl-HTTP-Tiny-0.088-512.el10.noarch
DEBUG util.py:463:  perl-vars-1.05-512.2.el10_0.noarch
DEBUG util.py:463:  perl-Pod-Simple-3.45-511.el10.noarch
DEBUG util.py:463:  perl-Getopt-Long-2.58-3.el10.noarch
DEBUG util.py:463:  perl-podlators-5.01-511.el10.noarch
DEBUG util.py:463:  perl-Carp-1.54-511.el10.noarch
DEBUG util.py:463:  perl-Exporter-5.78-511.el10.noarch
DEBUG util.py:463:  perl-GDBM_File-1.24-512.2.el10_0.x86_64
DEBUG util.py:463:  perl-NDBM_File-1.17-512.2.el10_0.x86_64
DEBUG util.py:463:  perl-ODBM_File-1.18-512.2.el10_0.x86_64
DEBUG util.py:463:  perl-PathTools-3.91-512.el10.x86_64
DEBUG util.py:463:  perl-DynaLoader-1.56-512.2.el10_0.x86_64
DEBUG util.py:463:  perl-Encode-3.21-511.el10.x86_64
DEBUG util.py:463:  perl-libs-5.40.2-512.2.el10_0.x86_64
DEBUG util.py:463:  perl-Pod-Perldoc-3.28.01-512.el10.noarch
DEBUG util.py:463:  perl-doc-5.40.2-512.2.el10_0.noarch
DEBUG util.py:463:  perl-interpreter-5.40.2-512.2.el10_0.x86_64
DEBUG util.py:463:  perl-File-Find-1.44-512.2.el10_0.noarch
DEBUG util.py:463:  perl-version-0.99.32-4.el10.x86_64
DEBUG util.py:463:  perl-File-Copy-2.41-512.2.el10_0.noarch
DEBUG util.py:463:  perl-Time-HiRes-1.9777-511.el10.x86_64
DEBUG util.py:463:  perl-ExtUtils-Manifest-1.75-511.el10.noarch
DEBUG util.py:463:  perl-threads-2.40-511.el10.x86_64
DEBUG util.py:463:  perl-threads-shared-1.69-511.el10.x86_64
DEBUG util.py:463:  perl-CPAN-Meta-Requirements-2.143-11.el10.noarch
DEBUG util.py:463:  perl-ExtUtils-ParseXS-3.51-512.el10.noarch
DEBUG util.py:463:  perl-Compress-Raw-Zlib-2.212-512.el10.x86_64
DEBUG util.py:463:  perl-File-Compare-1.100.800-512.2.el10_0.noarch
DEBUG util.py:463:  perl-lib-0.65-512.2.el10_0.x86_64
DEBUG util.py:463:  perl-Module-CoreList-5.20250120-1.el10.noarch
DEBUG util.py:463:  perl-Module-Metadata-1.000038-512.el10.noarch
DEBUG util.py:463:  perl-Digest-SHA-6.04-512.el10.x86_64
DEBUG util.py:463:  perl-Devel-Peek-1.34-512.2.el10_0.x86_64
DEBUG util.py:463:  perl-Filter-1.64-512.el10.x86_64
DEBUG util.py:463:  perl-Module-Load-0.36-511.el10.noarch
DEBUG util.py:463:  perl-Perl-OSType-1.010-512.el10.noarch
DEBUG util.py:463:  perl-Term-ReadLine-1.17-512.2.el10_0.noarch
DEBUG util.py:463:  perl-Term-Table-0.018-513.el10.noarch
DEBUG util.py:463:  perl-Tie-4.6-512.2.el10_0.noarch
DEBUG util.py:463:  perl-Unicode-Normalize-1.32-511.el10.x86_64
DEBUG util.py:463:  perl-meta-notation-5.40.2-512.2.el10_0.noarch
DEBUG util.py:463:  perl-encoding-3.00-511.el10.x86_64
DEBUG util.py:463:  perl-Dumpvalue-2.27-512.2.el10_0.noarch
DEBUG util.py:463:  perl-Net-Ping-2.76-511.el10.noarch
DEBUG util.py:463:  perl-ExtUtils-Command-7.70-513.el10.noarch
DEBUG util.py:463:  perl-Pod-Html-1.35-512.2.el10_0.noarch
DEBUG util.py:463:  perl-AutoSplit-5.74-512.2.el10_0.noarch
DEBUG util.py:463:  perl-Benchmark-1.25-512.2.el10_0.noarch
DEBUG util.py:463:  perl-Test-Harness-3.48-512.el10.noarch
DEBUG util.py:463:  perl-CPAN-Meta-YAML-0.018-512.el10.noarch
DEBUG util.py:463:  perl-Compress-Raw-Bzip2-2.212-512.el10.x86_64
DEBUG util.py:463:  perl-IO-Compress-2.212-512.el10.noarch
DEBUG util.py:463:  perl-IO-Zlib-1.15-511.el10.noarch
DEBUG util.py:463:  perl-Devel-PPPort-3.72-512.el10.x86_64
DEBUG util.py:463:  perl-DirHandle-1.05-512.2.el10_0.noarch
DEBUG util.py:463:  perl-ExtUtils-Constant-0.25-512.2.el10_0.noarch
DEBUG util.py:463:  perl-ExtUtils-MM-Utils-7.70-513.el10.noarch
DEBUG util.py:463:  perl-Hash-Util-FieldHash-1.27-512.2.el10_0.x86_64
DEBUG util.py:463:  perl-Hash-Util-0.32-512.2.el10_0.x86_64
DEBUG util.py:463:  perl-I18N-LangTags-0.45-512.2.el10_0.noarch
DEBUG util.py:463:  perl-Locale-Maketext-1.33-512.el10.noarch
DEBUG util.py:463:  perl-Locale-Maketext-Simple-0.21-512.2.el10_0.noarch
DEBUG util.py:463:  perl-Params-Check-0.38-511.el10.noarch
DEBUG util.py:463:  perl-Module-Load-Conditional-0.74-511.el10.noarch
DEBUG util.py:463:  perl-IPC-Cmd-1.04-512.el10.noarch
DEBUG util.py:463:  perl-Math-Complex-1.62-512.2.el10_0.noarch
DEBUG util.py:463:  perl-Math-BigInt-2.0030.03-3.el10.noarch
DEBUG util.py:463:  perl-JSON-PP-4.16-512.el10.noarch
DEBUG util.py:463:  perl-CPAN-Meta-2.150010-511.el10.noarch
DEBUG util.py:463:  perl-ExtUtils-Install-2.22-511.el10.noarch
DEBUG util.py:463:  perl-devel-5.40.2-512.2.el10_0.x86_64
DEBUG util.py:463:  perl-ExtUtils-MakeMaker-7.70-513.el10.noarch
DEBUG util.py:463:  perl-ExtUtils-CBuilder-0.280240-511.el10.noarch
DEBUG util.py:463:  perl-ExtUtils-Embed-1.35-512.2.el10_0.noarch
DEBUG util.py:463:  perl-Test-Simple-1.302199-513.el10.noarch
DEBUG util.py:463:  perl-Params-Util-1.102-19.el10.x86_64
DEBUG util.py:463:  perl-SelfLoader-1.27-512.2.el10_0.noarch
DEBUG util.py:463:  perl-Sub-Install-0.929-8.el10.noarch
DEBUG util.py:463:  perl-Sys-Hostname-1.25-512.2.el10_0.x86_64
DEBUG util.py:463:  perl-Text-Balanced-2.06-511.el10.noarch
DEBUG util.py:463:  perl-Tie-RefHash-1.40-511.el10.noarch
DEBUG util.py:463:  perl-User-pwent-1.05-512.2.el10_0.noarch
DEBUG util.py:463:  perl-autouse-1.11-512.2.el10_0.noarch
DEBUG util.py:463:  perl-subs-1.04-512.2.el10_0.noarch
DEBUG util.py:463:  perl-Opcode-1.65-512.2.el10_0.x86_64
DEBUG util.py:463:  perl-Safe-2.46-512.2.el10_0.noarch
DEBUG util.py:463:  perl-Filter-Simple-0.96-511.el10.noarch
DEBUG util.py:463:  perl-Data-OptList-0.114-7.el10.noarch
DEBUG util.py:463:  perl-Devel-SelfStubber-1.06-512.2.el10_0.noarch
DEBUG util.py:463:  perl-Test2-Suite-0.000163-4.el10.noarch
DEBUG util.py:463:  perl-ExtUtils-Miniperl-1.14-512.2.el10_0.noarch
DEBUG util.py:463:  perl-libnetcfg-5.40.2-512.2.el10_0.noarch
DEBUG util.py:463:  perl-Encode-devel-3.21-511.el10.x86_64
DEBUG util.py:463:  perl-inc-latest-0.500-30.el10.noarch
DEBUG util.py:463:  perl-Math-BigInt-FastCalc-0.501.800-511.el10.x86_64
DEBUG util.py:463:  perl-bignum-0.67-512.el10.noarch
DEBUG util.py:463:  perl-File-Fetch-1.04-511.el10.noarch
DEBUG util.py:463:  perl-fields-2.27-512.2.el10_0.noarch
DEBUG util.py:463:  perl-DBM_Filter-0.06-512.2.el10_0.noarch
DEBUG util.py:463:  perl-open-1.13-512.2.el10_0.noarch
DEBUG util.py:463:  perl-debugger-1.60-512.2.el10_0.noarch
DEBUG util.py:463:  perl-sigtrap-1.10-512.2.el10_0.noarch
DEBUG util.py:463:  perl-Unicode-Collate-1.31-511.el10.x86_64
DEBUG util.py:463:  perl-Unicode-UCD-0.78-512.2.el10_0.noarch
DEBUG util.py:463:  perl-Env-1.06-511.el10.noarch
DEBUG util.py:463:  perl-Module-CoreList-tools-5.20250120-1.el10.noarch
DEBUG util.py:463:  perl-Archive-Zip-1.68-17.el10.noarch
DEBUG util.py:463:  perl-Thread-3.05-512.2.el10_0.noarch
DEBUG util.py:463:  perl-Thread-Queue-3.14-511.el10.noarch
DEBUG util.py:463:  perl-Thread-Semaphore-2.13-512.2.el10_0.noarch
DEBUG util.py:463:  perl-experimental-0.032-511.el10.noarch
DEBUG util.py:463:  perl-Pod-Checker-1.77-511.el10.noarch
DEBUG util.py:463:  perl-diagnostics-1.40-512.2.el10_0.noarch
DEBUG util.py:463:  perl-macros-5.40.2-512.2.el10_0.noarch
DEBUG util.py:463:  perl-utils-5.40.2-512.2.el10_0.noarch
DEBUG util.py:463:  perl-Algorithm-Diff-1.2010-14.el10.noarch
DEBUG util.py:463:  perl-Text-Diff-1.45-24.el10.noarch
DEBUG util.py:463:  perl-Attribute-Handlers-1.03-512.2.el10_0.noarch
DEBUG util.py:463:  perl-Compress-Bzip2-2.28-21.el10.x86_64
DEBUG util.py:463:  perl-Compress-Raw-Lzma-2.212-3.el10.x86_64
DEBUG util.py:463:  perl-IO-Compress-Lzma-2.206-7.el10.noarch
DEBUG util.py:463:  perl-Archive-Tar-3.02-512.el10.noarch
DEBUG util.py:463:  perl-Config-Extensions-0.03-512.2.el10_0.noarch
DEBUG util.py:463:  perl-Config-Perl-V-0.36-512.el10.noarch
DEBUG util.py:463:  perl-Devel-Size-0.84-3.el10.x86_64
DEBUG util.py:463:  perl-English-1.11-512.2.el10_0.noarch
DEBUG util.py:463:  perl-File-DosGlob-1.12-512.2.el10_0.x86_64
DEBUG util.py:463:  perl-File-Which-1.27-14.el10.noarch
DEBUG util.py:463:  perl-File-HomeDir-1.006-15.el10.noarch
DEBUG util.py:463:  perl-FileCache-1.10-512.2.el10_0.noarch
DEBUG util.py:463:  perl-FindBin-1.54-512.2.el10_0.noarch
DEBUG util.py:463:  perl-I18N-Collate-1.02-512.2.el10_0.noarch
DEBUG util.py:463:  perl-I18N-Langinfo-0.24-512.2.el10_0.x86_64
DEBUG util.py:463:  perl-IPC-SysV-2.09-512.el10.x86_64
DEBUG util.py:463:  perl-IPC-System-Simple-1.30-16.el10.noarch
DEBUG util.py:463:  perl-autodie-2.37-512.el10.noarch
DEBUG util.py:463:  perl-MRO-Compat-0.15-12.el10.noarch
DEBUG util.py:463:  perl-Memoize-1.16-512.2.el10_0.noarch
DEBUG util.py:463:  perl-Module-Loaded-0.08-512.2.el10_0.noarch
DEBUG util.py:463:  perl-NEXT-0.69-512.2.el10_0.noarch
DEBUG util.py:463:  perl-Net-1.04-512.2.el10_0.noarch
DEBUG util.py:463:  perl-Package-Generator-1.106-34.el10.noarch
DEBUG util.py:463:  perl-Sub-Exporter-0.991-7.el10.noarch
DEBUG util.py:463:  perl-Data-Section-0.200008-8.el10.noarch
DEBUG util.py:463:  perl-PerlIO-via-QuotedPrint-0.10-511.el10.noarch
DEBUG util.py:463:  perl-Pod-Functions-1.14-512.2.el10_0.noarch
DEBUG util.py:463:  perl-Search-Dict-1.07-512.2.el10_0.noarch
DEBUG util.py:463:  perl-Sys-Syslog-0.36-512.el10.x86_64
DEBUG util.py:463:  perl-Term-Complete-1.403-512.2.el10_0.noarch
DEBUG util.py:463:  perl-Test-1.31-512.2.el10_0.noarch
DEBUG util.py:463:  perl-Text-Abbrev-1.02-512.2.el10_0.noarch
DEBUG util.py:463:  perl-Text-Glob-0.11-26.el10.noarch
DEBUG util.py:463:  perl-Text-Template-1.61-8.el10.noarch
DEBUG util.py:463:  perl-Software-License-0.104006-4.el10.noarch
DEBUG util.py:463:  perl-Module-Build-0.42.34-7.el10.noarch
DEBUG util.py:463:  perl-Tie-File-1.09-512.2.el10_0.noarch
DEBUG util.py:463:  perl-Tie-Memoize-1.1-512.2.el10_0.noarch
DEBUG util.py:463:  perl-Time-1.04-512.2.el10_0.noarch
DEBUG util.py:463:  perl-Time-Piece-1.3401-512.2.el10_0.x86_64
DEBUG util.py:463:  perl-blib-1.07-512.2.el10_0.noarch
DEBUG util.py:463:  perl-deprecate-0.04-512.2.el10_0.noarch
DEBUG util.py:463:  perl-encoding-warnings-0.14-512.2.el10_0.noarch
DEBUG util.py:463:  perl-filetest-1.03-512.2.el10_0.noarch
DEBUG util.py:463:  perl-less-0.03-512.2.el10_0.noarch
DEBUG util.py:463:  perl-local-lib-2.000029-9.el10.noarch
DEBUG util.py:463:  perl-perlfaq-5.20240218-511.el10.noarch
DEBUG util.py:463:  perl-ph-5.40.2-512.2.el10_0.x86_64
DEBUG util.py:463:  perl-sort-2.05-512.2.el10_0.noarch
DEBUG util.py:463:  perl-vmsish-1.04-512.2.el10_0.noarch
DEBUG util.py:463:  gnutls-3.8.10-3.el10_1.x86_64
DEBUG util.py:463:  gnupg2-2.4.5-4.el10_1.x86_64
DEBUG util.py:463:  perl-Module-Signature-0.88-12.el10.noarch
DEBUG util.py:463:  perl-CPAN-2.36-514.el10_0.noarch
DEBUG util.py:463:  perl-5.40.2-512.2.el10_0.x86_64
DEBUG util.py:463:  dbus-common-1.14.10-5.el10.noarch
DEBUG util.py:463:  dbus-broker-36-4.el10.x86_64
DEBUG util.py:463:  dbus-1.14.10-5.el10.x86_64
DEBUG util.py:463:  systemd-pam-257-13.el10.alma.1.x86_64
DEBUG util.py:463:  systemd-257-13.el10.alma.1.x86_64
DEBUG util.py:463:  annobin-plugin-gcc-12.99-1.el10.x86_64
DEBUG util.py:463:  zlib-ng-compat-devel-2.2.3-3.el10_1.x86_64
DEBUG util.py:463:  gcc-plugin-annobin-14.3.1-2.1.el10.alma.1.x86_64
DEBUG util.py:463:  pcre2-devel-10.44-1.el10.3.x86_64
DEBUG util.py:463:  openssl-devel-3.5.1-7.el10_1.alma.1.x86_64
DEBUG util.py:463:  libzstd-devel-1.5.5-9.el10.x86_64
DEBUG util.py:463:  systemd-rpm-macros-257-13.el10.alma.1.noarch
DEBUG util.py:610:  Child return code was: 0
DEBUG util.py:185:  kill orphans in chroot /var/lib/mock/alma+epel-10-x86_64/root
DEBUG util.py:185:  kill orphans in chroot /var/lib/mock/alma+epel-10-x86_64-bootstrap/root/var/lib/mock/alma+epel-10-x86_64/root
DEBUG util.py:636:  child environment: None
DEBUG util.py:558:  Executing command: ['/bin/umount', '-n', '-l', '/var/lib/mock/alma+epel-10-x86_64-bootstrap/root/var/lib/mock/alma+epel-10-x86_64/root'] with env {'TERM': 'vt100', 'SHELL': '/bin/sh', 'HOME': '/builddir', 'HOSTNAME': 'mock', 'PATH': '/usr/bin:/bin:/usr/sbin:/sbin', 'LANG': 'C.UTF-8'} and shell False
DEBUG util.py:610:  Child return code was: 0
DEBUG util.py:636:  child environment: None
DEBUG util.py:558:  Executing command: ['/bin/umount', '-n', '-l', '/var/lib/mock/alma+epel-10-x86_64-bootstrap/root/var/lib/mock/alma+epel-10-x86_64/root'] with env {'TERM': 'vt100', 'SHELL': '/bin/sh', 'HOME': '/builddir', 'HOSTNAME': 'mock', 'PATH': '/usr/bin:/bin:/usr/sbin:/sbin', 'LANG': 'C.UTF-8'} and shell False
DEBUG util.py:610:  Child return code was: 0
DEBUG file_util.py:17:  ensuring that dir exists: /var/lib/mock/alma+epel-10-x86_64-bootstrap/root/var/lib/mock/alma+epel-10-x86_64/root
DEBUG util.py:636:  child environment: None
DEBUG util.py:558:  Executing command: ['/bin/mount', '-n', '-t', 'tmpfs', '-o', 'private,mode=0755', 'tmpfs', '/var/lib/mock/alma+epel-10-x86_64-bootstrap/root/var/lib/mock/alma+epel-10-x86_64/root'] with env {'TERM': 'vt100', 'SHELL': '/bin/sh', 'HOME': '/builddir', 'HOSTNAME': 'mock', 'PATH': '/usr/bin:/bin:/usr/sbin:/sbin', 'LANG': 'C.UTF-8'} and shell False
DEBUG util.py:610:  Child return code was: 0
DEBUG file_util.py:17:  ensuring that dir exists: /var/lib/mock/alma+epel-10-x86_64-bootstrap/root/var/lib/mock/alma+epel-10-x86_64/root
DEBUG util.py:636:  child environment: None
DEBUG util.py:558:  Executing command: ['/bin/mount', '-n', '-o', 'rbind', '/var/lib/mock/alma+epel-10-x86_64/root', '/var/lib/mock/alma+epel-10-x86_64-bootstrap/root/var/lib/mock/alma+epel-10-x86_64/root'] with env {'TERM': 'vt100', 'SHELL': '/bin/sh', 'HOME': '/builddir', 'HOSTNAME': 'mock', 'PATH': '/usr/bin:/bin:/usr/sbin:/sbin', 'LANG': 'C.UTF-8'} and shell False
DEBUG util.py:610:  Child return code was: 0
DEBUG util.py:636:  child environment: None
DEBUG util.py:558:  Executing command: ['/bin/mount', '-n', '-o', 'remount,private,rbind', '--target', '/var/lib/mock/alma+epel-10-x86_64-bootstrap/root/var/lib/mock/alma+epel-10-x86_64/root'] with env {'TERM': 'vt100', 'SHELL': '/bin/sh', 'HOME': '/builddir', 'HOSTNAME': 'mock', 'PATH': '/usr/bin:/bin:/usr/sbin:/sbin', 'LANG': 'C.UTF-8'} and shell False
DEBUG util.py:610:  Child return code was: 0
DEBUG util.py:636:  child environment: None
DEBUG util.py:553:  Using nspawn with args ['--capability=cap_ipc_lock', '--bind=/tmp/mock-resolv.tv3e0mrh:/etc/resolv.conf']
DEBUG util.py:558:  Executing command: ['/usr/bin/systemd-nspawn', '-q', '-M', '036379b892654843a2d81d4f908665ea', '-D', '/var/lib/mock/alma+epel-10-x86_64-bootstrap/root', '-a', '--capability=cap_ipc_lock', '--bind=/tmp/mock-resolv.tv3e0mrh:/etc/resolv.conf', '--console=pipe', '--setenv=TERM=vt100', '--setenv=SHELL=/bin/bash', '--setenv=HOME=/builddir', '--setenv=HOSTNAME=mock', '--setenv=PATH=/usr/bin:/bin:/usr/sbin:/sbin', '--setenv=PROMPT_COMMAND=printf "\\033]0;<mock-chroot>\\007"', '--setenv=PS1=<mock-chroot> \\s-\\v\\$ ', '--setenv=LANG=C.UTF-8', '--resolv-conf=off', '/bin/rpm', '-qa', '--root', '/var/lib/mock/alma+epel-10-x86_64/root'] with env {'TERM': 'vt100', 'SHELL': '/bin/bash', 'HOME': '/builddir', 'HOSTNAME': 'mock', 'PATH': '/usr/bin:/bin:/usr/sbin:/sbin', 'PROMPT_COMMAND': 'printf "\\033]0;<mock-chroot>\\007"', 'PS1': '<mock-chroot> \\s-\\v\\$ ', 'LANG': 'C.UTF-8', 'SYSTEMD_NSPAWN_TMPFS_TMP': '0', 'SYSTEMD_SECCOMP': '0'} and shell False
DEBUG util.py:463:  gpg-pubkey-c2a1e572-668fe8ef
DEBUG util.py:463:  gpg-pubkey-e37ed158-65785fa9
DEBUG util.py:463:  libgcc-14.3.1-2.1.el10.alma.1.x86_64
DEBUG util.py:463:  ghc-srpm-macros-1.9.2-1.el10_0.noarch
DEBUG util.py:463:  fpc-srpm-macros-1.3-7.el10_1.noarch
DEBUG util.py:463:  ansible-srpm-macros-1-16.1.el10_0.noarch
DEBUG util.py:463:  rust-toolset-srpm-macros-1.88.0-1.el10.alma.1.noarch
DEBUG util.py:463:  qt6-srpm-macros-6.9.1-1.el10.noarch
DEBUG util.py:463:  perl-srpm-macros-1-57.el10.noarch
DEBUG util.py:463:  package-notes-srpm-macros-0.5-13.el10.noarch
DEBUG util.py:463:  openblas-srpm-macros-2-19.el10.noarch
DEBUG util.py:463:  ocaml-srpm-macros-10-4.el10.noarch
DEBUG util.py:463:  kernel-srpm-macros-1.0-25.el10.noarch
DEBUG util.py:463:  publicsuffix-list-dafsa-20240107-5.el10.noarch
DEBUG util.py:463:  pkgconf-m4-2.1.0-3.el10.noarch
DEBUG util.py:463:  pcre2-syntax-10.44-1.el10.3.noarch
DEBUG util.py:463:  ncurses-base-6.4-15.20240127.el10_1.noarch
DEBUG util.py:463:  libssh-config-0.11.1-5.el10_1.noarch
DEBUG util.py:463:  coreutils-common-9.5-6.el10.x86_64
DEBUG util.py:463:  almalinux-gpg-keys-10.1-16.el10.x86_64
DEBUG util.py:463:  almalinux-release-10.1-16.el10.x86_64
DEBUG util.py:463:  almalinux-repos-10.1-16.el10.x86_64
DEBUG util.py:463:  setup-2.14.5-7.el10.noarch
DEBUG util.py:463:  filesystem-3.18-17.el10.x86_64
DEBUG util.py:463:  basesystem-11-22.el10.noarch
DEBUG util.py:463:  glibc-gconv-extra-2.39-58.el10_1.7.alma.1.x86_64
DEBUG util.py:463:  ncurses-libs-6.4-15.20240127.el10_1.x86_64
DEBUG util.py:463:  glibc-2.39-58.el10_1.7.alma.1.x86_64
DEBUG util.py:463:  bash-5.2.26-6.el10.x86_64
DEBUG util.py:463:  glibc-common-2.39-58.el10_1.7.alma.1.x86_64
DEBUG util.py:463:  glibc-minimal-langpack-2.39-58.el10_1.7.alma.1.x86_64
DEBUG util.py:463:  zlib-ng-compat-2.2.3-3.el10_1.x86_64
DEBUG util.py:463:  bzip2-libs-1.0.8-25.el10.x86_64
DEBUG util.py:463:  xz-libs-5.6.2-4.el10_0.x86_64
DEBUG util.py:463:  libstdc++-14.3.1-2.1.el10.alma.1.x86_64
DEBUG util.py:463:  libuuid-2.40.2-15.el10_1.x86_64
DEBUG util.py:463:  popt-1.19-8.el10.x86_64
DEBUG util.py:463:  readline-8.2-11.el10.x86_64
DEBUG util.py:463:  libblkid-2.40.2-15.el10_1.x86_64
DEBUG util.py:463:  gmp-6.2.1-12.el10.x86_64
DEBUG util.py:463:  libattr-2.5.2-5.el10.x86_64
DEBUG util.py:463:  libacl-2.3.2-4.el10.x86_64
DEBUG util.py:463:  libxcrypt-4.4.36-10.el10.x86_64
DEBUG util.py:463:  libzstd-1.5.5-9.el10.x86_64
DEBUG util.py:463:  elfutils-libelf-0.193-1.el10.x86_64
DEBUG util.py:463:  crypto-policies-20250905-2.gitc7eb7b2.el10_1.1.noarch
DEBUG util.py:463:  gdbm-libs-1.23-12.el10_0.x86_64
DEBUG util.py:463:  libeconf-0.6.2-4.el10.x86_64
DEBUG util.py:463:  dwz-0.16-1.el10.x86_64
DEBUG util.py:463:  mpfr-4.2.1-5.el10.x86_64
DEBUG util.py:463:  gawk-5.3.0-6.el10.x86_64
DEBUG util.py:463:  unzip-6.0-69.el10.x86_64
DEBUG util.py:463:  file-libs-5.45-8.el10.x86_64
DEBUG util.py:463:  file-5.45-8.el10.x86_64
DEBUG util.py:463:  alternatives-1.30-2.el10.x86_64
DEBUG util.py:463:  jansson-2.14-3.el10.x86_64
DEBUG util.py:463:  libcap-ng-0.8.4-6.el10.x86_64
DEBUG util.py:463:  audit-libs-4.0.3-4.el10.x86_64
DEBUG util.py:463:  pam-libs-1.6.1-8.el10.x86_64
DEBUG util.py:463:  libcap-2.69-7.el10.x86_64
DEBUG util.py:463:  systemd-libs-257-13.el10.alma.1.x86_64
DEBUG util.py:463:  libffi-3.4.4-10.el10.x86_64
DEBUG util.py:463:  libsepol-3.9-1.el10.x86_64
DEBUG util.py:463:  libsmartcols-2.40.2-15.el10_1.x86_64
DEBUG util.py:463:  libtasn1-4.20.0-1.el10.x86_64
DEBUG util.py:463:  libunistring-1.1-10.el10.x86_64
DEBUG util.py:463:  libidn2-2.3.7-3.el10.x86_64
DEBUG util.py:463:  lua-libs-5.4.6-7.el10.x86_64
DEBUG util.py:463:  lz4-libs-1.9.4-8.el10.x86_64
DEBUG util.py:463:  pcre2-10.44-1.el10.3.x86_64
DEBUG util.py:463:  libselinux-3.9-1.el10.x86_64
DEBUG util.py:463:  sed-4.9-3.el10.x86_64
DEBUG util.py:463:  findutils-4.10.0-5.el10.x86_64
DEBUG util.py:463:  grep-3.11-10.el10.x86_64
DEBUG util.py:463:  xz-5.6.2-4.el10_0.x86_64
DEBUG util.py:463:  libmount-2.40.2-15.el10_1.x86_64
DEBUG util.py:463:  util-linux-core-2.40.2-15.el10_1.x86_64
DEBUG util.py:463:  libsemanage-3.9-1.el10.x86_64
DEBUG util.py:463:  shadow-utils-4.15.0-10.el10_1.x86_64
DEBUG util.py:463:  libutempter-1.2.1-15.el10.x86_64
DEBUG util.py:463:  tar-1.35-9.el10_1.x86_64
DEBUG util.py:463:  zstd-1.5.5-9.el10.x86_64
DEBUG util.py:463:  libpsl-0.21.5-6.el10.x86_64
DEBUG util.py:463:  p11-kit-0.25.5-7.el10.x86_64
DEBUG util.py:463:  p11-kit-trust-0.25.5-7.el10.x86_64
DEBUG util.py:463:  openssl-fips-provider-3.5.1-7.el10_1.alma.1.x86_64
DEBUG util.py:463:  openssl-libs-3.5.1-7.el10_1.alma.1.x86_64
DEBUG util.py:463:  coreutils-9.5-6.el10.x86_64
DEBUG util.py:463:  ca-certificates-2025.2.80_v9.0.305-102.el10_1.noarch
DEBUG util.py:463:  authselect-libs-1.5.0-8.el10.x86_64
DEBUG util.py:463:  gzip-1.13-3.el10.x86_64
DEBUG util.py:463:  cracklib-2.9.11-8.el10.x86_64
DEBUG util.py:463:  cracklib-dicts-2.9.11-8.el10.x86_64
DEBUG util.py:463:  libpwquality-1.4.5-12.el10.x86_64
DEBUG util.py:463:  libevent-2.1.12-16.el10.x86_64
DEBUG util.py:463:  rpm-sequoia-1.9.0.3-1.el10_1.x86_64
DEBUG util.py:463:  zip-3.0-45.el10.x86_64
DEBUG util.py:463:  cyrus-sasl-lib-2.1.28-29.el10.x86_64
DEBUG util.py:463:  openldap-2.6.9-1.el10.x86_64
DEBUG util.py:463:  gdbm-1.23-12.el10_0.x86_64
DEBUG util.py:463:  pam-1.6.1-8.el10.x86_64
DEBUG util.py:463:  libfdisk-2.40.2-15.el10_1.x86_64
DEBUG util.py:463:  libxml2-2.12.5-9.el10_0.x86_64
DEBUG util.py:463:  libarchive-3.7.7-5.el10_1.x86_64
DEBUG util.py:463:  bzip2-1.0.8-25.el10.x86_64
DEBUG util.py:463:  sqlite-libs-3.46.1-5.el10_1.x86_64
DEBUG util.py:463:  rpm-libs-4.19.1.1-20.el10.alma.1.x86_64
DEBUG util.py:463:  ed-1.20-5.el10.x86_64
DEBUG util.py:463:  patch-2.7.6-26.el10.x86_64
DEBUG util.py:463:  elfutils-default-yama-scope-0.193-1.el10.noarch
DEBUG util.py:463:  cpio-2.15-3.el10.x86_64
DEBUG util.py:463:  diffutils-3.10-8.el10.x86_64
DEBUG util.py:463:  json-c-0.18-3.el10.x86_64
DEBUG util.py:463:  keyutils-libs-1.6.3-5.el10.x86_64
DEBUG util.py:463:  libbrotli-1.1.0-7.el10_1.x86_64
DEBUG util.py:463:  libcom_err-1.47.1-4.el10.x86_64
DEBUG util.py:463:  libgomp-14.3.1-2.1.el10.alma.1.x86_64
DEBUG util.py:463:  libnghttp2-1.64.0-2.el10.x86_64
DEBUG util.py:463:  libpkgconf-2.1.0-3.el10.x86_64
DEBUG util.py:463:  pkgconf-2.1.0-3.el10.x86_64
DEBUG util.py:463:  pkgconf-pkg-config-2.1.0-3.el10.x86_64
DEBUG util.py:463:  libverto-0.3.2-10.el10.x86_64
DEBUG util.py:463:  krb5-libs-1.21.3-8.el10_0.x86_64
DEBUG util.py:463:  libssh-0.11.1-5.el10_1.x86_64
DEBUG util.py:463:  libcurl-8.12.1-2.el10_1.2.x86_64
DEBUG util.py:463:  elfutils-libs-0.193-1.el10.x86_64
DEBUG util.py:463:  elfutils-debuginfod-client-0.193-1.el10.x86_64
DEBUG util.py:463:  binutils-gold-2.41-58.el10_1.2.alma.1.x86_64
DEBUG util.py:463:  binutils-2.41-58.el10_1.2.alma.1.x86_64
DEBUG util.py:463:  elfutils-0.193-1.el10.x86_64
DEBUG util.py:463:  gdb-minimal-16.3-2.el10.x86_64
DEBUG util.py:463:  debugedit-5.1-8.el10.x86_64
DEBUG util.py:463:  rpm-build-libs-4.19.1.1-20.el10.alma.1.x86_64
DEBUG util.py:463:  curl-8.12.1-2.el10_1.2.x86_64
DEBUG util.py:463:  rpm-4.19.1.1-20.el10.alma.1.x86_64
DEBUG util.py:463:  efi-srpm-macros-6-6.el10.alma.1.noarch
DEBUG util.py:463:  lua-srpm-macros-1-15.el10.noarch
DEBUG util.py:463:  fonts-srpm-macros-2.0.5-18.el10.noarch
DEBUG util.py:463:  forge-srpm-macros-0.4.0-6.el10.noarch
DEBUG util.py:463:  go-srpm-macros-3.6.0-7.el10_1.noarch
DEBUG util.py:463:  python-srpm-macros-3.12-10.el10.noarch
DEBUG util.py:463:  redhat-rpm-config-293-1.el10.alma.2.noarch
DEBUG util.py:463:  rpm-build-4.19.1.1-20.el10.alma.1.x86_64
DEBUG util.py:463:  pyproject-srpm-macros-1.16.2-1.el10.noarch
DEBUG util.py:463:  R-srpm-macros-1.3.7-1.el10_1.noarch
DEBUG util.py:463:  epel-rpm-macros-10-7.el10_1.noarch
DEBUG util.py:463:  util-linux-2.40.2-15.el10_1.x86_64
DEBUG util.py:463:  authselect-1.5.0-8.el10.x86_64
DEBUG util.py:463:  which-2.21-44.el10_0.x86_64
DEBUG util.py:463:  info-7.1-6.el10.x86_64
DEBUG util.py:463:  libgpg-error-1.50-2.el10.x86_64
DEBUG util.py:463:  libmpc-1.3.1-7.el10.x86_64
DEBUG util.py:463:  make-4.4.1-9.el10.x86_64
DEBUG util.py:463:  expat-2.7.1-1.el10_1.3.x86_64
DEBUG util.py:463:  cpp-14.3.1-2.1.el10.alma.1.x86_64
DEBUG util.py:463:  libassuan-2.5.6-6.el10.x86_64
DEBUG util.py:463:  libgcrypt-1.11.0-5.el10.x86_64
DEBUG util.py:463:  libksba-1.6.7-2.el10.x86_64
DEBUG util.py:463:  pcre2-utf32-10.44-1.el10.3.x86_64
DEBUG util.py:463:  pcre2-utf16-10.44-1.el10.3.x86_64
DEBUG util.py:463:  libstdc++-devel-14.3.1-2.1.el10.alma.1.x86_64
DEBUG util.py:463:  kernel-headers-6.12.0-124.47.1.el10_1.x86_64
DEBUG util.py:463:  libxcrypt-devel-4.4.36-10.el10.x86_64
DEBUG util.py:463:  glibc-devel-2.39-58.el10_1.7.alma.1.x86_64
DEBUG util.py:463:  gcc-14.3.1-2.1.el10.alma.1.x86_64
DEBUG util.py:463:  gcc-c++-14.3.1-2.1.el10.alma.1.x86_64
DEBUG util.py:463:  cmake-filesystem-3.30.5-3.el10_0.x86_64
DEBUG util.py:463:  annobin-docs-12.99-1.el10.noarch
DEBUG util.py:463:  tzdata-2026a-1.el10.noarch
DEBUG util.py:463:  tpm2-tss-4.1.3-5.el10.x86_64
DEBUG util.py:463:  python3-pip-wheel-23.3.2-7.el10.noarch
DEBUG util.py:463:  npth-1.6-21.el10.x86_64
DEBUG util.py:463:  ncurses-6.4-15.20240127.el10_1.x86_64
DEBUG util.py:463:  mpdecimal-2.5.1-12.el10.x86_64
DEBUG util.py:463:  python3-3.12.12-3.el10_1.2.x86_64
DEBUG util.py:463:  python3-libs-3.12.12-3.el10_1.2.x86_64
DEBUG util.py:463:  python3-pyparsing-3.1.1-7.el10.noarch
DEBUG util.py:463:  systemtap-sdt-dtrace-5.3-3b.el10.x86_64
DEBUG util.py:463:  systemtap-sdt-devel-5.3-3b.el10.x86_64
DEBUG util.py:463:  libseccomp-2.5.6-1.el10.x86_64
DEBUG util.py:463:  groff-base-1.23.0-10.el10.x86_64
DEBUG util.py:463:  perl-Digest-1.20-511.el10.noarch
DEBUG util.py:463:  perl-Digest-MD5-2.59-6.el10.x86_64
DEBUG util.py:463:  perl-B-1.89-512.2.el10_0.x86_64
DEBUG util.py:463:  perl-FileHandle-2.05-512.2.el10_0.noarch
DEBUG util.py:463:  perl-Data-Dumper-2.189-512.el10.x86_64
DEBUG util.py:463:  perl-libnet-3.15-512.el10.noarch
DEBUG util.py:463:  perl-AutoLoader-5.74-512.2.el10_0.noarch
DEBUG util.py:463:  perl-Class-Struct-0.68-512.2.el10_0.noarch
DEBUG util.py:463:  perl-locale-1.12-512.2.el10_0.noarch
DEBUG util.py:463:  perl-URI-5.27-3.el10.noarch
DEBUG util.py:463:  perl-Socket-2.038-511.el10.x86_64
DEBUG util.py:463:  perl-SelectSaver-1.02-512.2.el10_0.noarch
DEBUG util.py:463:  perl-Term-ANSIColor-5.01-512.el10.noarch
DEBUG util.py:463:  perl-Text-Tabs+Wrap-2024.001-511.el10.noarch
DEBUG util.py:463:  perl-base-2.27-512.2.el10_0.noarch
DEBUG util.py:463:  perl-Mozilla-CA-20231213-5.el10.noarch
DEBUG util.py:463:  perl-if-0.61.000-512.2.el10_0.noarch
DEBUG util.py:463:  perl-POSIX-2.20-512.2.el10_0.x86_64
DEBUG util.py:463:  perl-mro-1.29-512.2.el10_0.x86_64
DEBUG util.py:463:  perl-IO-Socket-IP-0.42-512.el10.noarch
DEBUG util.py:463:  perl-File-stat-1.14-512.2.el10_0.noarch
DEBUG util.py:463:  perl-overloading-0.02-512.2.el10_0.noarch
DEBUG util.py:463:  perl-Time-Local-1.350-511.el10.noarch
DEBUG util.py:463:  perl-File-Path-2.18-511.el10.noarch
DEBUG util.py:463:  perl-IO-Socket-SSL-2.085-3.el10.noarch
DEBUG util.py:463:  perl-Net-SSLeay-1.94-8.el10.x86_64
DEBUG util.py:463:  perl-Pod-Escapes-1.07-511.el10.noarch
DEBUG util.py:463:  perl-Term-Cap-1.18-511.el10.noarch
DEBUG util.py:463:  perl-Pod-Usage-2.03-511.el10.noarch
DEBUG util.py:463:  perl-Errno-1.38-512.2.el10_0.x86_64
DEBUG util.py:463:  perl-Fcntl-1.18-512.2.el10_0.x86_64
DEBUG util.py:463:  perl-File-Basename-2.86-512.2.el10_0.noarch
DEBUG util.py:463:  perl-Getopt-Std-1.14-512.2.el10_0.noarch
DEBUG util.py:463:  perl-MIME-Base64-3.16-511.el10.x86_64
DEBUG util.py:463:  perl-Scalar-List-Utils-1.63-511.el10.x86_64
DEBUG util.py:463:  perl-Symbol-1.09-512.2.el10_0.noarch
DEBUG util.py:463:  perl-Text-ParseWords-3.31-511.el10.noarch
DEBUG util.py:463:  perl-constant-1.33-512.el10.noarch
DEBUG util.py:463:  perl-IPC-Open3-1.22-512.2.el10_0.noarch
DEBUG util.py:463:  perl-Storable-3.32-511.el10.x86_64
DEBUG util.py:463:  perl-IO-1.55-512.2.el10_0.x86_64
DEBUG util.py:463:  perl-overload-1.37-512.2.el10_0.noarch
DEBUG util.py:463:  perl-parent-0.241-512.el10.noarch
DEBUG util.py:463:  perl-File-Temp-0.231.100-512.el10.noarch
DEBUG util.py:463:  perl-HTTP-Tiny-0.088-512.el10.noarch
DEBUG util.py:463:  perl-vars-1.05-512.2.el10_0.noarch
DEBUG util.py:463:  perl-Pod-Simple-3.45-511.el10.noarch
DEBUG util.py:463:  perl-Getopt-Long-2.58-3.el10.noarch
DEBUG util.py:463:  perl-podlators-5.01-511.el10.noarch
DEBUG util.py:463:  perl-Carp-1.54-511.el10.noarch
DEBUG util.py:463:  perl-Exporter-5.78-511.el10.noarch
DEBUG util.py:463:  perl-GDBM_File-1.24-512.2.el10_0.x86_64
DEBUG util.py:463:  perl-NDBM_File-1.17-512.2.el10_0.x86_64
DEBUG util.py:463:  perl-ODBM_File-1.18-512.2.el10_0.x86_64
DEBUG util.py:463:  perl-PathTools-3.91-512.el10.x86_64
DEBUG util.py:463:  perl-DynaLoader-1.56-512.2.el10_0.x86_64
DEBUG util.py:463:  perl-Encode-3.21-511.el10.x86_64
DEBUG util.py:463:  perl-libs-5.40.2-512.2.el10_0.x86_64
DEBUG util.py:463:  perl-Pod-Perldoc-3.28.01-512.el10.noarch
DEBUG util.py:463:  perl-doc-5.40.2-512.2.el10_0.noarch
DEBUG util.py:463:  perl-interpreter-5.40.2-512.2.el10_0.x86_64
DEBUG util.py:463:  perl-File-Find-1.44-512.2.el10_0.noarch
DEBUG util.py:463:  perl-version-0.99.32-4.el10.x86_64
DEBUG util.py:463:  perl-File-Copy-2.41-512.2.el10_0.noarch
DEBUG util.py:463:  perl-Time-HiRes-1.9777-511.el10.x86_64
DEBUG util.py:463:  perl-ExtUtils-Manifest-1.75-511.el10.noarch
DEBUG util.py:463:  perl-threads-2.40-511.el10.x86_64
DEBUG util.py:463:  perl-threads-shared-1.69-511.el10.x86_64
DEBUG util.py:463:  perl-CPAN-Meta-Requirements-2.143-11.el10.noarch
DEBUG util.py:463:  perl-ExtUtils-ParseXS-3.51-512.el10.noarch
DEBUG util.py:463:  perl-Compress-Raw-Zlib-2.212-512.el10.x86_64
DEBUG util.py:463:  perl-File-Compare-1.100.800-512.2.el10_0.noarch
DEBUG util.py:463:  perl-lib-0.65-512.2.el10_0.x86_64
DEBUG util.py:463:  perl-Module-CoreList-5.20250120-1.el10.noarch
DEBUG util.py:463:  perl-Module-Metadata-1.000038-512.el10.noarch
DEBUG util.py:463:  perl-Digest-SHA-6.04-512.el10.x86_64
DEBUG util.py:463:  perl-Devel-Peek-1.34-512.2.el10_0.x86_64
DEBUG util.py:463:  perl-Filter-1.64-512.el10.x86_64
DEBUG util.py:463:  perl-Module-Load-0.36-511.el10.noarch
DEBUG util.py:463:  perl-Perl-OSType-1.010-512.el10.noarch
DEBUG util.py:463:  perl-Term-ReadLine-1.17-512.2.el10_0.noarch
DEBUG util.py:463:  perl-Term-Table-0.018-513.el10.noarch
DEBUG util.py:463:  perl-Tie-4.6-512.2.el10_0.noarch
DEBUG util.py:463:  perl-Unicode-Normalize-1.32-511.el10.x86_64
DEBUG util.py:463:  perl-meta-notation-5.40.2-512.2.el10_0.noarch
DEBUG util.py:463:  perl-encoding-3.00-511.el10.x86_64
DEBUG util.py:463:  perl-Dumpvalue-2.27-512.2.el10_0.noarch
DEBUG util.py:463:  perl-Net-Ping-2.76-511.el10.noarch
DEBUG util.py:463:  perl-ExtUtils-Command-7.70-513.el10.noarch
DEBUG util.py:463:  perl-Pod-Html-1.35-512.2.el10_0.noarch
DEBUG util.py:463:  perl-AutoSplit-5.74-512.2.el10_0.noarch
DEBUG util.py:463:  perl-Benchmark-1.25-512.2.el10_0.noarch
DEBUG util.py:463:  perl-Test-Harness-3.48-512.el10.noarch
DEBUG util.py:463:  perl-CPAN-Meta-YAML-0.018-512.el10.noarch
DEBUG util.py:463:  perl-Compress-Raw-Bzip2-2.212-512.el10.x86_64
DEBUG util.py:463:  perl-IO-Compress-2.212-512.el10.noarch
DEBUG util.py:463:  perl-IO-Zlib-1.15-511.el10.noarch
DEBUG util.py:463:  perl-Devel-PPPort-3.72-512.el10.x86_64
DEBUG util.py:463:  perl-DirHandle-1.05-512.2.el10_0.noarch
DEBUG util.py:463:  perl-ExtUtils-Constant-0.25-512.2.el10_0.noarch
DEBUG util.py:463:  perl-ExtUtils-MM-Utils-7.70-513.el10.noarch
DEBUG util.py:463:  perl-Hash-Util-FieldHash-1.27-512.2.el10_0.x86_64
DEBUG util.py:463:  perl-Hash-Util-0.32-512.2.el10_0.x86_64
DEBUG util.py:463:  perl-I18N-LangTags-0.45-512.2.el10_0.noarch
DEBUG util.py:463:  perl-Locale-Maketext-1.33-512.el10.noarch
DEBUG util.py:463:  perl-Locale-Maketext-Simple-0.21-512.2.el10_0.noarch
DEBUG util.py:463:  perl-Params-Check-0.38-511.el10.noarch
DEBUG util.py:463:  perl-Module-Load-Conditional-0.74-511.el10.noarch
DEBUG util.py:463:  perl-IPC-Cmd-1.04-512.el10.noarch
DEBUG util.py:463:  perl-Math-Complex-1.62-512.2.el10_0.noarch
DEBUG util.py:463:  perl-Math-BigInt-2.0030.03-3.el10.noarch
DEBUG util.py:463:  perl-JSON-PP-4.16-512.el10.noarch
DEBUG util.py:463:  perl-CPAN-Meta-2.150010-511.el10.noarch
DEBUG util.py:463:  perl-ExtUtils-Install-2.22-511.el10.noarch
DEBUG util.py:463:  perl-devel-5.40.2-512.2.el10_0.x86_64
DEBUG util.py:463:  perl-ExtUtils-MakeMaker-7.70-513.el10.noarch
DEBUG util.py:463:  perl-ExtUtils-CBuilder-0.280240-511.el10.noarch
DEBUG util.py:463:  perl-ExtUtils-Embed-1.35-512.2.el10_0.noarch
DEBUG util.py:463:  perl-Test-Simple-1.302199-513.el10.noarch
DEBUG util.py:463:  perl-Params-Util-1.102-19.el10.x86_64
DEBUG util.py:463:  perl-SelfLoader-1.27-512.2.el10_0.noarch
DEBUG util.py:463:  perl-Sub-Install-0.929-8.el10.noarch
DEBUG util.py:463:  perl-Sys-Hostname-1.25-512.2.el10_0.x86_64
DEBUG util.py:463:  perl-Text-Balanced-2.06-511.el10.noarch
DEBUG util.py:463:  perl-Tie-RefHash-1.40-511.el10.noarch
DEBUG util.py:463:  perl-User-pwent-1.05-512.2.el10_0.noarch
DEBUG util.py:463:  perl-autouse-1.11-512.2.el10_0.noarch
DEBUG util.py:463:  perl-subs-1.04-512.2.el10_0.noarch
DEBUG util.py:463:  perl-Opcode-1.65-512.2.el10_0.x86_64
DEBUG util.py:463:  perl-Safe-2.46-512.2.el10_0.noarch
DEBUG util.py:463:  perl-Filter-Simple-0.96-511.el10.noarch
DEBUG util.py:463:  perl-Data-OptList-0.114-7.el10.noarch
DEBUG util.py:463:  perl-Devel-SelfStubber-1.06-512.2.el10_0.noarch
DEBUG util.py:463:  perl-Test2-Suite-0.000163-4.el10.noarch
DEBUG util.py:463:  perl-ExtUtils-Miniperl-1.14-512.2.el10_0.noarch
DEBUG util.py:463:  perl-libnetcfg-5.40.2-512.2.el10_0.noarch
DEBUG util.py:463:  perl-Encode-devel-3.21-511.el10.x86_64
DEBUG util.py:463:  perl-inc-latest-0.500-30.el10.noarch
DEBUG util.py:463:  perl-Math-BigInt-FastCalc-0.501.800-511.el10.x86_64
DEBUG util.py:463:  perl-bignum-0.67-512.el10.noarch
DEBUG util.py:463:  perl-File-Fetch-1.04-511.el10.noarch
DEBUG util.py:463:  perl-fields-2.27-512.2.el10_0.noarch
DEBUG util.py:463:  perl-DBM_Filter-0.06-512.2.el10_0.noarch
DEBUG util.py:463:  perl-open-1.13-512.2.el10_0.noarch
DEBUG util.py:463:  perl-debugger-1.60-512.2.el10_0.noarch
DEBUG util.py:463:  perl-sigtrap-1.10-512.2.el10_0.noarch
DEBUG util.py:463:  perl-Unicode-Collate-1.31-511.el10.x86_64
DEBUG util.py:463:  perl-Unicode-UCD-0.78-512.2.el10_0.noarch
DEBUG util.py:463:  perl-Env-1.06-511.el10.noarch
DEBUG util.py:463:  perl-Module-CoreList-tools-5.20250120-1.el10.noarch
DEBUG util.py:463:  perl-Archive-Zip-1.68-17.el10.noarch
DEBUG util.py:463:  perl-Thread-3.05-512.2.el10_0.noarch
DEBUG util.py:463:  perl-Thread-Queue-3.14-511.el10.noarch
DEBUG util.py:463:  perl-Thread-Semaphore-2.13-512.2.el10_0.noarch
DEBUG util.py:463:  perl-experimental-0.032-511.el10.noarch
DEBUG util.py:463:  perl-Pod-Checker-1.77-511.el10.noarch
DEBUG util.py:463:  perl-diagnostics-1.40-512.2.el10_0.noarch
DEBUG util.py:463:  perl-macros-5.40.2-512.2.el10_0.noarch
DEBUG util.py:463:  perl-utils-5.40.2-512.2.el10_0.noarch
DEBUG util.py:463:  perl-Algorithm-Diff-1.2010-14.el10.noarch
DEBUG util.py:463:  perl-Text-Diff-1.45-24.el10.noarch
DEBUG util.py:463:  perl-Attribute-Handlers-1.03-512.2.el10_0.noarch
DEBUG util.py:463:  perl-Compress-Bzip2-2.28-21.el10.x86_64
DEBUG util.py:463:  perl-Compress-Raw-Lzma-2.212-3.el10.x86_64
DEBUG util.py:463:  perl-IO-Compress-Lzma-2.206-7.el10.noarch
DEBUG util.py:463:  perl-Archive-Tar-3.02-512.el10.noarch
DEBUG util.py:463:  perl-Config-Extensions-0.03-512.2.el10_0.noarch
DEBUG util.py:463:  perl-Config-Perl-V-0.36-512.el10.noarch
DEBUG util.py:463:  perl-Devel-Size-0.84-3.el10.x86_64
DEBUG util.py:463:  perl-English-1.11-512.2.el10_0.noarch
DEBUG util.py:463:  perl-File-DosGlob-1.12-512.2.el10_0.x86_64
DEBUG util.py:463:  perl-File-Which-1.27-14.el10.noarch
DEBUG util.py:463:  perl-File-HomeDir-1.006-15.el10.noarch
DEBUG util.py:463:  perl-FileCache-1.10-512.2.el10_0.noarch
DEBUG util.py:463:  perl-FindBin-1.54-512.2.el10_0.noarch
DEBUG util.py:463:  perl-I18N-Collate-1.02-512.2.el10_0.noarch
DEBUG util.py:463:  perl-I18N-Langinfo-0.24-512.2.el10_0.x86_64
DEBUG util.py:463:  perl-IPC-SysV-2.09-512.el10.x86_64
DEBUG util.py:463:  perl-IPC-System-Simple-1.30-16.el10.noarch
DEBUG util.py:463:  perl-autodie-2.37-512.el10.noarch
DEBUG util.py:463:  perl-MRO-Compat-0.15-12.el10.noarch
DEBUG util.py:463:  perl-Memoize-1.16-512.2.el10_0.noarch
DEBUG util.py:463:  perl-Module-Loaded-0.08-512.2.el10_0.noarch
DEBUG util.py:463:  perl-NEXT-0.69-512.2.el10_0.noarch
DEBUG util.py:463:  perl-Net-1.04-512.2.el10_0.noarch
DEBUG util.py:463:  perl-Package-Generator-1.106-34.el10.noarch
DEBUG util.py:463:  perl-Sub-Exporter-0.991-7.el10.noarch
DEBUG util.py:463:  perl-Data-Section-0.200008-8.el10.noarch
DEBUG util.py:463:  perl-PerlIO-via-QuotedPrint-0.10-511.el10.noarch
DEBUG util.py:463:  perl-Pod-Functions-1.14-512.2.el10_0.noarch
DEBUG util.py:463:  perl-Search-Dict-1.07-512.2.el10_0.noarch
DEBUG util.py:463:  perl-Sys-Syslog-0.36-512.el10.x86_64
DEBUG util.py:463:  perl-Term-Complete-1.403-512.2.el10_0.noarch
DEBUG util.py:463:  perl-Test-1.31-512.2.el10_0.noarch
DEBUG util.py:463:  perl-Text-Abbrev-1.02-512.2.el10_0.noarch
DEBUG util.py:463:  perl-Text-Glob-0.11-26.el10.noarch
DEBUG util.py:463:  perl-Text-Template-1.61-8.el10.noarch
DEBUG util.py:463:  perl-Software-License-0.104006-4.el10.noarch
DEBUG util.py:463:  perl-Module-Build-0.42.34-7.el10.noarch
DEBUG util.py:463:  perl-Tie-File-1.09-512.2.el10_0.noarch
DEBUG util.py:463:  perl-Tie-Memoize-1.1-512.2.el10_0.noarch
DEBUG util.py:463:  perl-Time-1.04-512.2.el10_0.noarch
DEBUG util.py:463:  perl-Time-Piece-1.3401-512.2.el10_0.x86_64
DEBUG util.py:463:  perl-blib-1.07-512.2.el10_0.noarch
DEBUG util.py:463:  perl-deprecate-0.04-512.2.el10_0.noarch
DEBUG util.py:463:  perl-encoding-warnings-0.14-512.2.el10_0.noarch
DEBUG util.py:463:  perl-filetest-1.03-512.2.el10_0.noarch
DEBUG util.py:463:  perl-less-0.03-512.2.el10_0.noarch
DEBUG util.py:463:  perl-local-lib-2.000029-9.el10.noarch
DEBUG util.py:463:  perl-perlfaq-5.20240218-511.el10.noarch
DEBUG util.py:463:  perl-ph-5.40.2-512.2.el10_0.x86_64
DEBUG util.py:463:  perl-sort-2.05-512.2.el10_0.noarch
DEBUG util.py:463:  perl-vmsish-1.04-512.2.el10_0.noarch
DEBUG util.py:463:  gnutls-3.8.10-3.el10_1.x86_64
DEBUG util.py:463:  gnupg2-2.4.5-4.el10_1.x86_64
DEBUG util.py:463:  perl-Module-Signature-0.88-12.el10.noarch
DEBUG util.py:463:  perl-CPAN-2.36-514.el10_0.noarch
DEBUG util.py:463:  perl-5.40.2-512.2.el10_0.x86_64
DEBUG util.py:463:  dbus-common-1.14.10-5.el10.noarch
DEBUG util.py:463:  dbus-broker-36-4.el10.x86_64
DEBUG util.py:463:  dbus-1.14.10-5.el10.x86_64
DEBUG util.py:463:  systemd-pam-257-13.el10.alma.1.x86_64
DEBUG util.py:463:  systemd-257-13.el10.alma.1.x86_64
DEBUG util.py:463:  annobin-plugin-gcc-12.99-1.el10.x86_64
DEBUG util.py:463:  zlib-ng-compat-devel-2.2.3-3.el10_1.x86_64
DEBUG util.py:463:  gcc-plugin-annobin-14.3.1-2.1.el10.alma.1.x86_64
DEBUG util.py:463:  pcre2-devel-10.44-1.el10.3.x86_64
DEBUG util.py:463:  openssl-devel-3.5.1-7.el10_1.alma.1.x86_64
DEBUG util.py:463:  libzstd-devel-1.5.5-9.el10.x86_64
DEBUG util.py:463:  systemd-rpm-macros-257-13.el10.alma.1.noarch
DEBUG util.py:610:  Child return code was: 0
DEBUG util.py:185:  kill orphans in chroot /var/lib/mock/alma+epel-10-x86_64/root
DEBUG util.py:185:  kill orphans in chroot /var/lib/mock/alma+epel-10-x86_64-bootstrap/root/var/lib/mock/alma+epel-10-x86_64/root
DEBUG util.py:636:  child environment: None
DEBUG util.py:558:  Executing command: ['/bin/umount', '-n', '-l', '/var/lib/mock/alma+epel-10-x86_64-bootstrap/root/var/lib/mock/alma+epel-10-x86_64/root'] with env {'TERM': 'vt100', 'SHELL': '/bin/sh', 'HOME': '/builddir', 'HOSTNAME': 'mock', 'PATH': '/usr/bin:/bin:/usr/sbin:/sbin', 'LANG': 'C.UTF-8'} and shell False
DEBUG util.py:610:  Child return code was: 0
DEBUG util.py:636:  child environment: None
DEBUG util.py:558:  Executing command: ['/bin/umount', '-n', '-l', '/var/lib/mock/alma+epel-10-x86_64-bootstrap/root/var/lib/mock/alma+epel-10-x86_64/root'] with env {'TERM': 'vt100', 'SHELL': '/bin/sh', 'HOME': '/builddir', 'HOSTNAME': 'mock', 'PATH': '/usr/bin:/bin:/usr/sbin:/sbin', 'LANG': 'C.UTF-8'} and shell False
DEBUG util.py:610:  Child return code was: 0
DEBUG util.py:636:  child environment: None
DEBUG file_util.py:17:  ensuring that dir exists: /var/lib/mock/alma+epel-10-x86_64/root/proc
DEBUG util.py:636:  child environment: None
DEBUG util.py:558:  Executing command: ['/bin/mount', '-n', '-t', 'tmpfs', '-o', 'rprivate,mode=0755', 'tmpfs', '/var/lib/mock/alma+epel-10-x86_64/root/proc'] with env {'TERM': 'vt100', 'SHELL': '/bin/sh', 'HOME': '/builddir', 'HOSTNAME': 'mock', 'PATH': '/usr/bin:/bin:/usr/sbin:/sbin', 'LANG': 'C.UTF-8'} and shell False
DEBUG util.py:610:  Child return code was: 0
DEBUG file_util.py:17:  ensuring that dir exists: /var/lib/mock/alma+epel-10-x86_64/root/proc
DEBUG util.py:636:  child environment: None
DEBUG util.py:558:  Executing command: ['/bin/mount', '-n', '-o', 'rbind', '/proc', '/var/lib/mock/alma+epel-10-x86_64/root/proc'] with env {'TERM': 'vt100', 'SHELL': '/bin/sh', 'HOME': '/builddir', 'HOSTNAME': 'mock', 'PATH': '/usr/bin:/bin:/usr/sbin:/sbin', 'LANG': 'C.UTF-8'} and shell False
DEBUG util.py:610:  Child return code was: 0
DEBUG util.py:636:  child environment: None
DEBUG util.py:558:  Executing command: ['/bin/mount', '-n', '-o', 'remount,nodev,noexec,nosuid,readonly,rprivate,rbind', '--target', '/var/lib/mock/alma+epel-10-x86_64/root/proc'] with env {'TERM': 'vt100', 'SHELL': '/bin/sh', 'HOME': '/builddir', 'HOSTNAME': 'mock', 'PATH': '/usr/bin:/bin:/usr/sbin:/sbin', 'LANG': 'C.UTF-8'} and shell False
DEBUG util.py:610:  Child return code was: 0
DEBUG file_util.py:17:  ensuring that dir exists: /var/lib/mock/alma+epel-10-x86_64/root/sys
DEBUG util.py:636:  child environment: None
DEBUG util.py:558:  Executing command: ['/bin/mount', '-n', '-t', 'tmpfs', '-o', 'rprivate,mode=0755', 'tmpfs', '/var/lib/mock/alma+epel-10-x86_64/root/sys'] with env {'TERM': 'vt100', 'SHELL': '/bin/sh', 'HOME': '/builddir', 'HOSTNAME': 'mock', 'PATH': '/usr/bin:/bin:/usr/sbin:/sbin', 'LANG': 'C.UTF-8'} and shell False
DEBUG util.py:610:  Child return code was: 0
DEBUG file_util.py:17:  ensuring that dir exists: /var/lib/mock/alma+epel-10-x86_64/root/sys
DEBUG util.py:636:  child environment: None
DEBUG util.py:558:  Executing command: ['/bin/mount', '-n', '-o', 'rbind', '/sys', '/var/lib/mock/alma+epel-10-x86_64/root/sys'] with env {'TERM': 'vt100', 'SHELL': '/bin/sh', 'HOME': '/builddir', 'HOSTNAME': 'mock', 'PATH': '/usr/bin:/bin:/usr/sbin:/sbin', 'LANG': 'C.UTF-8'} and shell False
DEBUG util.py:610:  Child return code was: 0
DEBUG util.py:636:  child environment: None
DEBUG util.py:558:  Executing command: ['/bin/mount', '-n', '-o', 'remount,nodev,noexec,nosuid,readonly,rprivate,rbind', '--target', '/var/lib/mock/alma+epel-10-x86_64/root/sys'] with env {'TERM': 'vt100', 'SHELL': '/bin/sh', 'HOME': '/builddir', 'HOSTNAME': 'mock', 'PATH': '/usr/bin:/bin:/usr/sbin:/sbin', 'LANG': 'C.UTF-8'} and shell False
DEBUG util.py:610:  Child return code was: 0
DEBUG file_util.py:17:  ensuring that dir exists: /var/lib/mock/alma+epel-10-x86_64/root/dev/shm
DEBUG util.py:636:  child environment: None
DEBUG util.py:558:  Executing command: ['/bin/mount', '-n', '-t', 'tmpfs', 'tmpfs', '/var/lib/mock/alma+epel-10-x86_64/root/dev/shm'] with env {'TERM': 'vt100', 'SHELL': '/bin/sh', 'HOME': '/builddir', 'HOSTNAME': 'mock', 'PATH': '/usr/bin:/bin:/usr/sbin:/sbin', 'LANG': 'C.UTF-8'} and shell False
DEBUG util.py:610:  Child return code was: 0
DEBUG file_util.py:17:  ensuring that dir exists: /var/lib/mock/alma+epel-10-x86_64/root/dev/pts
DEBUG util.py:636:  child environment: None
DEBUG util.py:558:  Executing command: ['/bin/mount', '-n', '-t', 'devpts', '-o', 'gid=5,mode=0620,ptmxmode=0666,newinstance', 'devpts', '/var/lib/mock/alma+epel-10-x86_64/root/dev/pts'] with env {'TERM': 'vt100', 'SHELL': '/bin/sh', 'HOME': '/builddir', 'HOSTNAME': 'mock', 'PATH': '/usr/bin:/bin:/usr/sbin:/sbin', 'LANG': 'C.UTF-8'} and shell False
DEBUG util.py:610:  Child return code was: 0
DEBUG file_util.py:17:  ensuring that dir exists: /var/lib/mock/alma+epel-10-x86_64-bootstrap/root/var/lib/mock/alma+epel-10-x86_64/root
DEBUG util.py:636:  child environment: None
DEBUG util.py:558:  Executing command: ['/bin/mount', '-n', '-t', 'tmpfs', '-o', 'private,mode=0755', 'tmpfs', '/var/lib/mock/alma+epel-10-x86_64-bootstrap/root/var/lib/mock/alma+epel-10-x86_64/root'] with env {'TERM': 'vt100', 'SHELL': '/bin/sh', 'HOME': '/builddir', 'HOSTNAME': 'mock', 'PATH': '/usr/bin:/bin:/usr/sbin:/sbin', 'LANG': 'C.UTF-8'} and shell False
DEBUG util.py:610:  Child return code was: 0
DEBUG file_util.py:17:  ensuring that dir exists: /var/lib/mock/alma+epel-10-x86_64-bootstrap/root/var/lib/mock/alma+epel-10-x86_64/root
DEBUG util.py:636:  child environment: None
DEBUG util.py:558:  Executing command: ['/bin/mount', '-n', '-o', 'rbind', '/var/lib/mock/alma+epel-10-x86_64/root', '/var/lib/mock/alma+epel-10-x86_64-bootstrap/root/var/lib/mock/alma+epel-10-x86_64/root'] with env {'TERM': 'vt100', 'SHELL': '/bin/sh', 'HOME': '/builddir', 'HOSTNAME': 'mock', 'PATH': '/usr/bin:/bin:/usr/sbin:/sbin', 'LANG': 'C.UTF-8'} and shell False
DEBUG util.py:610:  Child return code was: 0
DEBUG util.py:636:  child environment: None
DEBUG util.py:558:  Executing command: ['/bin/mount', '-n', '-o', 'remount,private,rbind', '--target', '/var/lib/mock/alma+epel-10-x86_64-bootstrap/root/var/lib/mock/alma+epel-10-x86_64/root'] with env {'TERM': 'vt100', 'SHELL': '/bin/sh', 'HOME': '/builddir', 'HOSTNAME': 'mock', 'PATH': '/usr/bin:/bin:/usr/sbin:/sbin', 'LANG': 'C.UTF-8'} and shell False
DEBUG util.py:610:  Child return code was: 0
DEBUG file_util.py:17:  ensuring that dir exists: /var/lib/mock/alma+epel-10-x86_64/root/installation-homedir
DEBUG package_manager.py:295:  ['/usr/bin/dnf-3', 'builddep', '--installroot', '/var/lib/mock/alma+epel-10-x86_64/root/', '--releasever', '10', '--setopt=deltarpm=False', '--setopt=allow_vendor_change=yes', '--allowerasing', '--disableplugin=local', '--disableplugin=spacewalk', '--disableplugin=versionlock', '/var/lib/mock/alma+epel-10-x86_64/root//builddir/build/SRPMS/nginx-1.28.3-1.alma10.ngx.src.rpm']
DEBUG util.py:636:  child environment: None
DEBUG util.py:553:  Using nspawn with args ['--capability=cap_ipc_lock', '--bind=/tmp/mock-resolv.tv3e0mrh:/etc/resolv.conf']
DEBUG util.py:558:  Executing command: ['/usr/bin/systemd-nspawn', '-q', '-M', '55f543db874d48de9d7ed8a9ff6c2f5c', '-D', '/var/lib/mock/alma+epel-10-x86_64-bootstrap/root', '-a', '--capability=cap_ipc_lock', '--bind=/tmp/mock-resolv.tv3e0mrh:/etc/resolv.conf', '--console=pipe', '--setenv=TERM=vt100', '--setenv=SHELL=/bin/bash', '--setenv=HOME=/var/lib/mock/alma+epel-10-x86_64/root/installation-homedir', '--setenv=HOSTNAME=mock', '--setenv=PATH=/usr/bin:/bin:/usr/sbin:/sbin', '--setenv=PROMPT_COMMAND=printf "\\033]0;<mock-chroot>\\007"', '--setenv=PS1=<mock-chroot> \\s-\\v\\$ ', '--setenv=LANG=C.UTF-8', '--setenv=LC_MESSAGES=C.UTF-8', '--resolv-conf=off', '/usr/bin/dnf-3', 'builddep', '--installroot', '/var/lib/mock/alma+epel-10-x86_64/root/', '--releasever', '10', '--setopt=deltarpm=False', '--setopt=allow_vendor_change=yes', '--allowerasing', '--disableplugin=local', '--disableplugin=spacewalk', '--disableplugin=versionlock', '/var/lib/mock/alma+epel-10-x86_64/root//builddir/build/SRPMS/nginx-1.28.3-1.alma10.ngx.src.rpm'] with env {'TERM': 'vt100', 'SHELL': '/bin/bash', 'HOME': '/var/lib/mock/alma+epel-10-x86_64/root/installation-homedir', 'HOSTNAME': 'mock', 'PATH': '/usr/bin:/bin:/usr/sbin:/sbin', 'PROMPT_COMMAND': 'printf "\\033]0;<mock-chroot>\\007"', 'PS1': '<mock-chroot> \\s-\\v\\$ ', 'LANG': 'C.UTF-8', 'LC_MESSAGES': 'C.UTF-8', 'SYSTEMD_NSPAWN_TMPFS_TMP': '0', 'SYSTEMD_SECCOMP': '0'} and shell False
DEBUG util.py:461:  No matches found for the following disable plugin patterns: local, spacewalk, versionlock
DEBUG util.py:463:  AlmaLinux 10 - BaseOS                                                                                                                                        3.3 kB/s | 3.8 kB     00:01    
DEBUG util.py:463:  AlmaLinux 10 - AppStream                                                                                                                                     4.1 kB/s | 3.8 kB     00:00    
DEBUG util.py:463:  AlmaLinux 10 - CRB                                                                                                                                           3.0 kB/s | 3.8 kB     00:01    
DEBUG util.py:463:  AlmaLinux 10 - Extras                                                                                                                                        3.3 kB/s | 3.3 kB     00:00    
DEBUG util.py:463:  Extra Packages for Enterprise Linux 10 - x86_64                                                                                                               10 kB/s | 7.2 kB     00:00    
DEBUG util.py:463:  Package libzstd-devel-1.5.5-9.el10.x86_64 is already installed.
DEBUG util.py:463:  Package openssl-devel-1:3.5.1-7.el10_1.alma.1.x86_64 is already installed.
DEBUG util.py:463:  Package pcre2-devel-10.44-1.el10.3.x86_64 is already installed.
DEBUG util.py:463:  Package perl-4:5.40.2-512.2.el10_0.x86_64 is already installed.
DEBUG util.py:463:  Package systemd-257-13.el10.alma.1.x86_64 is already installed.
DEBUG util.py:463:  Package zlib-ng-compat-devel-2.2.3-3.el10_1.x86_64 is already installed.
DEBUG util.py:463:  Dependencies resolved.
DEBUG util.py:463:  Nothing to do.
DEBUG util.py:463:  Complete!
DEBUG util.py:610:  Child return code was: 0
DEBUG util.py:185:  kill orphans in chroot /var/lib/mock/alma+epel-10-x86_64/root
DEBUG util.py:185:  kill orphans in chroot /var/lib/mock/alma+epel-10-x86_64-bootstrap/root/var/lib/mock/alma+epel-10-x86_64/root
DEBUG util.py:636:  child environment: None
DEBUG util.py:558:  Executing command: ['/bin/umount', '-n', '-l', '/var/lib/mock/alma+epel-10-x86_64-bootstrap/root/var/lib/mock/alma+epel-10-x86_64/root'] with env {'TERM': 'vt100', 'SHELL': '/bin/sh', 'HOME': '/builddir', 'HOSTNAME': 'mock', 'PATH': '/usr/bin:/bin:/usr/sbin:/sbin', 'LANG': 'C.UTF-8'} and shell False
DEBUG util.py:610:  Child return code was: 0
DEBUG util.py:636:  child environment: None
DEBUG util.py:558:  Executing command: ['/bin/umount', '-n', '-l', '/var/lib/mock/alma+epel-10-x86_64-bootstrap/root/var/lib/mock/alma+epel-10-x86_64/root'] with env {'TERM': 'vt100', 'SHELL': '/bin/sh', 'HOME': '/builddir', 'HOSTNAME': 'mock', 'PATH': '/usr/bin:/bin:/usr/sbin:/sbin', 'LANG': 'C.UTF-8'} and shell False
DEBUG util.py:610:  Child return code was: 0
DEBUG util.py:636:  child environment: None
DEBUG util.py:558:  Executing command: ['/bin/umount', '-n', '-l', '/var/lib/mock/alma+epel-10-x86_64/root/dev/pts'] with env {'TERM': 'vt100', 'SHELL': '/bin/sh', 'HOME': '/builddir', 'HOSTNAME': 'mock', 'PATH': '/usr/bin:/bin:/usr/sbin:/sbin', 'LANG': 'C.UTF-8'} and shell False
DEBUG util.py:610:  Child return code was: 0
DEBUG util.py:636:  child environment: None
DEBUG util.py:558:  Executing command: ['/bin/umount', '-n', '-l', '/var/lib/mock/alma+epel-10-x86_64/root/dev/shm'] with env {'TERM': 'vt100', 'SHELL': '/bin/sh', 'HOME': '/builddir', 'HOSTNAME': 'mock', 'PATH': '/usr/bin:/bin:/usr/sbin:/sbin', 'LANG': 'C.UTF-8'} and shell False
DEBUG util.py:610:  Child return code was: 0
DEBUG util.py:636:  child environment: None
DEBUG util.py:558:  Executing command: ['/bin/umount', '-n', '-l', '/var/lib/mock/alma+epel-10-x86_64/root/sys'] with env {'TERM': 'vt100', 'SHELL': '/bin/sh', 'HOME': '/builddir', 'HOSTNAME': 'mock', 'PATH': '/usr/bin:/bin:/usr/sbin:/sbin', 'LANG': 'C.UTF-8'} and shell False
DEBUG util.py:610:  Child return code was: 0
DEBUG util.py:636:  child environment: None
DEBUG util.py:558:  Executing command: ['/bin/umount', '-n', '-l', '/var/lib/mock/alma+epel-10-x86_64/root/sys'] with env {'TERM': 'vt100', 'SHELL': '/bin/sh', 'HOME': '/builddir', 'HOSTNAME': 'mock', 'PATH': '/usr/bin:/bin:/usr/sbin:/sbin', 'LANG': 'C.UTF-8'} and shell False
DEBUG util.py:610:  Child return code was: 0
DEBUG util.py:636:  child environment: None
DEBUG util.py:558:  Executing command: ['/bin/umount', '-n', '-l', '/var/lib/mock/alma+epel-10-x86_64/root/proc'] with env {'TERM': 'vt100', 'SHELL': '/bin/sh', 'HOME': '/builddir', 'HOSTNAME': 'mock', 'PATH': '/usr/bin:/bin:/usr/sbin:/sbin', 'LANG': 'C.UTF-8'} and shell False
DEBUG util.py:610:  Child return code was: 0
DEBUG util.py:636:  child environment: None
DEBUG util.py:558:  Executing command: ['/bin/umount', '-n', '-l', '/var/lib/mock/alma+epel-10-x86_64/root/proc'] with env {'TERM': 'vt100', 'SHELL': '/bin/sh', 'HOME': '/builddir', 'HOSTNAME': 'mock', 'PATH': '/usr/bin:/bin:/usr/sbin:/sbin', 'LANG': 'C.UTF-8'} and shell False
DEBUG util.py:610:  Child return code was: 0
DEBUG file_util.py:17:  ensuring that dir exists: /var/lib/mock/alma+epel-10-x86_64-bootstrap/root/var/lib/mock/alma+epel-10-x86_64/root
DEBUG util.py:636:  child environment: None
DEBUG util.py:558:  Executing command: ['/bin/mount', '-n', '-t', 'tmpfs', '-o', 'private,mode=0755', 'tmpfs', '/var/lib/mock/alma+epel-10-x86_64-bootstrap/root/var/lib/mock/alma+epel-10-x86_64/root'] with env {'TERM': 'vt100', 'SHELL': '/bin/sh', 'HOME': '/builddir', 'HOSTNAME': 'mock', 'PATH': '/usr/bin:/bin:/usr/sbin:/sbin', 'LANG': 'C.UTF-8'} and shell False
DEBUG util.py:610:  Child return code was: 0
DEBUG file_util.py:17:  ensuring that dir exists: /var/lib/mock/alma+epel-10-x86_64-bootstrap/root/var/lib/mock/alma+epel-10-x86_64/root
DEBUG util.py:636:  child environment: None
DEBUG util.py:558:  Executing command: ['/bin/mount', '-n', '-o', 'rbind', '/var/lib/mock/alma+epel-10-x86_64/root', '/var/lib/mock/alma+epel-10-x86_64-bootstrap/root/var/lib/mock/alma+epel-10-x86_64/root'] with env {'TERM': 'vt100', 'SHELL': '/bin/sh', 'HOME': '/builddir', 'HOSTNAME': 'mock', 'PATH': '/usr/bin:/bin:/usr/sbin:/sbin', 'LANG': 'C.UTF-8'} and shell False
DEBUG util.py:610:  Child return code was: 0
DEBUG util.py:636:  child environment: None
DEBUG util.py:558:  Executing command: ['/bin/mount', '-n', '-o', 'remount,private,rbind', '--target', '/var/lib/mock/alma+epel-10-x86_64-bootstrap/root/var/lib/mock/alma+epel-10-x86_64/root'] with env {'TERM': 'vt100', 'SHELL': '/bin/sh', 'HOME': '/builddir', 'HOSTNAME': 'mock', 'PATH': '/usr/bin:/bin:/usr/sbin:/sbin', 'LANG': 'C.UTF-8'} and shell False
DEBUG util.py:610:  Child return code was: 0
DEBUG util.py:636:  child environment: None
DEBUG util.py:553:  Using nspawn with args ['--capability=cap_ipc_lock', '--bind=/tmp/mock-resolv.tv3e0mrh:/etc/resolv.conf']
DEBUG util.py:558:  Executing command: ['/usr/bin/systemd-nspawn', '-q', '-M', '1f6328af84c14b578001c293034b4f9b', '-D', '/var/lib/mock/alma+epel-10-x86_64-bootstrap/root', '-a', '--capability=cap_ipc_lock', '--bind=/tmp/mock-resolv.tv3e0mrh:/etc/resolv.conf', '--console=pipe', '--setenv=TERM=vt100', '--setenv=SHELL=/bin/bash', '--setenv=HOME=/builddir', '--setenv=HOSTNAME=mock', '--setenv=PATH=/usr/bin:/bin:/usr/sbin:/sbin', '--setenv=PROMPT_COMMAND=printf "\\033]0;<mock-chroot>\\007"', '--setenv=PS1=<mock-chroot> \\s-\\v\\$ ', '--setenv=LANG=C.UTF-8', '--resolv-conf=off', '/bin/rpm', '-qa', '--root', '/var/lib/mock/alma+epel-10-x86_64/root'] with env {'TERM': 'vt100', 'SHELL': '/bin/bash', 'HOME': '/builddir', 'HOSTNAME': 'mock', 'PATH': '/usr/bin:/bin:/usr/sbin:/sbin', 'PROMPT_COMMAND': 'printf "\\033]0;<mock-chroot>\\007"', 'PS1': '<mock-chroot> \\s-\\v\\$ ', 'LANG': 'C.UTF-8', 'SYSTEMD_NSPAWN_TMPFS_TMP': '0', 'SYSTEMD_SECCOMP': '0'} and shell False
DEBUG util.py:463:  gpg-pubkey-c2a1e572-668fe8ef
DEBUG util.py:463:  gpg-pubkey-e37ed158-65785fa9
DEBUG util.py:463:  libgcc-14.3.1-2.1.el10.alma.1.x86_64
DEBUG util.py:463:  ghc-srpm-macros-1.9.2-1.el10_0.noarch
DEBUG util.py:463:  fpc-srpm-macros-1.3-7.el10_1.noarch
DEBUG util.py:463:  ansible-srpm-macros-1-16.1.el10_0.noarch
DEBUG util.py:463:  rust-toolset-srpm-macros-1.88.0-1.el10.alma.1.noarch
DEBUG util.py:463:  qt6-srpm-macros-6.9.1-1.el10.noarch
DEBUG util.py:463:  perl-srpm-macros-1-57.el10.noarch
DEBUG util.py:463:  package-notes-srpm-macros-0.5-13.el10.noarch
DEBUG util.py:463:  openblas-srpm-macros-2-19.el10.noarch
DEBUG util.py:463:  ocaml-srpm-macros-10-4.el10.noarch
DEBUG util.py:463:  kernel-srpm-macros-1.0-25.el10.noarch
DEBUG util.py:463:  publicsuffix-list-dafsa-20240107-5.el10.noarch
DEBUG util.py:463:  pkgconf-m4-2.1.0-3.el10.noarch
DEBUG util.py:463:  pcre2-syntax-10.44-1.el10.3.noarch
DEBUG util.py:463:  ncurses-base-6.4-15.20240127.el10_1.noarch
DEBUG util.py:463:  libssh-config-0.11.1-5.el10_1.noarch
DEBUG util.py:463:  coreutils-common-9.5-6.el10.x86_64
DEBUG util.py:463:  almalinux-gpg-keys-10.1-16.el10.x86_64
DEBUG util.py:463:  almalinux-release-10.1-16.el10.x86_64
DEBUG util.py:463:  almalinux-repos-10.1-16.el10.x86_64
DEBUG util.py:463:  setup-2.14.5-7.el10.noarch
DEBUG util.py:463:  filesystem-3.18-17.el10.x86_64
DEBUG util.py:463:  basesystem-11-22.el10.noarch
DEBUG util.py:463:  glibc-gconv-extra-2.39-58.el10_1.7.alma.1.x86_64
DEBUG util.py:463:  ncurses-libs-6.4-15.20240127.el10_1.x86_64
DEBUG util.py:463:  glibc-2.39-58.el10_1.7.alma.1.x86_64
DEBUG util.py:463:  bash-5.2.26-6.el10.x86_64
DEBUG util.py:463:  glibc-common-2.39-58.el10_1.7.alma.1.x86_64
DEBUG util.py:463:  glibc-minimal-langpack-2.39-58.el10_1.7.alma.1.x86_64
DEBUG util.py:463:  zlib-ng-compat-2.2.3-3.el10_1.x86_64
DEBUG util.py:463:  bzip2-libs-1.0.8-25.el10.x86_64
DEBUG util.py:463:  xz-libs-5.6.2-4.el10_0.x86_64
DEBUG util.py:463:  libstdc++-14.3.1-2.1.el10.alma.1.x86_64
DEBUG util.py:463:  libuuid-2.40.2-15.el10_1.x86_64
DEBUG util.py:463:  popt-1.19-8.el10.x86_64
DEBUG util.py:463:  readline-8.2-11.el10.x86_64
DEBUG util.py:463:  libblkid-2.40.2-15.el10_1.x86_64
DEBUG util.py:463:  gmp-6.2.1-12.el10.x86_64
DEBUG util.py:463:  libattr-2.5.2-5.el10.x86_64
DEBUG util.py:463:  libacl-2.3.2-4.el10.x86_64
DEBUG util.py:463:  libxcrypt-4.4.36-10.el10.x86_64
DEBUG util.py:463:  libzstd-1.5.5-9.el10.x86_64
DEBUG util.py:463:  elfutils-libelf-0.193-1.el10.x86_64
DEBUG util.py:463:  crypto-policies-20250905-2.gitc7eb7b2.el10_1.1.noarch
DEBUG util.py:463:  gdbm-libs-1.23-12.el10_0.x86_64
DEBUG util.py:463:  libeconf-0.6.2-4.el10.x86_64
DEBUG util.py:463:  dwz-0.16-1.el10.x86_64
DEBUG util.py:463:  mpfr-4.2.1-5.el10.x86_64
DEBUG util.py:463:  gawk-5.3.0-6.el10.x86_64
DEBUG util.py:463:  unzip-6.0-69.el10.x86_64
DEBUG util.py:463:  file-libs-5.45-8.el10.x86_64
DEBUG util.py:463:  file-5.45-8.el10.x86_64
DEBUG util.py:463:  alternatives-1.30-2.el10.x86_64
DEBUG util.py:463:  jansson-2.14-3.el10.x86_64
DEBUG util.py:463:  libcap-ng-0.8.4-6.el10.x86_64
DEBUG util.py:463:  audit-libs-4.0.3-4.el10.x86_64
DEBUG util.py:463:  pam-libs-1.6.1-8.el10.x86_64
DEBUG util.py:463:  libcap-2.69-7.el10.x86_64
DEBUG util.py:463:  systemd-libs-257-13.el10.alma.1.x86_64
DEBUG util.py:463:  libffi-3.4.4-10.el10.x86_64
DEBUG util.py:463:  libsepol-3.9-1.el10.x86_64
DEBUG util.py:463:  libsmartcols-2.40.2-15.el10_1.x86_64
DEBUG util.py:463:  libtasn1-4.20.0-1.el10.x86_64
DEBUG util.py:463:  libunistring-1.1-10.el10.x86_64
DEBUG util.py:463:  libidn2-2.3.7-3.el10.x86_64
DEBUG util.py:463:  lua-libs-5.4.6-7.el10.x86_64
DEBUG util.py:463:  lz4-libs-1.9.4-8.el10.x86_64
DEBUG util.py:463:  pcre2-10.44-1.el10.3.x86_64
DEBUG util.py:463:  libselinux-3.9-1.el10.x86_64
DEBUG util.py:463:  sed-4.9-3.el10.x86_64
DEBUG util.py:463:  findutils-4.10.0-5.el10.x86_64
DEBUG util.py:463:  grep-3.11-10.el10.x86_64
DEBUG util.py:463:  xz-5.6.2-4.el10_0.x86_64
DEBUG util.py:463:  libmount-2.40.2-15.el10_1.x86_64
DEBUG util.py:463:  util-linux-core-2.40.2-15.el10_1.x86_64
DEBUG util.py:463:  libsemanage-3.9-1.el10.x86_64
DEBUG util.py:463:  shadow-utils-4.15.0-10.el10_1.x86_64
DEBUG util.py:463:  libutempter-1.2.1-15.el10.x86_64
DEBUG util.py:463:  tar-1.35-9.el10_1.x86_64
DEBUG util.py:463:  zstd-1.5.5-9.el10.x86_64
DEBUG util.py:463:  libpsl-0.21.5-6.el10.x86_64
DEBUG util.py:463:  p11-kit-0.25.5-7.el10.x86_64
DEBUG util.py:463:  p11-kit-trust-0.25.5-7.el10.x86_64
DEBUG util.py:463:  openssl-fips-provider-3.5.1-7.el10_1.alma.1.x86_64
DEBUG util.py:463:  openssl-libs-3.5.1-7.el10_1.alma.1.x86_64
DEBUG util.py:463:  coreutils-9.5-6.el10.x86_64
DEBUG util.py:463:  ca-certificates-2025.2.80_v9.0.305-102.el10_1.noarch
DEBUG util.py:463:  authselect-libs-1.5.0-8.el10.x86_64
DEBUG util.py:463:  gzip-1.13-3.el10.x86_64
DEBUG util.py:463:  cracklib-2.9.11-8.el10.x86_64
DEBUG util.py:463:  cracklib-dicts-2.9.11-8.el10.x86_64
DEBUG util.py:463:  libpwquality-1.4.5-12.el10.x86_64
DEBUG util.py:463:  libevent-2.1.12-16.el10.x86_64
DEBUG util.py:463:  rpm-sequoia-1.9.0.3-1.el10_1.x86_64
DEBUG util.py:463:  zip-3.0-45.el10.x86_64
DEBUG util.py:463:  cyrus-sasl-lib-2.1.28-29.el10.x86_64
DEBUG util.py:463:  openldap-2.6.9-1.el10.x86_64
DEBUG util.py:463:  gdbm-1.23-12.el10_0.x86_64
DEBUG util.py:463:  pam-1.6.1-8.el10.x86_64
DEBUG util.py:463:  libfdisk-2.40.2-15.el10_1.x86_64
DEBUG util.py:463:  libxml2-2.12.5-9.el10_0.x86_64
DEBUG util.py:463:  libarchive-3.7.7-5.el10_1.x86_64
DEBUG util.py:463:  bzip2-1.0.8-25.el10.x86_64
DEBUG util.py:463:  sqlite-libs-3.46.1-5.el10_1.x86_64
DEBUG util.py:463:  rpm-libs-4.19.1.1-20.el10.alma.1.x86_64
DEBUG util.py:463:  ed-1.20-5.el10.x86_64
DEBUG util.py:463:  patch-2.7.6-26.el10.x86_64
DEBUG util.py:463:  elfutils-default-yama-scope-0.193-1.el10.noarch
DEBUG util.py:463:  cpio-2.15-3.el10.x86_64
DEBUG util.py:463:  diffutils-3.10-8.el10.x86_64
DEBUG util.py:463:  json-c-0.18-3.el10.x86_64
DEBUG util.py:463:  keyutils-libs-1.6.3-5.el10.x86_64
DEBUG util.py:463:  libbrotli-1.1.0-7.el10_1.x86_64
DEBUG util.py:463:  libcom_err-1.47.1-4.el10.x86_64
DEBUG util.py:463:  libgomp-14.3.1-2.1.el10.alma.1.x86_64
DEBUG util.py:463:  libnghttp2-1.64.0-2.el10.x86_64
DEBUG util.py:463:  libpkgconf-2.1.0-3.el10.x86_64
DEBUG util.py:463:  pkgconf-2.1.0-3.el10.x86_64
DEBUG util.py:463:  pkgconf-pkg-config-2.1.0-3.el10.x86_64
DEBUG util.py:463:  libverto-0.3.2-10.el10.x86_64
DEBUG util.py:463:  krb5-libs-1.21.3-8.el10_0.x86_64
DEBUG util.py:463:  libssh-0.11.1-5.el10_1.x86_64
DEBUG util.py:463:  libcurl-8.12.1-2.el10_1.2.x86_64
DEBUG util.py:463:  elfutils-libs-0.193-1.el10.x86_64
DEBUG util.py:463:  elfutils-debuginfod-client-0.193-1.el10.x86_64
DEBUG util.py:463:  binutils-gold-2.41-58.el10_1.2.alma.1.x86_64
DEBUG util.py:463:  binutils-2.41-58.el10_1.2.alma.1.x86_64
DEBUG util.py:463:  elfutils-0.193-1.el10.x86_64
DEBUG util.py:463:  gdb-minimal-16.3-2.el10.x86_64
DEBUG util.py:463:  debugedit-5.1-8.el10.x86_64
DEBUG util.py:463:  rpm-build-libs-4.19.1.1-20.el10.alma.1.x86_64
DEBUG util.py:463:  curl-8.12.1-2.el10_1.2.x86_64
DEBUG util.py:463:  rpm-4.19.1.1-20.el10.alma.1.x86_64
DEBUG util.py:463:  efi-srpm-macros-6-6.el10.alma.1.noarch
DEBUG util.py:463:  lua-srpm-macros-1-15.el10.noarch
DEBUG util.py:463:  fonts-srpm-macros-2.0.5-18.el10.noarch
DEBUG util.py:463:  forge-srpm-macros-0.4.0-6.el10.noarch
DEBUG util.py:463:  go-srpm-macros-3.6.0-7.el10_1.noarch
DEBUG util.py:463:  python-srpm-macros-3.12-10.el10.noarch
DEBUG util.py:463:  redhat-rpm-config-293-1.el10.alma.2.noarch
DEBUG util.py:463:  rpm-build-4.19.1.1-20.el10.alma.1.x86_64
DEBUG util.py:463:  pyproject-srpm-macros-1.16.2-1.el10.noarch
DEBUG util.py:463:  R-srpm-macros-1.3.7-1.el10_1.noarch
DEBUG util.py:463:  epel-rpm-macros-10-7.el10_1.noarch
DEBUG util.py:463:  util-linux-2.40.2-15.el10_1.x86_64
DEBUG util.py:463:  authselect-1.5.0-8.el10.x86_64
DEBUG util.py:463:  which-2.21-44.el10_0.x86_64
DEBUG util.py:463:  info-7.1-6.el10.x86_64
DEBUG util.py:463:  libgpg-error-1.50-2.el10.x86_64
DEBUG util.py:463:  libmpc-1.3.1-7.el10.x86_64
DEBUG util.py:463:  make-4.4.1-9.el10.x86_64
DEBUG util.py:463:  expat-2.7.1-1.el10_1.3.x86_64
DEBUG util.py:463:  cpp-14.3.1-2.1.el10.alma.1.x86_64
DEBUG util.py:463:  libassuan-2.5.6-6.el10.x86_64
DEBUG util.py:463:  libgcrypt-1.11.0-5.el10.x86_64
DEBUG util.py:463:  libksba-1.6.7-2.el10.x86_64
DEBUG util.py:463:  pcre2-utf32-10.44-1.el10.3.x86_64
DEBUG util.py:463:  pcre2-utf16-10.44-1.el10.3.x86_64
DEBUG util.py:463:  libstdc++-devel-14.3.1-2.1.el10.alma.1.x86_64
DEBUG util.py:463:  kernel-headers-6.12.0-124.47.1.el10_1.x86_64
DEBUG util.py:463:  libxcrypt-devel-4.4.36-10.el10.x86_64
DEBUG util.py:463:  glibc-devel-2.39-58.el10_1.7.alma.1.x86_64
DEBUG util.py:463:  gcc-14.3.1-2.1.el10.alma.1.x86_64
DEBUG util.py:463:  gcc-c++-14.3.1-2.1.el10.alma.1.x86_64
DEBUG util.py:463:  cmake-filesystem-3.30.5-3.el10_0.x86_64
DEBUG util.py:463:  annobin-docs-12.99-1.el10.noarch
DEBUG util.py:463:  tzdata-2026a-1.el10.noarch
DEBUG util.py:463:  tpm2-tss-4.1.3-5.el10.x86_64
DEBUG util.py:463:  python3-pip-wheel-23.3.2-7.el10.noarch
DEBUG util.py:463:  npth-1.6-21.el10.x86_64
DEBUG util.py:463:  ncurses-6.4-15.20240127.el10_1.x86_64
DEBUG util.py:463:  mpdecimal-2.5.1-12.el10.x86_64
DEBUG util.py:463:  python3-3.12.12-3.el10_1.2.x86_64
DEBUG util.py:463:  python3-libs-3.12.12-3.el10_1.2.x86_64
DEBUG util.py:463:  python3-pyparsing-3.1.1-7.el10.noarch
DEBUG util.py:463:  systemtap-sdt-dtrace-5.3-3b.el10.x86_64
DEBUG util.py:463:  systemtap-sdt-devel-5.3-3b.el10.x86_64
DEBUG util.py:463:  libseccomp-2.5.6-1.el10.x86_64
DEBUG util.py:463:  groff-base-1.23.0-10.el10.x86_64
DEBUG util.py:463:  perl-Digest-1.20-511.el10.noarch
DEBUG util.py:463:  perl-Digest-MD5-2.59-6.el10.x86_64
DEBUG util.py:463:  perl-B-1.89-512.2.el10_0.x86_64
DEBUG util.py:463:  perl-FileHandle-2.05-512.2.el10_0.noarch
DEBUG util.py:463:  perl-Data-Dumper-2.189-512.el10.x86_64
DEBUG util.py:463:  perl-libnet-3.15-512.el10.noarch
DEBUG util.py:463:  perl-AutoLoader-5.74-512.2.el10_0.noarch
DEBUG util.py:463:  perl-Class-Struct-0.68-512.2.el10_0.noarch
DEBUG util.py:463:  perl-locale-1.12-512.2.el10_0.noarch
DEBUG util.py:463:  perl-URI-5.27-3.el10.noarch
DEBUG util.py:463:  perl-Socket-2.038-511.el10.x86_64
DEBUG util.py:463:  perl-SelectSaver-1.02-512.2.el10_0.noarch
DEBUG util.py:463:  perl-Term-ANSIColor-5.01-512.el10.noarch
DEBUG util.py:463:  perl-Text-Tabs+Wrap-2024.001-511.el10.noarch
DEBUG util.py:463:  perl-base-2.27-512.2.el10_0.noarch
DEBUG util.py:463:  perl-Mozilla-CA-20231213-5.el10.noarch
DEBUG util.py:463:  perl-if-0.61.000-512.2.el10_0.noarch
DEBUG util.py:463:  perl-POSIX-2.20-512.2.el10_0.x86_64
DEBUG util.py:463:  perl-mro-1.29-512.2.el10_0.x86_64
DEBUG util.py:463:  perl-IO-Socket-IP-0.42-512.el10.noarch
DEBUG util.py:463:  perl-File-stat-1.14-512.2.el10_0.noarch
DEBUG util.py:463:  perl-overloading-0.02-512.2.el10_0.noarch
DEBUG util.py:463:  perl-Time-Local-1.350-511.el10.noarch
DEBUG util.py:463:  perl-File-Path-2.18-511.el10.noarch
DEBUG util.py:463:  perl-IO-Socket-SSL-2.085-3.el10.noarch
DEBUG util.py:463:  perl-Net-SSLeay-1.94-8.el10.x86_64
DEBUG util.py:463:  perl-Pod-Escapes-1.07-511.el10.noarch
DEBUG util.py:463:  perl-Term-Cap-1.18-511.el10.noarch
DEBUG util.py:463:  perl-Pod-Usage-2.03-511.el10.noarch
DEBUG util.py:463:  perl-Errno-1.38-512.2.el10_0.x86_64
DEBUG util.py:463:  perl-Fcntl-1.18-512.2.el10_0.x86_64
DEBUG util.py:463:  perl-File-Basename-2.86-512.2.el10_0.noarch
DEBUG util.py:463:  perl-Getopt-Std-1.14-512.2.el10_0.noarch
DEBUG util.py:463:  perl-MIME-Base64-3.16-511.el10.x86_64
DEBUG util.py:463:  perl-Scalar-List-Utils-1.63-511.el10.x86_64
DEBUG util.py:463:  perl-Symbol-1.09-512.2.el10_0.noarch
DEBUG util.py:463:  perl-Text-ParseWords-3.31-511.el10.noarch
DEBUG util.py:463:  perl-constant-1.33-512.el10.noarch
DEBUG util.py:463:  perl-IPC-Open3-1.22-512.2.el10_0.noarch
DEBUG util.py:463:  perl-Storable-3.32-511.el10.x86_64
DEBUG util.py:463:  perl-IO-1.55-512.2.el10_0.x86_64
DEBUG util.py:463:  perl-overload-1.37-512.2.el10_0.noarch
DEBUG util.py:463:  perl-parent-0.241-512.el10.noarch
DEBUG util.py:463:  perl-File-Temp-0.231.100-512.el10.noarch
DEBUG util.py:463:  perl-HTTP-Tiny-0.088-512.el10.noarch
DEBUG util.py:463:  perl-vars-1.05-512.2.el10_0.noarch
DEBUG util.py:463:  perl-Pod-Simple-3.45-511.el10.noarch
DEBUG util.py:463:  perl-Getopt-Long-2.58-3.el10.noarch
DEBUG util.py:463:  perl-podlators-5.01-511.el10.noarch
DEBUG util.py:463:  perl-Carp-1.54-511.el10.noarch
DEBUG util.py:463:  perl-Exporter-5.78-511.el10.noarch
DEBUG util.py:463:  perl-GDBM_File-1.24-512.2.el10_0.x86_64
DEBUG util.py:463:  perl-NDBM_File-1.17-512.2.el10_0.x86_64
DEBUG util.py:463:  perl-ODBM_File-1.18-512.2.el10_0.x86_64
DEBUG util.py:463:  perl-PathTools-3.91-512.el10.x86_64
DEBUG util.py:463:  perl-DynaLoader-1.56-512.2.el10_0.x86_64
DEBUG util.py:463:  perl-Encode-3.21-511.el10.x86_64
DEBUG util.py:463:  perl-libs-5.40.2-512.2.el10_0.x86_64
DEBUG util.py:463:  perl-Pod-Perldoc-3.28.01-512.el10.noarch
DEBUG util.py:463:  perl-doc-5.40.2-512.2.el10_0.noarch
DEBUG util.py:463:  perl-interpreter-5.40.2-512.2.el10_0.x86_64
DEBUG util.py:463:  perl-File-Find-1.44-512.2.el10_0.noarch
DEBUG util.py:463:  perl-version-0.99.32-4.el10.x86_64
DEBUG util.py:463:  perl-File-Copy-2.41-512.2.el10_0.noarch
DEBUG util.py:463:  perl-Time-HiRes-1.9777-511.el10.x86_64
DEBUG util.py:463:  perl-ExtUtils-Manifest-1.75-511.el10.noarch
DEBUG util.py:463:  perl-threads-2.40-511.el10.x86_64
DEBUG util.py:463:  perl-threads-shared-1.69-511.el10.x86_64
DEBUG util.py:463:  perl-CPAN-Meta-Requirements-2.143-11.el10.noarch
DEBUG util.py:463:  perl-ExtUtils-ParseXS-3.51-512.el10.noarch
DEBUG util.py:463:  perl-Compress-Raw-Zlib-2.212-512.el10.x86_64
DEBUG util.py:463:  perl-File-Compare-1.100.800-512.2.el10_0.noarch
DEBUG util.py:463:  perl-lib-0.65-512.2.el10_0.x86_64
DEBUG util.py:463:  perl-Module-CoreList-5.20250120-1.el10.noarch
DEBUG util.py:463:  perl-Module-Metadata-1.000038-512.el10.noarch
DEBUG util.py:463:  perl-Digest-SHA-6.04-512.el10.x86_64
DEBUG util.py:463:  perl-Devel-Peek-1.34-512.2.el10_0.x86_64
DEBUG util.py:463:  perl-Filter-1.64-512.el10.x86_64
DEBUG util.py:463:  perl-Module-Load-0.36-511.el10.noarch
DEBUG util.py:463:  perl-Perl-OSType-1.010-512.el10.noarch
DEBUG util.py:463:  perl-Term-ReadLine-1.17-512.2.el10_0.noarch
DEBUG util.py:463:  perl-Term-Table-0.018-513.el10.noarch
DEBUG util.py:463:  perl-Tie-4.6-512.2.el10_0.noarch
DEBUG util.py:463:  perl-Unicode-Normalize-1.32-511.el10.x86_64
DEBUG util.py:463:  perl-meta-notation-5.40.2-512.2.el10_0.noarch
DEBUG util.py:463:  perl-encoding-3.00-511.el10.x86_64
DEBUG util.py:463:  perl-Dumpvalue-2.27-512.2.el10_0.noarch
DEBUG util.py:463:  perl-Net-Ping-2.76-511.el10.noarch
DEBUG util.py:463:  perl-ExtUtils-Command-7.70-513.el10.noarch
DEBUG util.py:463:  perl-Pod-Html-1.35-512.2.el10_0.noarch
DEBUG util.py:463:  perl-AutoSplit-5.74-512.2.el10_0.noarch
DEBUG util.py:463:  perl-Benchmark-1.25-512.2.el10_0.noarch
DEBUG util.py:463:  perl-Test-Harness-3.48-512.el10.noarch
DEBUG util.py:463:  perl-CPAN-Meta-YAML-0.018-512.el10.noarch
DEBUG util.py:463:  perl-Compress-Raw-Bzip2-2.212-512.el10.x86_64
DEBUG util.py:463:  perl-IO-Compress-2.212-512.el10.noarch
DEBUG util.py:463:  perl-IO-Zlib-1.15-511.el10.noarch
DEBUG util.py:463:  perl-Devel-PPPort-3.72-512.el10.x86_64
DEBUG util.py:463:  perl-DirHandle-1.05-512.2.el10_0.noarch
DEBUG util.py:463:  perl-ExtUtils-Constant-0.25-512.2.el10_0.noarch
DEBUG util.py:463:  perl-ExtUtils-MM-Utils-7.70-513.el10.noarch
DEBUG util.py:463:  perl-Hash-Util-FieldHash-1.27-512.2.el10_0.x86_64
DEBUG util.py:463:  perl-Hash-Util-0.32-512.2.el10_0.x86_64
DEBUG util.py:463:  perl-I18N-LangTags-0.45-512.2.el10_0.noarch
DEBUG util.py:463:  perl-Locale-Maketext-1.33-512.el10.noarch
DEBUG util.py:463:  perl-Locale-Maketext-Simple-0.21-512.2.el10_0.noarch
DEBUG util.py:463:  perl-Params-Check-0.38-511.el10.noarch
DEBUG util.py:463:  perl-Module-Load-Conditional-0.74-511.el10.noarch
DEBUG util.py:463:  perl-IPC-Cmd-1.04-512.el10.noarch
DEBUG util.py:463:  perl-Math-Complex-1.62-512.2.el10_0.noarch
DEBUG util.py:463:  perl-Math-BigInt-2.0030.03-3.el10.noarch
DEBUG util.py:463:  perl-JSON-PP-4.16-512.el10.noarch
DEBUG util.py:463:  perl-CPAN-Meta-2.150010-511.el10.noarch
DEBUG util.py:463:  perl-ExtUtils-Install-2.22-511.el10.noarch
DEBUG util.py:463:  perl-devel-5.40.2-512.2.el10_0.x86_64
DEBUG util.py:463:  perl-ExtUtils-MakeMaker-7.70-513.el10.noarch
DEBUG util.py:463:  perl-ExtUtils-CBuilder-0.280240-511.el10.noarch
DEBUG util.py:463:  perl-ExtUtils-Embed-1.35-512.2.el10_0.noarch
DEBUG util.py:463:  perl-Test-Simple-1.302199-513.el10.noarch
DEBUG util.py:463:  perl-Params-Util-1.102-19.el10.x86_64
DEBUG util.py:463:  perl-SelfLoader-1.27-512.2.el10_0.noarch
DEBUG util.py:463:  perl-Sub-Install-0.929-8.el10.noarch
DEBUG util.py:463:  perl-Sys-Hostname-1.25-512.2.el10_0.x86_64
DEBUG util.py:463:  perl-Text-Balanced-2.06-511.el10.noarch
DEBUG util.py:463:  perl-Tie-RefHash-1.40-511.el10.noarch
DEBUG util.py:463:  perl-User-pwent-1.05-512.2.el10_0.noarch
DEBUG util.py:463:  perl-autouse-1.11-512.2.el10_0.noarch
DEBUG util.py:463:  perl-subs-1.04-512.2.el10_0.noarch
DEBUG util.py:463:  perl-Opcode-1.65-512.2.el10_0.x86_64
DEBUG util.py:463:  perl-Safe-2.46-512.2.el10_0.noarch
DEBUG util.py:463:  perl-Filter-Simple-0.96-511.el10.noarch
DEBUG util.py:463:  perl-Data-OptList-0.114-7.el10.noarch
DEBUG util.py:463:  perl-Devel-SelfStubber-1.06-512.2.el10_0.noarch
DEBUG util.py:463:  perl-Test2-Suite-0.000163-4.el10.noarch
DEBUG util.py:463:  perl-ExtUtils-Miniperl-1.14-512.2.el10_0.noarch
DEBUG util.py:463:  perl-libnetcfg-5.40.2-512.2.el10_0.noarch
DEBUG util.py:463:  perl-Encode-devel-3.21-511.el10.x86_64
DEBUG util.py:463:  perl-inc-latest-0.500-30.el10.noarch
DEBUG util.py:463:  perl-Math-BigInt-FastCalc-0.501.800-511.el10.x86_64
DEBUG util.py:463:  perl-bignum-0.67-512.el10.noarch
DEBUG util.py:463:  perl-File-Fetch-1.04-511.el10.noarch
DEBUG util.py:463:  perl-fields-2.27-512.2.el10_0.noarch
DEBUG util.py:463:  perl-DBM_Filter-0.06-512.2.el10_0.noarch
DEBUG util.py:463:  perl-open-1.13-512.2.el10_0.noarch
DEBUG util.py:463:  perl-debugger-1.60-512.2.el10_0.noarch
DEBUG util.py:463:  perl-sigtrap-1.10-512.2.el10_0.noarch
DEBUG util.py:463:  perl-Unicode-Collate-1.31-511.el10.x86_64
DEBUG util.py:463:  perl-Unicode-UCD-0.78-512.2.el10_0.noarch
DEBUG util.py:463:  perl-Env-1.06-511.el10.noarch
DEBUG util.py:463:  perl-Module-CoreList-tools-5.20250120-1.el10.noarch
DEBUG util.py:463:  perl-Archive-Zip-1.68-17.el10.noarch
DEBUG util.py:463:  perl-Thread-3.05-512.2.el10_0.noarch
DEBUG util.py:463:  perl-Thread-Queue-3.14-511.el10.noarch
DEBUG util.py:463:  perl-Thread-Semaphore-2.13-512.2.el10_0.noarch
DEBUG util.py:463:  perl-experimental-0.032-511.el10.noarch
DEBUG util.py:463:  perl-Pod-Checker-1.77-511.el10.noarch
DEBUG util.py:463:  perl-diagnostics-1.40-512.2.el10_0.noarch
DEBUG util.py:463:  perl-macros-5.40.2-512.2.el10_0.noarch
DEBUG util.py:463:  perl-utils-5.40.2-512.2.el10_0.noarch
DEBUG util.py:463:  perl-Algorithm-Diff-1.2010-14.el10.noarch
DEBUG util.py:463:  perl-Text-Diff-1.45-24.el10.noarch
DEBUG util.py:463:  perl-Attribute-Handlers-1.03-512.2.el10_0.noarch
DEBUG util.py:463:  perl-Compress-Bzip2-2.28-21.el10.x86_64
DEBUG util.py:463:  perl-Compress-Raw-Lzma-2.212-3.el10.x86_64
DEBUG util.py:463:  perl-IO-Compress-Lzma-2.206-7.el10.noarch
DEBUG util.py:463:  perl-Archive-Tar-3.02-512.el10.noarch
DEBUG util.py:463:  perl-Config-Extensions-0.03-512.2.el10_0.noarch
DEBUG util.py:463:  perl-Config-Perl-V-0.36-512.el10.noarch
DEBUG util.py:463:  perl-Devel-Size-0.84-3.el10.x86_64
DEBUG util.py:463:  perl-English-1.11-512.2.el10_0.noarch
DEBUG util.py:463:  perl-File-DosGlob-1.12-512.2.el10_0.x86_64
DEBUG util.py:463:  perl-File-Which-1.27-14.el10.noarch
DEBUG util.py:463:  perl-File-HomeDir-1.006-15.el10.noarch
DEBUG util.py:463:  perl-FileCache-1.10-512.2.el10_0.noarch
DEBUG util.py:463:  perl-FindBin-1.54-512.2.el10_0.noarch
DEBUG util.py:463:  perl-I18N-Collate-1.02-512.2.el10_0.noarch
DEBUG util.py:463:  perl-I18N-Langinfo-0.24-512.2.el10_0.x86_64
DEBUG util.py:463:  perl-IPC-SysV-2.09-512.el10.x86_64
DEBUG util.py:463:  perl-IPC-System-Simple-1.30-16.el10.noarch
DEBUG util.py:463:  perl-autodie-2.37-512.el10.noarch
DEBUG util.py:463:  perl-MRO-Compat-0.15-12.el10.noarch
DEBUG util.py:463:  perl-Memoize-1.16-512.2.el10_0.noarch
DEBUG util.py:463:  perl-Module-Loaded-0.08-512.2.el10_0.noarch
DEBUG util.py:463:  perl-NEXT-0.69-512.2.el10_0.noarch
DEBUG util.py:463:  perl-Net-1.04-512.2.el10_0.noarch
DEBUG util.py:463:  perl-Package-Generator-1.106-34.el10.noarch
DEBUG util.py:463:  perl-Sub-Exporter-0.991-7.el10.noarch
DEBUG util.py:463:  perl-Data-Section-0.200008-8.el10.noarch
DEBUG util.py:463:  perl-PerlIO-via-QuotedPrint-0.10-511.el10.noarch
DEBUG util.py:463:  perl-Pod-Functions-1.14-512.2.el10_0.noarch
DEBUG util.py:463:  perl-Search-Dict-1.07-512.2.el10_0.noarch
DEBUG util.py:463:  perl-Sys-Syslog-0.36-512.el10.x86_64
DEBUG util.py:463:  perl-Term-Complete-1.403-512.2.el10_0.noarch
DEBUG util.py:463:  perl-Test-1.31-512.2.el10_0.noarch
DEBUG util.py:463:  perl-Text-Abbrev-1.02-512.2.el10_0.noarch
DEBUG util.py:463:  perl-Text-Glob-0.11-26.el10.noarch
DEBUG util.py:463:  perl-Text-Template-1.61-8.el10.noarch
DEBUG util.py:463:  perl-Software-License-0.104006-4.el10.noarch
DEBUG util.py:463:  perl-Module-Build-0.42.34-7.el10.noarch
DEBUG util.py:463:  perl-Tie-File-1.09-512.2.el10_0.noarch
DEBUG util.py:463:  perl-Tie-Memoize-1.1-512.2.el10_0.noarch
DEBUG util.py:463:  perl-Time-1.04-512.2.el10_0.noarch
DEBUG util.py:463:  perl-Time-Piece-1.3401-512.2.el10_0.x86_64
DEBUG util.py:463:  perl-blib-1.07-512.2.el10_0.noarch
DEBUG util.py:463:  perl-deprecate-0.04-512.2.el10_0.noarch
DEBUG util.py:463:  perl-encoding-warnings-0.14-512.2.el10_0.noarch
DEBUG util.py:463:  perl-filetest-1.03-512.2.el10_0.noarch
DEBUG util.py:463:  perl-less-0.03-512.2.el10_0.noarch
DEBUG util.py:463:  perl-local-lib-2.000029-9.el10.noarch
DEBUG util.py:463:  perl-perlfaq-5.20240218-511.el10.noarch
DEBUG util.py:463:  perl-ph-5.40.2-512.2.el10_0.x86_64
DEBUG util.py:463:  perl-sort-2.05-512.2.el10_0.noarch
DEBUG util.py:463:  perl-vmsish-1.04-512.2.el10_0.noarch
DEBUG util.py:463:  gnutls-3.8.10-3.el10_1.x86_64
DEBUG util.py:463:  gnupg2-2.4.5-4.el10_1.x86_64
DEBUG util.py:463:  perl-Module-Signature-0.88-12.el10.noarch
DEBUG util.py:463:  perl-CPAN-2.36-514.el10_0.noarch
DEBUG util.py:463:  perl-5.40.2-512.2.el10_0.x86_64
DEBUG util.py:463:  dbus-common-1.14.10-5.el10.noarch
DEBUG util.py:463:  dbus-broker-36-4.el10.x86_64
DEBUG util.py:463:  dbus-1.14.10-5.el10.x86_64
DEBUG util.py:463:  systemd-pam-257-13.el10.alma.1.x86_64
DEBUG util.py:463:  systemd-257-13.el10.alma.1.x86_64
DEBUG util.py:463:  annobin-plugin-gcc-12.99-1.el10.x86_64
DEBUG util.py:463:  zlib-ng-compat-devel-2.2.3-3.el10_1.x86_64
DEBUG util.py:463:  gcc-plugin-annobin-14.3.1-2.1.el10.alma.1.x86_64
DEBUG util.py:463:  pcre2-devel-10.44-1.el10.3.x86_64
DEBUG util.py:463:  openssl-devel-3.5.1-7.el10_1.alma.1.x86_64
DEBUG util.py:463:  libzstd-devel-1.5.5-9.el10.x86_64
DEBUG util.py:463:  systemd-rpm-macros-257-13.el10.alma.1.noarch
DEBUG util.py:610:  Child return code was: 0
DEBUG util.py:185:  kill orphans in chroot /var/lib/mock/alma+epel-10-x86_64/root
DEBUG util.py:185:  kill orphans in chroot /var/lib/mock/alma+epel-10-x86_64-bootstrap/root/var/lib/mock/alma+epel-10-x86_64/root
DEBUG util.py:636:  child environment: None
DEBUG util.py:558:  Executing command: ['/bin/umount', '-n', '-l', '/var/lib/mock/alma+epel-10-x86_64-bootstrap/root/var/lib/mock/alma+epel-10-x86_64/root'] with env {'TERM': 'vt100', 'SHELL': '/bin/sh', 'HOME': '/builddir', 'HOSTNAME': 'mock', 'PATH': '/usr/bin:/bin:/usr/sbin:/sbin', 'LANG': 'C.UTF-8'} and shell False
DEBUG util.py:610:  Child return code was: 0
DEBUG util.py:636:  child environment: None
DEBUG util.py:558:  Executing command: ['/bin/umount', '-n', '-l', '/var/lib/mock/alma+epel-10-x86_64-bootstrap/root/var/lib/mock/alma+epel-10-x86_64/root'] with env {'TERM': 'vt100', 'SHELL': '/bin/sh', 'HOME': '/builddir', 'HOSTNAME': 'mock', 'PATH': '/usr/bin:/bin:/usr/sbin:/sbin', 'LANG': 'C.UTF-8'} and shell False
DEBUG util.py:610:  Child return code was: 0
DEBUG file_util.py:17:  ensuring that dir exists: /var/lib/mock/alma+epel-10-x86_64-bootstrap/root/var/lib/mock/alma+epel-10-x86_64/root
DEBUG util.py:636:  child environment: None
DEBUG util.py:558:  Executing command: ['/bin/mount', '-n', '-t', 'tmpfs', '-o', 'private,mode=0755', 'tmpfs', '/var/lib/mock/alma+epel-10-x86_64-bootstrap/root/var/lib/mock/alma+epel-10-x86_64/root'] with env {'TERM': 'vt100', 'SHELL': '/bin/sh', 'HOME': '/builddir', 'HOSTNAME': 'mock', 'PATH': '/usr/bin:/bin:/usr/sbin:/sbin', 'LANG': 'C.UTF-8'} and shell False
DEBUG util.py:610:  Child return code was: 0
DEBUG file_util.py:17:  ensuring that dir exists: /var/lib/mock/alma+epel-10-x86_64-bootstrap/root/var/lib/mock/alma+epel-10-x86_64/root
DEBUG util.py:636:  child environment: None
DEBUG util.py:558:  Executing command: ['/bin/mount', '-n', '-o', 'rbind', '/var/lib/mock/alma+epel-10-x86_64/root', '/var/lib/mock/alma+epel-10-x86_64-bootstrap/root/var/lib/mock/alma+epel-10-x86_64/root'] with env {'TERM': 'vt100', 'SHELL': '/bin/sh', 'HOME': '/builddir', 'HOSTNAME': 'mock', 'PATH': '/usr/bin:/bin:/usr/sbin:/sbin', 'LANG': 'C.UTF-8'} and shell False
DEBUG util.py:610:  Child return code was: 0
DEBUG util.py:636:  child environment: None
DEBUG util.py:558:  Executing command: ['/bin/mount', '-n', '-o', 'remount,private,rbind', '--target', '/var/lib/mock/alma+epel-10-x86_64-bootstrap/root/var/lib/mock/alma+epel-10-x86_64/root'] with env {'TERM': 'vt100', 'SHELL': '/bin/sh', 'HOME': '/builddir', 'HOSTNAME': 'mock', 'PATH': '/usr/bin:/bin:/usr/sbin:/sbin', 'LANG': 'C.UTF-8'} and shell False
DEBUG util.py:610:  Child return code was: 0
DEBUG util.py:636:  child environment: None
DEBUG util.py:553:  Using nspawn with args ['--capability=cap_ipc_lock', '--bind=/tmp/mock-resolv.tv3e0mrh:/etc/resolv.conf']
DEBUG util.py:558:  Executing command: ['/usr/bin/systemd-nspawn', '-q', '-M', '6b8619433faf4332af58ff64c4878c70', '-D', '/var/lib/mock/alma+epel-10-x86_64-bootstrap/root', '-a', '--capability=cap_ipc_lock', '--bind=/tmp/mock-resolv.tv3e0mrh:/etc/resolv.conf', '--console=pipe', '--setenv=TERM=vt100', '--setenv=SHELL=/bin/bash', '--setenv=HOME=/builddir', '--setenv=HOSTNAME=mock', '--setenv=PATH=/usr/bin:/bin:/usr/sbin:/sbin', '--setenv=PROMPT_COMMAND=printf "\\033]0;<mock-chroot>\\007"', '--setenv=PS1=<mock-chroot> \\s-\\v\\$ ', '--setenv=LANG=C.UTF-8', '--resolv-conf=off', '/bin/sh', '-c', "rpm -qa --root '/var/lib/mock/alma+epel-10-x86_64/root' --qf '%{nevra} %{buildtime} %{size} %{pkgid} installed\\n'"] with env {'TERM': 'vt100', 'SHELL': '/bin/bash', 'HOME': '/builddir', 'HOSTNAME': 'mock', 'PATH': '/usr/bin:/bin:/usr/sbin:/sbin', 'PROMPT_COMMAND': 'printf "\\033]0;<mock-chroot>\\007"', 'PS1': '<mock-chroot> \\s-\\v\\$ ', 'LANG': 'C.UTF-8', 'SYSTEMD_NSPAWN_TMPFS_TMP': '0', 'SYSTEMD_SECCOMP': '0'} and shell False
DEBUG util.py:463:  gpg-pubkey-c2a1e572-668fe8ef 1720707311 0 (none) installed
DEBUG util.py:463:  gpg-pubkey-e37ed158-65785fa9 1702387625 0 (none) installed
DEBUG util.py:463:  libgcc-14.3.1-2.1.el10.alma.1.x86_64 1751356599 277156 7f3e98981761d63831d8642504b36b94 installed
DEBUG util.py:463:  ghc-srpm-macros-1.9.2-1.el10_0.noarch 1745569162 779 625f9b093fee9bb0f6c830c41d176111 installed
DEBUG util.py:463:  fpc-srpm-macros-1.3-7.el10_1.noarch 1755334968 144 0a58f44f776d4ea0ffce09c1bbaa8ca3 installed
DEBUG util.py:463:  ansible-srpm-macros-1-16.1.el10_0.noarch 1734457451 36518 eaefde85d4580e8a0dd82b26b3c5ea11 installed
DEBUG util.py:463:  rust-toolset-srpm-macros-1.88.0-1.el10.alma.1.noarch 1753261760 2058 959def772e699c71f18c955f54de8abe installed
DEBUG util.py:463:  qt6-srpm-macros-6.9.1-1.el10.noarch 1750327839 464 e30c642e83c1b91151a51bce3b8b840e installed
DEBUG util.py:463:  perl-srpm-macros-1-57.el10.noarch 1734187617 861 3f5c5db2565569d4dace4c85bea37804 installed
DEBUG util.py:463:  package-notes-srpm-macros-0.5-13.el10.noarch 1734185638 1601 3cde60bb10b67a9550ccb1ae9aa8ac6a installed
DEBUG util.py:463:  openblas-srpm-macros-2-19.el10.noarch 1733929368 112 6993787a9cab21e9aab85c30a0bd442b installed
DEBUG util.py:463:  ocaml-srpm-macros-10-4.el10.noarch 1733929149 1959 a610b0ad19679654a9af8575d4e8923c installed
DEBUG util.py:463:  kernel-srpm-macros-1.0-25.el10.noarch 1733929572 1949 153b23969aebfb6b4a364d8467a12f58 installed
DEBUG util.py:463:  publicsuffix-list-dafsa-20240107-5.el10.noarch 1734189502 69171 c775084ba1b508126c5745a0778064b3 installed
DEBUG util.py:463:  pkgconf-m4-2.1.0-3.el10.noarch 1734174077 14252 b3c32290e4f1543b14dc83a4c2513db2 installed
DEBUG util.py:463:  pcre2-syntax-10.44-1.el10.3.noarch 1734183240 257634 ccd27752f168a8b7672bfe7e68744cd1 installed
DEBUG util.py:463:  ncurses-base-6.4-15.20240127.el10_1.noarch 1774527579 334036 fe651a52c8f62374dbbc28b771121270 installed
DEBUG util.py:463:  libssh-config-0.11.1-5.el10_1.noarch 1766022833 277 8826de8d2a759ee158e2c3a6012122c9 installed
DEBUG util.py:463:  coreutils-common-9.5-6.el10.x86_64 1736715611 11696153 6842d386f1229ba86caf594199bd6dae installed
DEBUG util.py:463:  almalinux-gpg-keys-10.1-16.el10.x86_64 1762948402 1652 08671dd46bf1a7bd6939fe09f4b539f8 installed
DEBUG util.py:463:  almalinux-release-10.1-16.el10.x86_64 1762948402 36590 7aeddc6614fdeac19f9655ae95aa167f installed
DEBUG util.py:463:  almalinux-repos-10.1-16.el10.x86_64 1762948402 8842 57e7eb32d7cbb2d3f3053d9f27bb84bf installed
DEBUG util.py:463:  setup-2.14.5-7.el10.noarch 1749151765 737783 26a8c05f8f1bbf593e4be89452a0e7e6 installed
DEBUG util.py:463:  filesystem-3.18-17.el10.x86_64 1752686252 106 cd099c7ded56a34afeb19303409768fe installed
DEBUG util.py:463:  basesystem-11-22.el10.noarch 1734045537 0 595b21c06f70147e1cbd931fd91c5943 installed
DEBUG util.py:463:  glibc-gconv-extra-2.39-58.el10_1.7.alma.1.x86_64 1769605585 8166062 0c7e744d42a98a7b7b850764a6af5d73 installed
DEBUG util.py:463:  ncurses-libs-6.4-15.20240127.el10_1.x86_64 1774527582 985279 26a618ec26f38b75cefd2bae38d88474 installed
DEBUG util.py:463:  glibc-2.39-58.el10_1.7.alma.1.x86_64 1769605585 6531650 25135d99e5c45f9578301cd1932659d5 installed
DEBUG util.py:463:  bash-5.2.26-6.el10.x86_64 1741028594 8546555 33ee7b72828d90fb415b67bd18703f74 installed
DEBUG util.py:463:  glibc-common-2.39-58.el10_1.7.alma.1.x86_64 1769605585 1077042 2b09065514328f6dae2fd8990494df9c installed
DEBUG util.py:463:  glibc-minimal-langpack-2.39-58.el10_1.7.alma.1.x86_64 1769605585 0 3b79ef52b56635a745f3645c4c5be652 installed
DEBUG util.py:463:  zlib-ng-compat-2.2.3-3.el10_1.x86_64 1770277085 144984 28b459adb24241e9517e1ce78666c920 installed
DEBUG util.py:463:  bzip2-libs-1.0.8-25.el10.x86_64 1739793622 82508 e5f6720795f36889b359c475e483f7ef installed
DEBUG util.py:463:  xz-libs-1:5.6.2-4.el10_0.x86_64 1747270625 219435 608b2b9f10f7620cefdac9352fb63534 installed
DEBUG util.py:463:  libstdc++-14.3.1-2.1.el10.alma.1.x86_64 1751356599 2974185 69caa4fceac4520899d978a4af9567ba installed
DEBUG util.py:463:  libuuid-2.40.2-15.el10_1.x86_64 1770031709 38205 72960e4e9d7c87729fcc22402245b50d installed
DEBUG util.py:463:  popt-1.19-8.el10.x86_64 1734182146 140018 256fddaef6554f1f6ceb555943d5fe6f installed
DEBUG util.py:463:  readline-8.2-11.el10.x86_64 1734229259 500661 174639cbdc16be685c086ca7266bcd9c installed
DEBUG util.py:463:  libblkid-2.40.2-15.el10_1.x86_64 1770031709 268738 88b818ba277709c4dca5b883bdb43fbb installed
DEBUG util.py:463:  gmp-1:6.2.1-12.el10.x86_64 1751972776 821624 bbbc524d3ab91f5edafea5f166b1e8e0 installed
DEBUG util.py:463:  libattr-2.5.2-5.el10.x86_64 1734026062 29069 b2341171bda83939715030ce5d108165 installed
DEBUG util.py:463:  libacl-2.3.2-4.el10.x86_64 1734043789 40850 ebe8226da4e171577d0bbab67b7312a4 installed
DEBUG util.py:463:  libxcrypt-4.4.36-10.el10.x86_64 1733850318 269013 8d8e6f919abfb562e078733ba4769d67 installed
DEBUG util.py:463:  libzstd-1.5.5-9.el10.x86_64 1734225610 757350 2cd1680b7ef732c54728aa04789e0e99 installed
DEBUG util.py:463:  elfutils-libelf-0.193-1.el10.x86_64 1746572644 1220568 65b0281ca4b5d9720218968cb25b6d07 installed
DEBUG util.py:463:  crypto-policies-20250905-2.gitc7eb7b2.el10_1.1.noarch 1770233658 122169 f8a88274f43132941ff87803856dff9b installed
DEBUG util.py:463:  gdbm-libs-1:1.23-12.el10_0.x86_64 1747265717 124802 2316777b35d417be0789a01d1ee525be installed
DEBUG util.py:463:  libeconf-0.6.2-4.el10.x86_64 1733853768 59264 208d3c26163ea7bed300f522617cdb01 installed
DEBUG util.py:463:  dwz-0.16-1.el10.x86_64 1752668350 301844 16929aa2620f73511ea34b15d5a4e5d2 installed
DEBUG util.py:463:  mpfr-4.2.1-5.el10.x86_64 1734113351 860077 e2a60b01d2cf6e4cbf33a19968abfd2a installed
DEBUG util.py:463:  gawk-5.3.0-6.el10.x86_64 1739945434 1793472 c366fdd2469a3c534eda3a19ab2f3cdd installed
DEBUG util.py:463:  unzip-6.0-69.el10.x86_64 1750333114 411923 5a44502ca6a83b2f861ead7e8ab1166a installed
DEBUG util.py:463:  file-libs-5.45-8.el10.x86_64 1753301445 10414622 00633f9f55d95b9271c0359d8b41d192 installed
DEBUG util.py:463:  file-5.45-8.el10.x86_64 1753301445 105823 50b6be83ae8f46b88ba73cce35a3d30a installed
DEBUG util.py:463:  alternatives-1.30-2.el10.x86_64 1734038722 67745 3e47e765b3c0ab2f3cb590294ca38da0 installed
DEBUG util.py:463:  jansson-2.14-3.el10.x86_64 1734103152 91133 3d49634d0f323df9ddd1cdf2390e9bac installed
DEBUG util.py:463:  libcap-ng-0.8.4-6.el10.x86_64 1733842566 70563 702388695e018fc6547ae8bbabd66b1f installed
DEBUG util.py:463:  audit-libs-4.0.3-4.el10.x86_64 1744790428 367729 acdd1ed664165421a266395667099f43 installed
DEBUG util.py:463:  pam-libs-1.6.1-8.el10.x86_64 1751974076 137911 63b9925bbd9071afcff7a50c91364968 installed
DEBUG util.py:463:  libcap-2.69-7.el10.x86_64 1733856081 223863 0dd9d6a947ccb27a1526f279980853c8 installed
DEBUG util.py:463:  systemd-libs-257-13.el10.alma.1.x86_64 1755595823 2386754 01a2639db154714fb31b8c66f8558823 installed
DEBUG util.py:463:  libffi-3.4.4-10.el10.x86_64 1747823536 87528 c80b924edecab6dabffeed80b4927ada installed
DEBUG util.py:463:  libsepol-3.9-1.el10.x86_64 1755077920 849627 48c8a1d3f9fc6311af20a32bead5e17b installed
DEBUG util.py:463:  libsmartcols-2.40.2-15.el10_1.x86_64 1770031709 184594 de92600322020ce6a7850e3c6ed3986d installed
DEBUG util.py:463:  libtasn1-4.20.0-1.el10.x86_64 1741031041 180507 dd52d7a2ad9da1a5dccbb6d9097c66af installed
DEBUG util.py:463:  libunistring-1.1-10.el10.x86_64 1733904176 1816877 3f16ea4ddf5bc4ae6ee21a4837c70fb4 installed
DEBUG util.py:463:  libidn2-2.3.7-3.el10.x86_64 1733850022 336858 2b0050552a0a51ada221810e4efda676 installed
DEBUG util.py:463:  lua-libs-5.4.6-7.el10.x86_64 1734109366 287675 be290028da837f19205de27d32cf8cf3 installed
DEBUG util.py:463:  lz4-libs-1.9.4-8.el10.x86_64 1734119549 136459 f011548c152d1564efbe7ffa0b920650 installed
DEBUG util.py:463:  pcre2-10.44-1.el10.3.x86_64 1734182345 668922 33d86a93e1b34e8e1357806fa9544e47 installed
DEBUG util.py:463:  libselinux-3.9-1.el10.x86_64 1755078220 201805 1947f6ac340cdc753e9996773c0954ff installed
DEBUG util.py:463:  sed-4.9-3.el10.x86_64 1734204747 881961 dfade3aff949eb09466ede4035bb1821 installed
DEBUG util.py:463:  findutils-1:4.10.0-5.el10.x86_64 1734029841 1942695 a2ad8e80525d5697be0727e2b48720a3 installed
DEBUG util.py:463:  grep-3.11-10.el10.x86_64 1734032278 1042042 64543d207b8fd07457f39ea4b477b932 installed
DEBUG util.py:463:  xz-1:5.6.2-4.el10_0.x86_64 1747270625 1244808 8b8271fed592f1d935539b0ed707644a installed
DEBUG util.py:463:  libmount-2.40.2-15.el10_1.x86_64 1770031709 364250 bd467575e951e485a8c5a8279bab7e82 installed
DEBUG util.py:463:  util-linux-core-2.40.2-15.el10_1.x86_64 1770031709 1543017 66e2ab6097f9fc938df928cf121ec0b5 installed
DEBUG util.py:463:  libsemanage-3.9-1.el10.x86_64 1755098676 319427 5cb1b986439adb87c4879b0bdc7a476f installed
DEBUG util.py:463:  shadow-utils-2:4.15.0-10.el10_1.x86_64 1773761066 4269725 b3f011612b172a1ac1517246c6cb5e9d installed
DEBUG util.py:463:  libutempter-1.2.1-15.el10.x86_64 1733852925 58809 d9a46176e8b210319ad7b5204a4c5ebd installed
DEBUG util.py:463:  tar-2:1.35-9.el10_1.x86_64 1767590103 3101603 ebc6c6be7b23fecb405d02a9c7da2d5d installed
DEBUG util.py:463:  zstd-1.5.5-9.el10.x86_64 1734225610 1656557 def2b58ee2588c1f9297f43f8dc18f76 installed
DEBUG util.py:463:  libpsl-0.21.5-6.el10.x86_64 1733849977 82352 f9c931353b547cb084a92dbcb87d18fc installed
DEBUG util.py:463:  p11-kit-0.25.5-7.el10.x86_64 1734024774 2294717 f804d77fa1d76bf0804de82f4a34c065 installed
DEBUG util.py:463:  p11-kit-trust-0.25.5-7.el10.x86_64 1734024774 400452 538c512240aa4d882266c09adc492346 installed
DEBUG util.py:463:  openssl-fips-provider-1:3.5.1-7.el10_1.alma.1.x86_64 1769598806 2489506 d860958e329d06be026979acf1184243 installed
DEBUG util.py:463:  openssl-libs-1:3.5.1-7.el10_1.alma.1.x86_64 1769598806 6849739 a585243393cdd6a137a9e3c50ff7fe30 installed
DEBUG util.py:463:  coreutils-9.5-6.el10.x86_64 1736715611 5806154 87589bc0b84c1dceee77224ff80e6f8e installed
DEBUG util.py:463:  ca-certificates-2025.2.80_v9.0.305-102.el10_1.noarch 1763138081 2801276 4b30227dd6f330ba2eb8ae02782a9bb8 installed
DEBUG util.py:463:  authselect-libs-1.5.0-8.el10.x86_64 1734027273 815910 cab176af590cd846f309de31429b6d3b installed
DEBUG util.py:463:  gzip-1.13-3.el10.x86_64 1734373206 398194 fc73eee8049d45bacb8517b196ed18ac installed
DEBUG util.py:463:  cracklib-2.9.11-8.el10.x86_64 1734033833 244461 2f6715332bbe19883333fd39c9a31582 installed
DEBUG util.py:463:  cracklib-dicts-2.9.11-8.el10.x86_64 1734033833 9815811 bd870a60599f9426447adc7a9faf8f52 installed
DEBUG util.py:463:  libpwquality-1.4.5-12.el10.x86_64 1733850696 427194 223aadacddba621f470dba11c8db4608 installed
DEBUG util.py:463:  libevent-2.1.12-16.el10.x86_64 1733846367 916490 898e141e01bec1ba693e2207ae5582c6 installed
DEBUG util.py:463:  rpm-sequoia-1.9.0.3-1.el10_1.x86_64 1761559855 2665134 b4fe211c8683b4c7ecd68f55f6100ede installed
DEBUG util.py:463:  zip-3.0-45.el10.x86_64 1755248080 726153 5d8186bb574c45c88e8ec5fa628a8ccc installed
DEBUG util.py:463:  cyrus-sasl-lib-2.1.28-29.el10.x86_64 1751592519 732550 8fd086ae12b3702823c440743b278269 installed
DEBUG util.py:463:  openldap-2.6.9-1.el10.x86_64 1756296037 518226 9497fdf335f08c3a750e6fe36121a02f installed
DEBUG util.py:463:  gdbm-1:1.23-12.el10_0.x86_64 1747265717 471407 b71416d44d94b2d2048116823e379b5a installed
DEBUG util.py:463:  pam-1.6.1-8.el10.x86_64 1751974076 1848585 9ed2f177fcf88f7d6c62f8d4beb5e96d installed
DEBUG util.py:463:  libfdisk-2.40.2-15.el10_1.x86_64 1770031709 371506 6928a181210f2468ef758a96ee6d8ca7 installed
DEBUG util.py:463:  libxml2-2.12.5-9.el10_0.x86_64 1754590358 1791363 9ca30afb3343cc5d0864edf4ace2ab5c installed
DEBUG util.py:463:  libarchive-3.7.7-5.el10_1.x86_64 1773930080 961186 424f5cb13efea4b8b6cb03d91db98566 installed
DEBUG util.py:463:  bzip2-1.0.8-25.el10.x86_64 1739793622 97597 55d60e7810482fc02ab74f791a351d26 installed
DEBUG util.py:463:  sqlite-libs-3.46.1-5.el10_1.x86_64 1761561983 1571640 f7fda595ba487c8bdbb4715b829fef70 installed
DEBUG util.py:463:  rpm-libs-4.19.1.1-20.el10.alma.1.x86_64 1757119484 739032 fe66ef8c570b02cc2ad039bb3eae74d6 installed
DEBUG util.py:463:  ed-1.20-5.el10.x86_64 1734036248 149356 d9eb1a6d7f626f07d1d0f6a30b128954 installed
DEBUG util.py:463:  patch-2.7.6-26.el10.x86_64 1734153030 264738 3d2b21419101e47f0569feb6397afa13 installed
DEBUG util.py:463:  elfutils-default-yama-scope-0.193-1.el10.noarch 1746588839 1810 b4cedb95addb9bacbbfe21f460aed80d installed
DEBUG util.py:463:  cpio-2.15-3.el10.x86_64 1734031711 1150520 6e8723c0f97dddd46fec04164c75aef5 installed
DEBUG util.py:463:  diffutils-3.10-8.el10.x86_64 1734026420 1657323 dc3dac84318bee7257be6e4c75b23dfc installed
DEBUG util.py:463:  json-c-0.18-3.el10.x86_64 1734112482 84530 7f07c17b20a78ac0ca779af334183450 installed
DEBUG util.py:463:  keyutils-libs-1.6.3-5.el10.x86_64 1737113140 54083 6b7336de3157e5ae0d8f939406a398c5 installed
DEBUG util.py:463:  libbrotli-1.1.0-7.el10_1.x86_64 1768929854 865506 6b8ecad63cdef444fc9968b92b4e184b installed
DEBUG util.py:463:  libcom_err-1.47.1-4.el10.x86_64 1752668581 68697 a158dac7242ba869361e23ea82611430 installed
DEBUG util.py:463:  libgomp-14.3.1-2.1.el10.alma.1.x86_64 1751356599 540200 56fbfb83d1dad0b5af4d28331d8f4539 installed
DEBUG util.py:463:  libnghttp2-1.64.0-2.el10.x86_64 1739943556 174092 5d8e3e535ebbde8fb3e2a4efab77fcae installed
DEBUG util.py:463:  libpkgconf-2.1.0-3.el10.x86_64 1734172741 75857 d3e54138803062f6f74c4a9139f37417 installed
DEBUG util.py:463:  pkgconf-2.1.0-3.el10.x86_64 1734172741 84218 8e8af64d19b84206c62f00c8de3fbc02 installed
DEBUG util.py:463:  pkgconf-pkg-config-2.1.0-3.el10.x86_64 1734172741 989 7fbf860ab46a0492211d93b79e803ff4 installed
DEBUG util.py:463:  libverto-0.3.2-10.el10.x86_64 1733855959 30045 c9cd9352f564335e0e2d8f6004da1136 installed
DEBUG util.py:463:  krb5-libs-1.21.3-8.el10_0.x86_64 1750770662 2408837 46939e4540ba84c90fcc388fab58fdb6 installed
DEBUG util.py:463:  libssh-0.11.1-5.el10_1.x86_64 1766022745 583163 41072a71511f57e095e77f73bcc3ab2d installed
DEBUG util.py:463:  libcurl-8.12.1-2.el10_1.2.x86_64 1770233857 854174 f5ba03fd7e08760aa1a4c2333d1f4ef3 installed
DEBUG util.py:463:  elfutils-libs-0.193-1.el10.x86_64 1746572644 702901 e0076d9d129cbfe37b66610464145523 installed
DEBUG util.py:463:  elfutils-debuginfod-client-0.193-1.el10.x86_64 1746572644 81762 3f080ff31d427a5aceee630d58ccef49 installed
DEBUG util.py:463:  binutils-gold-2.41-58.el10_1.2.alma.1.x86_64 1766058276 2173419 cd946ef15bd1699b62e99c12f4fc4582 installed
DEBUG util.py:463:  binutils-2.41-58.el10_1.2.alma.1.x86_64 1766058276 27832765 4c4a099850ac684592a8730dc953ce72 installed
DEBUG util.py:463:  elfutils-0.193-1.el10.x86_64 1746572644 3086654 c446eda12f44607a1a0cc041d0a0e584 installed
DEBUG util.py:463:  gdb-minimal-16.3-2.el10.x86_64 1753286149 13747929 bb181200e8a12908a66d291512a53a83 installed
DEBUG util.py:463:  debugedit-5.1-8.el10.x86_64 1751369369 205423 c3bb1528e3aee250c550fbd312ff8929 installed
DEBUG util.py:463:  rpm-build-libs-4.19.1.1-20.el10.alma.1.x86_64 1757119484 203064 e3dc8972dc9ee339661f23a0b71d28e8 installed
DEBUG util.py:463:  curl-8.12.1-2.el10_1.2.x86_64 1770233857 465472 9e6f39b7d7275396c34412380effa7c7 installed
DEBUG util.py:463:  rpm-4.19.1.1-20.el10.alma.1.x86_64 1757119484 3100972 3d74c8e89363f258ffdb27fdb680f6d3 installed
DEBUG util.py:463:  efi-srpm-macros-6-6.el10.alma.1.noarch 1734440590 41092 3931350959da64ff1bdcee011ec80a8a installed
DEBUG util.py:463:  lua-srpm-macros-1-15.el10.noarch 1734113187 1367 2ad13a3b28040716f2b0736f0272accf installed
DEBUG util.py:463:  fonts-srpm-macros-1:2.0.5-18.el10.noarch 1734052831 57184 eedab5b50fdbbf1b8cdc83c4f2c8edf5 installed
DEBUG util.py:463:  forge-srpm-macros-0.4.0-6.el10.noarch 1736711136 39882 4c15475beb02fc0b79b32a58f7d20579 installed
DEBUG util.py:463:  go-srpm-macros-3.6.0-7.el10_1.noarch 1772558413 61920 5959da02fd420e5fd3144cf2390a6f68 installed
DEBUG util.py:463:  python-srpm-macros-3.12-10.el10.noarch 1745480896 52539 1a4b5a2ef934ef1fbedee7055d7a82bb installed
DEBUG util.py:463:  redhat-rpm-config-293-1.el10.alma.2.noarch 1773159391 184149 eaeac276eabe4ba8076e4b146a8a3b03 installed
DEBUG util.py:463:  rpm-build-4.19.1.1-20.el10.alma.1.x86_64 1757119484 176853 497e8a9454027b89cfd1d42f05180a8e installed
DEBUG util.py:463:  pyproject-srpm-macros-1.16.2-1.el10.noarch 1734171708 1952 84680c6959ccd04fad334f7441169337 installed
DEBUG util.py:463:  R-srpm-macros-1.3.7-1.el10_1.noarch 1774883190 3626 7efbee9f7bac55a8e7b8ce0455c3c80e installed
DEBUG util.py:463:  epel-rpm-macros-10-7.el10_1.noarch 1774638888 762 5e45b663713b19bd79cf5851e0a76cfc installed
DEBUG util.py:463:  util-linux-2.40.2-15.el10_1.x86_64 1770031709 3885218 9cd95300da2002839bda9e7ef30b8cb9 installed
DEBUG util.py:463:  authselect-1.5.0-8.el10.x86_64 1734027273 156489 3f6fa2fd2b83bc4a477f3f53779fa491 installed
DEBUG util.py:463:  which-2.21-44.el10_0.x86_64 1754377721 85738 e17d66bb6c0f405d416b6a1fdb2c38c4 installed
DEBUG util.py:463:  info-7.1-6.el10.x86_64 1738055043 363386 f0fc5c8361ad821282ebbae9e05dd70d installed
DEBUG util.py:463:  libgpg-error-1.50-2.el10.x86_64 1733855769 910556 f59f2c1e7efe74dbbf8400451caf9cf9 installed
DEBUG util.py:463:  libmpc-1.3.1-7.el10.x86_64 1733854663 168484 974a12be4299281204bdba89e52d83a3 installed
DEBUG util.py:463:  make-1:4.4.1-9.el10.x86_64 1734102928 1880255 c5424038bde4ef1359a4b6ea67274eb0 installed
DEBUG util.py:463:  expat-2.7.1-1.el10_1.3.x86_64 1763374991 310036 bee2dffa8f520dbd0d1a55de92054126 installed
DEBUG util.py:463:  cpp-14.3.1-2.1.el10.alma.1.x86_64 1751356599 40403001 23aff5e404a3bdeb3fba8d9753ebd2d1 installed
DEBUG util.py:463:  libassuan-2.5.6-6.el10.x86_64 1733848522 167382 a919fd508639c90edf1ceeb10f1845c3 installed
DEBUG util.py:463:  libgcrypt-1.11.0-5.el10.x86_64 1733852484 1635706 412c7259372896190ca72a04f35ab059 installed
DEBUG util.py:463:  libksba-1.6.7-2.el10.x86_64 1733845501 407980 e09ee8ecfd6d2bbb17dd5866b056b4fc installed
DEBUG util.py:463:  pcre2-utf32-10.44-1.el10.3.x86_64 1734182345 575360 ef420c749792c32687c185a88d0af75e installed
DEBUG util.py:463:  pcre2-utf16-10.44-1.el10.3.x86_64 1734182345 604080 dc2d059a580da16e7505a8d4f582e2ac installed
DEBUG util.py:463:  libstdc++-devel-14.3.1-2.1.el10.alma.1.x86_64 1751356599 16255142 83a52aa2861e5336571469e89506e52d installed
DEBUG util.py:463:  kernel-headers-6.12.0-124.47.1.el10_1.x86_64 1774947500 6904793 69b98e8e484d69b23e41e7a17052d8c9 installed
DEBUG util.py:463:  libxcrypt-devel-4.4.36-10.el10.x86_64 1733850318 30995 9efc5effc6f98a939a173e6687c552ee installed
DEBUG util.py:463:  glibc-devel-2.39-58.el10_1.7.alma.1.x86_64 1769605585 2340895 c2f19544d8c54da2d140554bf9a7ff90 installed
DEBUG util.py:463:  gcc-14.3.1-2.1.el10.alma.1.x86_64 1751356599 114765645 8a6ee0fe86582486c5998ee081bb7f83 installed
DEBUG util.py:463:  gcc-c++-14.3.1-2.1.el10.alma.1.x86_64 1751356599 43828666 69940b2d5ea0074aaff3a3e2163fd4f9 installed
DEBUG util.py:463:  cmake-filesystem-3.30.5-3.el10_0.x86_64 1750759206 0 c972ae40556a17649ed7d7e962edb57e installed
DEBUG util.py:463:  annobin-docs-12.99-1.el10.noarch 1755102465 101309 1294e0b2f4ee36442c2105a3792b59a7 installed
DEBUG util.py:463:  tzdata-2026a-1.el10.noarch 1773837095 1921002 16ff86aed5f87d44c49f76ea76cf9271 installed
DEBUG util.py:463:  tpm2-tss-4.1.3-5.el10.x86_64 1734208245 1615936 7aa392b678d94295fa610d0c4ac26486 installed
DEBUG util.py:463:  python3-pip-wheel-23.3.2-7.el10.noarch 1734186210 1600309 b16fb636e9c0b5db285e98ce1683a27f installed
DEBUG util.py:463:  npth-1.6-21.el10.x86_64 1734183744 50739 99d2a3baf0055c72d1484f6239570fc9 installed
DEBUG util.py:463:  ncurses-6.4-15.20240127.el10_1.x86_64 1774527582 634674 55e486295958eb9b2a451d53a9fd6b28 installed
DEBUG util.py:463:  mpdecimal-2.5.1-12.el10.x86_64 1734111731 205591 5412ab404cf934ac34ed27b29e7db6c9 installed
DEBUG util.py:463:  python3-3.12.12-3.el10_1.2.x86_64 1774955466 32122 de4d96fb4295eff8607a63c44feca316 installed
DEBUG util.py:463:  python3-libs-3.12.12-3.el10_1.2.x86_64 1774955466 43653229 aa25645a78f0fdeafa1f7d06003b292c installed
DEBUG util.py:463:  python3-pyparsing-3.1.1-7.el10.noarch 1734168089 1038569 07cd870d1397df3cab18be5ec61914b1 installed
DEBUG util.py:463:  systemtap-sdt-dtrace-5.3-3b.el10.x86_64 1750855902 184227 f1d43dc3827a90ee6540c693d7302985 installed
DEBUG util.py:463:  systemtap-sdt-devel-5.3-3b.el10.x86_64 1750855902 187601 6a0b639187d9cab536cc6bb611e1f355 installed
DEBUG util.py:463:  libseccomp-2.5.6-1.el10.x86_64 1752673951 181755 d7b85c79e56a10b4258239a7825636e8 installed
DEBUG util.py:463:  groff-base-1.23.0-10.el10.x86_64 1734033526 4033062 daa077b8acd443ba18128417cf383036 installed
DEBUG util.py:463:  perl-Digest-1.20-511.el10.noarch 1734171286 36060 84e350b83354754fb4db9f989fd1edf2 installed
DEBUG util.py:463:  perl-Digest-MD5-2.59-6.el10.x86_64 1734173450 61064 876e8386a368a2dc22d1a3adecbfc4d1 installed
DEBUG util.py:463:  perl-B-0:1.89-512.2.el10_0.x86_64 1753788924 505804 c1d337c39fac9ad20e6865cac1bba617 installed
DEBUG util.py:463:  perl-FileHandle-0:2.05-512.2.el10_0.noarch 1753788929 9568 0715f6a6980af952f1e1404a97171019 installed
DEBUG util.py:463:  perl-Data-Dumper-2.189-512.el10.x86_64 1734183652 114238 faced24591982d3fdab6fd6b20c5917e installed
DEBUG util.py:463:  perl-libnet-3.15-512.el10.noarch 1734174643 295890 a2ff3aaeed344f3df5d6d26d5d540ea3 installed
DEBUG util.py:463:  perl-AutoLoader-0:5.74-512.2.el10_0.noarch 1753788929 21029 c9c2b14087775d859560d58567b3144a installed
DEBUG util.py:463:  perl-Class-Struct-0:0.68-512.2.el10_0.noarch 1753788929 25968 50fd367e81868049b5e8c20cff8977e4 installed
DEBUG util.py:463:  perl-locale-0:1.12-512.2.el10_0.noarch 1753788929 6653 de76473fdf3751c711f3533abc3b49cb installed
DEBUG util.py:463:  perl-URI-5.27-3.el10.noarch 1734156580 245507 bcc80da914a104f99a236fbd3148fdc9 installed
DEBUG util.py:463:  perl-Socket-4:2.038-511.el10.x86_64 1734172822 126873 3b2866de051147801dd805af63657009 installed
DEBUG util.py:463:  perl-SelectSaver-0:1.02-512.2.el10_0.noarch 1753788929 2220 702708e2d44e95ff69a294501daf7f81 installed
DEBUG util.py:463:  perl-Term-ANSIColor-5.01-512.el10.noarch 1734159257 99820 3f59f5750e47695e72c427a69baeb499 installed
DEBUG util.py:463:  perl-Text-Tabs+Wrap-2024.001-511.el10.noarch 1734341483 23045 bb4f7ee0a76bd6bff0008c7f7ea17ddf installed
DEBUG util.py:463:  perl-base-0:2.27-512.2.el10_0.noarch 1753788929 12844 5f23690ee799354b8f2c0041c638b2ab installed
DEBUG util.py:463:  perl-Mozilla-CA-20231213-5.el10.noarch 1734190987 9370 fcc2827c735567d392dc1a8cbd5f510b installed
DEBUG util.py:463:  perl-if-0:0.61.000-512.2.el10_0.noarch 1753788929 5948 037dcd55c5fbf167c60fa93a93156d76 installed
DEBUG util.py:463:  perl-POSIX-0:2.20-512.2.el10_0.x86_64 1753788924 236577 ceed10e066e6e40991d26ffd10434359 installed
DEBUG util.py:463:  perl-mro-0:1.29-512.2.el10_0.x86_64 1753788924 46636 15c9aad4bd90adc59a0f40bb6e289cbf installed
DEBUG util.py:463:  perl-IO-Socket-IP-0.42-512.el10.noarch 1734154166 100992 87146e8cf9b3e329da14676afe72987b installed
DEBUG util.py:463:  perl-File-stat-0:1.14-512.2.el10_0.noarch 1753788929 12808 ee631c8dbceefb565063084ac6e4d9ba installed
DEBUG util.py:463:  perl-overloading-0:0.02-512.2.el10_0.noarch 1753788929 4961 6264bf684cd188e1130be87dbbda8465 installed
DEBUG util.py:463:  perl-Time-Local-2:1.350-511.el10.noarch 1734183679 70554 cc36224715c9f9403abd09684bb7888c installed
DEBUG util.py:463:  perl-File-Path-2.18-511.el10.noarch 1734179669 65002 bd88844768ce2c8a76f3430bc290d276 installed
DEBUG util.py:463:  perl-IO-Socket-SSL-2.085-3.el10.noarch 1734155500 701396 24d70970220d04b81c1496c9e3df37f5 installed
DEBUG util.py:463:  perl-Net-SSLeay-1.94-8.el10.x86_64 1749458549 1403892 498665157273eec20f78830f78c3afa9 installed
DEBUG util.py:463:  perl-Pod-Escapes-1:1.07-511.el10.noarch 1734154351 25476 7982187d37301575bdff5a2b93ed2e2b installed
DEBUG util.py:463:  perl-Term-Cap-1.18-511.el10.noarch 1734161153 29958 74ce648663fe3f11f2ec31fbb83c9621 installed
DEBUG util.py:463:  perl-Pod-Usage-4:2.03-511.el10.noarch 1734162375 86712 a893f14f364e0eed2c5531c020028e17 installed
DEBUG util.py:463:  perl-Errno-0:1.38-512.2.el10_0.x86_64 1753788924 8531 3d27b53f0158aa03a570b26c5b4e11e9 installed
DEBUG util.py:463:  perl-Fcntl-0:1.18-512.2.el10_0.x86_64 1753788924 45991 7436d6ac0e8f5f6f3beb390276edd54e installed
DEBUG util.py:463:  perl-File-Basename-0:2.86-512.2.el10_0.noarch 1753788929 14342 f4098dcd9e65a4828832c944cf28fe53 installed
DEBUG util.py:463:  perl-Getopt-Std-0:1.14-512.2.el10_0.noarch 1753788929 11449 eaa4dde4f34ff337ba9e81acbaab49a6 installed
DEBUG util.py:463:  perl-MIME-Base64-3.16-511.el10.x86_64 1734155034 47068 9ad927318b4d079c1d47a9310387216e installed
DEBUG util.py:463:  perl-Scalar-List-Utils-5:1.63-511.el10.x86_64 1734170950 148846 eaecf03182006577a9aefa937c16fa7e installed
DEBUG util.py:463:  perl-Symbol-0:1.09-512.2.el10_0.noarch 1753788929 6976 7ba058401858f628a8f3089f10dd9599 installed
DEBUG util.py:463:  perl-Text-ParseWords-3.31-511.el10.noarch 1734164890 13839 ae1f64f6441e0bba44644eb26cc8bd8c installed
DEBUG util.py:463:  perl-constant-1.33-512.el10.noarch 1734163715 26840 a95b3103d5f92c20bbc863e87c11b8ea installed
DEBUG util.py:463:  perl-IPC-Open3-0:1.22-512.2.el10_0.noarch 1753788929 22995 91f7326fdb1d474df9d1499c1c67d383 installed
DEBUG util.py:463:  perl-Storable-1:3.32-511.el10.x86_64 1734178776 237810 a468635449924a8b5fd7d5f732fae705 installed
DEBUG util.py:463:  perl-IO-0:1.55-512.2.el10_0.x86_64 1753788924 154607 fb5a5b3244ad31053a6d84d71cf1a4b9 installed
DEBUG util.py:463:  perl-overload-0:1.37-512.2.el10_0.noarch 1753788929 73252 508ee7e48cf055287b79288f5fe7c00b installed
DEBUG util.py:463:  perl-parent-1:0.241-512.el10.noarch 1734181849 9959 92b831984d7f5e4a405aad7212cb8def installed
DEBUG util.py:463:  perl-File-Temp-1:0.231.100-512.el10.noarch 1734189983 166172 b9c403d2f298afde7ba7d289ad3ccecf installed
DEBUG util.py:463:  perl-HTTP-Tiny-0.088-512.el10.noarch 1734176231 155788 551cd14802b37aaab28db1f44ac0d083 installed
DEBUG util.py:463:  perl-vars-0:1.05-512.2.el10_0.noarch 1753788929 3960 e39ccdbf90a868e0bfe3ce2703b427d4 installed
DEBUG util.py:463:  perl-Pod-Simple-1:3.45-511.el10.noarch 1734160679 573280 51c868bdea985701613896451574c1b6 installed
DEBUG util.py:463:  perl-Getopt-Long-1:2.58-3.el10.noarch 1734161264 147853 394d7db4240c4badac89a28e52e7b4cb installed
DEBUG util.py:463:  perl-podlators-1:5.01-511.el10.noarch 1734185791 315477 f2f880e98127591c7639c23580d7a027 installed
DEBUG util.py:463:  perl-Carp-1.54-511.el10.noarch 1734187352 47652 bcd5efd9e0cc706f679371d782451e16 installed
DEBUG util.py:463:  perl-Exporter-5.78-511.el10.noarch 1734188924 55539 afc05752788c583eb69d050fa967f371 installed
DEBUG util.py:463:  perl-GDBM_File-1:1.24-512.2.el10_0.x86_64 1753788924 85579 4532e5a665311eddfa275c0a39075ec5 installed
DEBUG util.py:463:  perl-NDBM_File-0:1.17-512.2.el10_0.x86_64 1753788924 29134 f8b48469335260345082eef99b7b28c6 installed
DEBUG util.py:463:  perl-ODBM_File-0:1.18-512.2.el10_0.x86_64 1753788924 33105 0284ff2770390503d2ddfa08becc4a89 installed
DEBUG util.py:463:  perl-PathTools-3.91-512.el10.x86_64 1738054644 182916 3b9c3d47e2d5f0a9adf21177e83f17e3 installed
DEBUG util.py:463:  perl-DynaLoader-0:1.56-512.2.el10_0.x86_64 1753788924 32841 ac22b78714982edbc98b55ab1102f0f3 installed
DEBUG util.py:463:  perl-Encode-4:3.21-511.el10.x86_64 1734177504 4930706 ae657f539bb189abb7ac76450c455b88 installed
DEBUG util.py:463:  perl-libs-4:5.40.2-512.2.el10_0.x86_64 1753788924 10249003 d648237bfede7e186de5cf463137d378 installed
DEBUG util.py:463:  perl-Pod-Perldoc-3.28.01-512.el10.noarch 1734158919 166972 81c6fa8231c0d1ea38eefad4425af35d installed
DEBUG util.py:463:  perl-doc-0:5.40.2-512.2.el10_0.noarch 1753788929 11559256 34d1cd5b8870cc45d819fb6e8d154d32 installed
DEBUG util.py:463:  perl-interpreter-4:5.40.2-512.2.el10_0.x86_64 1753788924 125194 f5f0d03ea657ebbc94e5b1228d7ff5ac installed
DEBUG util.py:463:  perl-File-Find-0:1.44-512.2.el10_0.noarch 1753788929 42951 f9a9fce083f63ca45b05e1d9f801161a installed
DEBUG util.py:463:  perl-version-8:0.99.32-4.el10.x86_64 1734155293 135760 039e2a5956d542d12277ef6e31319a8e installed
DEBUG util.py:463:  perl-File-Copy-0:2.41-512.2.el10_0.noarch 1753788929 20089 8a6ce299cbd49a7580ece68038896e6e installed
DEBUG util.py:463:  perl-Time-HiRes-4:1.9777-511.el10.x86_64 1734180401 122599 7313bc03f1f68dd3641c818a4a19604a installed
DEBUG util.py:463:  perl-ExtUtils-Manifest-1:1.75-511.el10.noarch 1734160072 86801 66e982559d999f91a915005a72df4a63 installed
DEBUG util.py:463:  perl-threads-1:2.40-511.el10.x86_64 1734187444 117753 397deb72d13ee724e9b08f03c0e9307f installed
DEBUG util.py:463:  perl-threads-shared-1.69-511.el10.x86_64 1734188973 85605 810f7b44434e0c4fd7a42ffaad5575b6 installed
DEBUG util.py:463:  perl-CPAN-Meta-Requirements-2.143-11.el10.noarch 1734178328 83085 74983e42d44cda9d4e1e2df1ea9fc846 installed
DEBUG util.py:463:  perl-ExtUtils-ParseXS-1:3.51-512.el10.noarch 1734161800 408634 6da5f0bdb8593b119bc48a1bebb83702 installed
DEBUG util.py:463:  perl-Compress-Raw-Zlib-2.212-512.el10.x86_64 1734162377 166179 b3aa41f891b78d0837e63b05b7827969 installed
DEBUG util.py:463:  perl-File-Compare-0:1.100.800-512.2.el10_0.noarch 1753788929 5715 68d62084e2998e38e6144f663da7f3a4 installed
DEBUG util.py:463:  perl-lib-0:0.65-512.2.el10_0.x86_64 1753788924 8710 ceefb10dfd91d01faccb33c83bac6ad6 installed
DEBUG util.py:463:  perl-Module-CoreList-1:5.20250120-1.el10.noarch 1738066062 1240290 32a6939b4297ca78a56aafc2e870e102 installed
DEBUG util.py:463:  perl-Module-Metadata-1.000038-512.el10.noarch 1734184057 69056 10b2edf590c9aa2d27fb43cc97be40c0 installed
DEBUG util.py:463:  perl-Digest-SHA-1:6.04-512.el10.x86_64 1734175386 119226 9d62b9b0abefcf4f1ba6a783e58fc507 installed
DEBUG util.py:463:  perl-Devel-Peek-0:1.34-512.2.el10_0.x86_64 1753788924 44514 39d5a23298417d9bd99288e303d5556f installed
DEBUG util.py:463:  perl-Filter-2:1.64-512.el10.x86_64 1734155621 168343 98a38cbdcb55080c24cc1b0335de1ddf installed
DEBUG util.py:463:  perl-Module-Load-1:0.36-511.el10.noarch 1734178998 15187 6c00b49abf427654b8e95ab493ec5f75 installed
DEBUG util.py:463:  perl-Perl-OSType-1.010-512.el10.noarch 1734182905 33579 807fa3c9c3eff13c2e659e0664defbc4 installed
DEBUG util.py:463:  perl-Term-ReadLine-0:1.17-512.2.el10_0.noarch 1753788929 17684 072c55e7f5ffe9a1b9a1af90443c17ec installed
DEBUG util.py:463:  perl-Term-Table-0.018-513.el10.noarch 1734376501 78762 eb8f5de0f2e2b4d06ce966de107633d9 installed
DEBUG util.py:463:  perl-Tie-0:4.6-512.2.el10_0.noarch 1753788929 32746 82ab8421c22d6cc88b5e5053fb40f6da installed
DEBUG util.py:463:  perl-Unicode-Normalize-1.32-511.el10.x86_64 1734163219 476233 e4c14c1c4570a7be64f47ee9f3606422 installed
DEBUG util.py:463:  perl-meta-notation-0:5.40.2-512.2.el10_0.noarch 1753788929 2069 44e450de29274eb5bab306768ae299a9 installed
DEBUG util.py:463:  perl-encoding-4:3.00-511.el10.x86_64 1734177504 152978 3026acdd391632e1b1f2ff708dbfef5c installed
DEBUG util.py:463:  perl-Dumpvalue-0:2.27-512.2.el10_0.noarch 1753788929 20235 3ebe58d3744e2da7ff52f01cd1a5ab6b installed
DEBUG util.py:463:  perl-Net-Ping-2.76-511.el10.noarch 1734157454 137388 f3391af55d96e79a909ae86b55666c1d installed
DEBUG util.py:463:  perl-ExtUtils-Command-2:7.70-513.el10.noarch 1734158129 9784 460526c7b38b10cd437169dd911b417d installed
DEBUG util.py:463:  perl-Pod-Html-0:1.35-512.2.el10_0.noarch 1753788929 43213 6bbd7481de91f657756825964ace099a installed
DEBUG util.py:463:  perl-AutoSplit-0:5.74-512.2.el10_0.noarch 1753788929 23666 7a78caa4a319477fe83832b4773c7d37 installed
DEBUG util.py:463:  perl-Benchmark-0:1.25-512.2.el10_0.noarch 1753788929 37204 8c2ed24d2af14d0608c19776eb6d2925 installed
DEBUG util.py:463:  perl-Test-Harness-1:3.48-512.el10.noarch 1734178702 570238 8d8513325e6f364f31fff282492a8a32 installed
DEBUG util.py:463:  perl-CPAN-Meta-YAML-0.018-512.el10.noarch 1734180638 51437 e348538064380ab5ed4826ff28b3f559 installed
DEBUG util.py:463:  perl-Compress-Raw-Bzip2-2.212-512.el10.x86_64 1734158964 71071 37ed7d1e1508a8e90716689ec462b35f installed
DEBUG util.py:463:  perl-IO-Compress-2.212-512.el10.noarch 1734180884 1065592 5718e3ac895347c915d51b590aac547b installed
DEBUG util.py:463:  perl-IO-Zlib-1:1.15-511.el10.noarch 1734160678 26312 13f0f146aa36f4053d8e585e52dace2b installed
DEBUG util.py:463:  perl-Devel-PPPort-3.72-512.el10.x86_64 1734160985 913567 cc0ad305f82a20547a619b657f4d3b36 installed
DEBUG util.py:463:  perl-DirHandle-0:1.05-512.2.el10_0.noarch 1753788929 3461 a0f9800cf08984826e4117a036862efa installed
DEBUG util.py:463:  perl-ExtUtils-Constant-0:0.25-512.2.el10_0.noarch 1753788929 87837 73c51a0989965aad2b813e43e5bbae70 installed
DEBUG util.py:463:  perl-ExtUtils-MM-Utils-2:7.70-513.el10.noarch 1734158129 2953 c44a3f84b3cb635d060c6cee1041f7cf installed
DEBUG util.py:463:  perl-Hash-Util-FieldHash-0:1.27-512.2.el10_0.x86_64 1753788924 68160 b3c131116b316aad0a8add612d27e3a3 installed
DEBUG util.py:463:  perl-Hash-Util-0:0.32-512.2.el10_0.x86_64 1753788924 56289 9cada5d404168420ca64cf2df596ac8a installed
DEBUG util.py:463:  perl-I18N-LangTags-0:0.45-512.2.el10_0.noarch 1753788929 84240 7939b3f8e7294c7cdaeebcf5a070769f installed
DEBUG util.py:463:  perl-Locale-Maketext-1.33-512.el10.noarch 1734154546 175190 522fda4edf7351e15ae5bcee478436e8 installed
DEBUG util.py:463:  perl-Locale-Maketext-Simple-1:0.21-512.2.el10_0.noarch 1753788929 13063 bb68fb35c140ece9aedfecdb24a52bcb installed
DEBUG util.py:463:  perl-Params-Check-1:0.38-511.el10.noarch 1734170200 28189 ecaf993bd17df581eaab0e7d7c7e03ad installed
DEBUG util.py:463:  perl-Module-Load-Conditional-0.74-511.el10.noarch 1734181903 29381 ffcb77703798c9268e4fcf04d7fe37b4 installed
DEBUG util.py:463:  perl-IPC-Cmd-2:1.04-512.el10.noarch 1734164138 86875 cca4ac789d80944f4c042bf52e8f220d installed
DEBUG util.py:463:  perl-Math-Complex-0:1.62-512.2.el10_0.noarch 1753788929 86995 f812f787d4dfaa3a5ce1586c07a5088d installed
DEBUG util.py:463:  perl-Math-BigInt-1:2.0030.03-3.el10.noarch 1734163476 980465 d497311b492d53f0c3ce3ed13b3b5bc0 installed
DEBUG util.py:463:  perl-JSON-PP-1:4.16-512.el10.noarch 1734178000 145113 a851b86b2b159abd162a6d8f28623993 installed
DEBUG util.py:463:  perl-CPAN-Meta-2.150010-511.el10.noarch 1734174092 606008 3cf5e2d2980cb2675f9dd8ee10c15f84 installed
DEBUG util.py:463:  perl-ExtUtils-Install-2.22-511.el10.noarch 1734156287 87428 a1596e8679416071bd484e22322e1a52 installed
DEBUG util.py:463:  perl-devel-4:5.40.2-512.2.el10_0.x86_64 1753788924 8429475 1517db87547f43da2e8c76e27075511c installed
DEBUG util.py:463:  perl-ExtUtils-MakeMaker-2:7.70-513.el10.noarch 1734158129 750473 b279c7ee52ae4d10f9ceeba8d4f34b53 installed
DEBUG util.py:463:  perl-ExtUtils-CBuilder-1:0.280240-511.el10.noarch 1734154927 99177 c413455be3897d1952bc2a3fd4475074 installed
DEBUG util.py:463:  perl-ExtUtils-Embed-0:1.35-512.2.el10_0.noarch 1753788929 15894 44278662586c6e445794005697e04afd installed
DEBUG util.py:463:  perl-Test-Simple-3:1.302199-513.el10.noarch 1734189086 1381438 95799d374a41eaffeb5ae58cf30999c5 installed
DEBUG util.py:463:  perl-Params-Util-1.102-19.el10.x86_64 1734170654 55764 f20071c52a198d83bab43544bc47cd11 installed
DEBUG util.py:463:  perl-SelfLoader-0:1.27-512.2.el10_0.noarch 1753788929 22894 19dcfd9699f1b5b77119aa5a384348f5 installed
DEBUG util.py:463:  perl-Sub-Install-0.929-8.el10.noarch 1734188660 36691 b62c76a6b75003cbd671814c08f51add installed
DEBUG util.py:463:  perl-Sys-Hostname-0:1.25-512.2.el10_0.x86_64 1753788924 20281 16adb1edd85416f9cd90cf3667f6b08b installed
DEBUG util.py:463:  perl-Text-Balanced-2.06-511.el10.noarch 1734157689 113970 c60dcc9d6f07554411a3d3d558593b5b installed
DEBUG util.py:463:  perl-Tie-RefHash-1.40-511.el10.noarch 1734178836 35076 88ed4c235ff6613b46d1205d342a05ba installed
DEBUG util.py:463:  perl-User-pwent-0:1.05-512.2.el10_0.noarch 1753788929 17427 1263778e4ae216fd3a5acffc7790b310 installed
DEBUG util.py:463:  perl-autouse-0:1.11-512.2.el10_0.noarch 1753788929 6057 a149cad260575f4fa8be64294907b954 installed
DEBUG util.py:463:  perl-subs-0:1.04-512.2.el10_0.noarch 1753788929 2143 bbf4564e5f5325f1052257d872034e43 installed
DEBUG util.py:463:  perl-Opcode-0:1.65-512.2.el10_0.x86_64 1753788924 53708 87895899c9eb79045599a34bd04c5171 installed
DEBUG util.py:463:  perl-Safe-0:2.46-512.2.el10_0.noarch 1753788929 31354 f92bdd0ec8b9bfe0c3c9740e3a5204ab installed
DEBUG util.py:463:  perl-Filter-Simple-0.96-511.el10.noarch 1734157516 51862 b5545b37624ae3c60593e301438316ba installed
DEBUG util.py:463:  perl-Data-OptList-0.114-7.el10.noarch 1734188063 51242 79772f9fc927d70c62b480991ac2b7fd installed
DEBUG util.py:463:  perl-Devel-SelfStubber-0:1.06-512.2.el10_0.noarch 1753788929 6905 e6d9d3ccd4c254c3d351e9f4330ccfab installed
DEBUG util.py:463:  perl-Test2-Suite-0.000163-4.el10.noarch 1734156115 891599 f39ea124776723e5540962b222127ec7 installed
DEBUG util.py:463:  perl-ExtUtils-Miniperl-0:1.14-512.2.el10_0.noarch 1753788929 8420 d6da8bbe2315631164ee791968414d9e installed
DEBUG util.py:463:  perl-libnetcfg-4:5.40.2-512.2.el10_0.noarch 1753788929 17315 f6818f7432adbc77f4def76dd96d3996 installed
DEBUG util.py:463:  perl-Encode-devel-4:3.21-511.el10.x86_64 1734177504 101975 cdbb86bc95b88db57617ca2a1913739f installed
DEBUG util.py:463:  perl-inc-latest-2:0.500-30.el10.noarch 1734170964 35304 2be1de6efcb31290b71540657600086d installed
DEBUG util.py:463:  perl-Math-BigInt-FastCalc-0.501.800-511.el10.x86_64 1734163282 44898 9e7a9349fada37c0b33af2225d9e8b89 installed
DEBUG util.py:463:  perl-bignum-0.67-512.el10.noarch 1734160104 136135 7cc9b6fa9be08eec350d72e23912662f installed
DEBUG util.py:463:  perl-File-Fetch-1.04-511.el10.noarch 1734171321 60522 9f527fb3f0e862534d3d1ac785326719 installed
DEBUG util.py:463:  perl-fields-0:2.27-512.2.el10_0.noarch 1753788929 12128 7d7721f37e73610611409cf9c7655fb5 installed
DEBUG util.py:463:  perl-DBM_Filter-0:0.06-512.2.el10_0.noarch 1753788929 29150 4346872b73e6df6308d164bbd25a5534 installed
DEBUG util.py:463:  perl-open-0:1.13-512.2.el10_0.noarch 1753788929 11539 c7e6a1ca9e9a8d720b894987e030ea4f installed
DEBUG util.py:463:  perl-debugger-0:1.60-512.2.el10_0.noarch 1753788929 411841 68d00a912d48867626c1fbb5abe2fca1 installed
DEBUG util.py:463:  perl-sigtrap-0:1.10-512.2.el10_0.noarch 1753788929 11299 4bf4e9b4a9d44a599867223af277afd7 installed
DEBUG util.py:463:  perl-Unicode-Collate-1.31-511.el10.x86_64 1734157824 4381785 1a0a51f7107d051a77be40ab7b25926c installed
DEBUG util.py:463:  perl-Unicode-UCD-0:0.78-512.2.el10_0.noarch 1753788929 209345 33e0a321c5fefd80637bd9c491dd04f5 installed
DEBUG util.py:463:  perl-Env-1.06-511.el10.noarch 1734185249 26665 a1e66d99ea1443f88a7af5f03f9050c6 installed
DEBUG util.py:463:  perl-Module-CoreList-tools-1:5.20250120-1.el10.noarch 1738066062 19004 ba484e48f521c14ca41553c18f3eccaf installed
DEBUG util.py:463:  perl-Archive-Zip-1.68-17.el10.noarch 1734161110 297848 ba98f3589ba8bb65e588432a3a7c944e installed
DEBUG util.py:463:  perl-Thread-0:3.05-512.2.el10_0.noarch 1753788929 12387 c0ce44008e18d7c02bf58f68387e5b7a installed
DEBUG util.py:463:  perl-Thread-Queue-3.14-511.el10.noarch 1734174310 29532 673afebeca3fe267b28ccd5328e993fb installed
DEBUG util.py:463:  perl-Thread-Semaphore-0:2.13-512.2.el10_0.noarch 1753788929 10243 18839566127648eb19900ff7222d61d5 installed
DEBUG util.py:463:  perl-experimental-0.032-511.el10.noarch 1734165467 41857 5b0a16a8b4eaa3c7b6c5508bcffed1d3 installed
DEBUG util.py:463:  perl-Pod-Checker-4:1.77-511.el10.noarch 1734188612 53410 154dc3ebbce3c5861119724f69c015f9 installed
DEBUG util.py:463:  perl-diagnostics-0:1.40-512.2.el10_0.noarch 1753788929 476574 f325abdc68eef54d52de17b7020ccc3a installed
DEBUG util.py:463:  perl-macros-4:5.40.2-512.2.el10_0.noarch 1753788929 5643 ba88b26cde1071d2d30865d97a1b038c installed
DEBUG util.py:463:  perl-utils-0:5.40.2-512.2.el10_0.noarch 1753788929 99175 da15b741ebf6f7729924d8adf8aa21f5 installed
DEBUG util.py:463:  perl-Algorithm-Diff-1.2010-14.el10.noarch 1734155855 109991 9d77bdde9ccd3a0ae53310d707823b67 installed
DEBUG util.py:463:  perl-Text-Diff-1.45-24.el10.noarch 1734161340 84856 5e901d005d8a3374d7c63dd8562dec40 installed
DEBUG util.py:463:  perl-Attribute-Handlers-0:1.03-512.2.el10_0.noarch 1753788929 40850 469a8e7c1834c19e0ead24822b180b51 installed
DEBUG util.py:463:  perl-Compress-Bzip2-2.28-21.el10.x86_64 1734157141 145959 af16fb949c46dde3a3e784ff60890b95 installed
DEBUG util.py:463:  perl-Compress-Raw-Lzma-2.212-3.el10.x86_64 1734420797 127758 9d49b4bfe913158446b0bcaea070fd54 installed
DEBUG util.py:463:  perl-IO-Compress-Lzma-2.206-7.el10.noarch 1734183910 219689 b8639433d38c1a94fc8d35a1815279bc installed
DEBUG util.py:463:  perl-Archive-Tar-3.02-512.el10.noarch 1734159242 157428 006eb37dff9ab7d6920dfd94e322db58 installed
DEBUG util.py:463:  perl-Config-Extensions-0:0.03-512.2.el10_0.noarch 1753788929 2702 715270a4acef7d3591dc7abde0fa436f installed
DEBUG util.py:463:  perl-Config-Perl-V-0.36-512.el10.noarch 1734167896 26048 bbb0cfa5e262971021ebd5d23a5d4a90 installed
DEBUG util.py:463:  perl-Devel-Size-0.84-3.el10.x86_64 1734162720 46765 f337e463e5a3203f5ef441161c489ac3 installed
DEBUG util.py:463:  perl-English-0:1.11-512.2.el10_0.noarch 1753788929 6352 57c83e1606402a8aa46c173a93ed7ebb installed
DEBUG util.py:463:  perl-File-DosGlob-0:1.12-512.2.el10_0.x86_64 1753788924 25390 230c06a97680706a5a28dcd5e5b2e3ac installed
DEBUG util.py:463:  perl-File-Which-1.27-14.el10.noarch 1734153576 31090 719297ff87a2f5710af39f5b620156e6 installed
DEBUG util.py:463:  perl-File-HomeDir-1.006-15.el10.noarch 1734173270 121783 ba4569e53298e7cd1fb725779a27cc71 installed
DEBUG util.py:463:  perl-FileCache-0:1.10-512.2.el10_0.noarch 1753788929 7624 23be15fb1078be6df880cffcfe12e866 installed
DEBUG util.py:463:  perl-FindBin-0:1.54-512.2.el10_0.noarch 1753788929 6874 8ea462798b2ce7b1c1881c983dc9ed46 installed
DEBUG util.py:463:  perl-I18N-Collate-0:1.02-512.2.el10_0.noarch 1753788929 7222 3f8b78aee80fc94b0fb2596d291771ce installed
DEBUG util.py:463:  perl-I18N-Langinfo-0:0.24-512.2.el10_0.x86_64 1753788924 39618 117f6439abb18e6e3e834354d367b0cb installed
DEBUG util.py:463:  perl-IPC-SysV-2.09-512.el10.x86_64 1734168546 75370 ac06a36aebc561a701cf85344761baa5 installed
DEBUG util.py:463:  perl-IPC-System-Simple-1.30-16.el10.noarch 1734171867 73314 2aca3d56fc7a345d782e94581b9239c8 installed
DEBUG util.py:463:  perl-autodie-2.37-512.el10.noarch 1734158247 219682 ce97b0f916473f530611e7a6c56e48a0 installed
DEBUG util.py:463:  perl-MRO-Compat-0.15-12.el10.noarch 1734159960 43996 f8cbc9d8bf01b67edcf921a1a30eb0b1 installed
DEBUG util.py:463:  perl-Memoize-0:1.16-512.2.el10_0.noarch 1753788929 66031 15cf420eb00d5e0198bcf105268f01e3 installed
DEBUG util.py:463:  perl-Module-Loaded-1:0.08-512.2.el10_0.noarch 1753788929 5085 cd6e27722374b3c7ffa3e2bb564549bb installed
DEBUG util.py:463:  perl-NEXT-0:0.69-512.2.el10_0.noarch 1753788929 24112 e39527c84b33ffcd03c0852833042c7a installed
DEBUG util.py:463:  perl-Net-0:1.04-512.2.el10_0.noarch 1753788929 22840 0a7ea16281ba637a323469fff3eb2b6e installed
DEBUG util.py:463:  perl-Package-Generator-1.106-34.el10.noarch 1734168475 30516 023b995cd9bccc13365a2bf5a9f061da installed
DEBUG util.py:463:  perl-Sub-Exporter-0.991-7.el10.noarch 1734184712 199375 1521a86f06dadff058196fac53f6c16e installed
DEBUG util.py:463:  perl-Data-Section-0.200008-8.el10.noarch 1734153708 43734 81bf5603f8a12056b967c5daf04bad0c installed
DEBUG util.py:463:  perl-PerlIO-via-QuotedPrint-0.10-511.el10.noarch 1734187069 30938 4f60af7a36cd0eb6d12c3fe1effb6776 installed
DEBUG util.py:463:  perl-Pod-Functions-0:1.14-512.2.el10_0.noarch 1753788929 14591 7111a93129ebcf7bbac6f00c789d0868 installed
DEBUG util.py:463:  perl-Search-Dict-0:1.07-512.2.el10_0.noarch 1753788929 4767 0623c922d4164bb8f9b23d46dabcebe8 installed
DEBUG util.py:463:  perl-Sys-Syslog-0.36-512.el10.x86_64 1734155685 96898 495145e243fcb1006ec967599831cc70 installed
DEBUG util.py:463:  perl-Term-Complete-0:1.403-512.2.el10_0.noarch 1753788929 5873 7904d3d60c0f84e70d73f7fff8c97fab installed
DEBUG util.py:463:  perl-Test-0:1.31-512.2.el10_0.noarch 1753788929 37839 f0a91d871094f7b09317cb7d1d2ce8eb installed
DEBUG util.py:463:  perl-Text-Abbrev-0:1.02-512.2.el10_0.noarch 1753788929 3127 6f1b8f2f87175d86633df9158d346950 installed
DEBUG util.py:463:  perl-Text-Glob-0.11-26.el10.noarch 1734163086 8578 1c7ea9cd3265c59a92f6100cec754845 installed
DEBUG util.py:463:  perl-Text-Template-1.61-8.el10.noarch 1734168831 114952 8b866b4d2a8228b5a04be23b9fc1380b installed
DEBUG util.py:463:  perl-Software-License-0.104006-4.el10.noarch 1734178084 512779 fd9c8ed298dab5b183e065871956eaf0 installed
DEBUG util.py:463:  perl-Module-Build-2:0.42.34-7.el10.noarch 1734167422 668937 601f4d6cc8b9172ad75765ca3402a94f installed
DEBUG util.py:463:  perl-Tie-File-0:1.09-512.2.el10_0.noarch 1753788929 87733 538889c1b1d338e7e6aac64e35c75838 installed
DEBUG util.py:463:  perl-Tie-Memoize-0:1.1-512.2.el10_0.noarch 1753788929 6341 85a7ebf8b46179a19ca641b7368c1f35 installed
DEBUG util.py:463:  perl-Time-0:1.04-512.2.el10_0.noarch 1753788929 9891 4f11ecaba9f0f58e58c3535cbecffb45 installed
DEBUG util.py:463:  perl-Time-Piece-0:1.3401-512.2.el10_0.x86_64 1753788924 72697 539255670132b19ffed78ea08f33a9a2 installed
DEBUG util.py:463:  perl-blib-0:1.07-512.2.el10_0.noarch 1753788929 3279 a4b106f2db713d434a157a7493360a10 installed
DEBUG util.py:463:  perl-deprecate-0:0.04-512.2.el10_0.noarch 1753788929 6698 1eaf3633dd2df57efe561c89e51561ac installed
DEBUG util.py:463:  perl-encoding-warnings-0:0.14-512.2.el10_0.noarch 1753788929 10328 67537267d05008bac6c1dc6703d1c77c installed
DEBUG util.py:463:  perl-filetest-0:1.03-512.2.el10_0.noarch 1753788929 6547 b862e79dbea1e02ab4eb2b9950539b5d installed
DEBUG util.py:463:  perl-less-0:0.03-512.2.el10_0.noarch 1753788929 5010 1c7e34c316c1c23811d8c71f322d6f88 installed
DEBUG util.py:463:  perl-local-lib-2.000029-9.el10.noarch 1734179498 120188 2dcbb957976b682cd6eed574d468f78e installed
DEBUG util.py:463:  perl-perlfaq-5.20240218-511.el10.noarch 1734183961 749100 48aea483c0cf7fffb1acc06e2fe2e6fb installed
DEBUG util.py:463:  perl-ph-0:5.40.2-512.2.el10_0.x86_64 1753788924 264000 c70bb9af79f912ce4597f5dbb2bfddef installed
DEBUG util.py:463:  perl-sort-0:2.05-512.2.el10_0.noarch 1753788929 4888 0091005a27381b7041d22f4c4d9bb7b9 installed
DEBUG util.py:463:  perl-vmsish-0:1.04-512.2.el10_0.noarch 1753788929 6685 17f9eb3391c60310aeca0f4a8f5ff3bd installed
DEBUG util.py:463:  gnutls-3.8.10-3.el10_1.x86_64 1772442986 4403499 10ce51aa1573834639780300c1fcdbed installed
DEBUG util.py:463:  gnupg2-2.4.5-4.el10_1.x86_64 1771262072 9990749 0765aa494189f5498745acc8c0638de5 installed
DEBUG util.py:463:  perl-Module-Signature-0.88-12.el10.noarch 1734189494 138556 4e986438b23acd0c31622861a7e444a8 installed
DEBUG util.py:463:  perl-CPAN-2.36-514.el10_0.noarch 1747268465 1968524 88d2bac69437e5a44d9b06f7d595677f installed
DEBUG util.py:463:  perl-4:5.40.2-512.2.el10_0.x86_64 1753788924 0 952fa1a6495790ee7269401997b82a94 installed
DEBUG util.py:463:  dbus-common-1:1.14.10-5.el10.noarch 1734040836 11504 f3d33e875be6a6ad067e588e2d3c0488 installed
DEBUG util.py:463:  dbus-broker-36-4.el10.x86_64 1755697924 391598 eb9d809801d2c5a2f51cf6ff6e0465c8 installed
DEBUG util.py:463:  dbus-1:1.14.10-5.el10.x86_64 1734035238 0 76cee65cdb945e6d8cd30447cfba1b13 installed
DEBUG util.py:463:  systemd-pam-257-13.el10.alma.1.x86_64 1755595823 671849 3d1680d98df154c70744a447c929673c installed
DEBUG util.py:463:  systemd-257-13.el10.alma.1.x86_64 1755595823 17574938 d4127badb04571319cb235060daa352a installed
DEBUG util.py:463:  annobin-plugin-gcc-12.99-1.el10.x86_64 1755100808 1033304 0dbf8f99cd1caf83d8fc3b074f66463f installed
DEBUG util.py:463:  zlib-ng-compat-devel-2.2.3-3.el10_1.x86_64 1770277085 109541 d8e33b7a9ccbe275345ca46c261f8bfb installed
DEBUG util.py:463:  gcc-plugin-annobin-14.3.1-2.1.el10.alma.1.x86_64 1751356599 57986 cdadbafcfa62c8c34e115a534a8395c8 installed
DEBUG util.py:463:  pcre2-devel-10.44-1.el10.3.x86_64 1734182345 2057710 14b137d8cf6f3357e9331aec7db447e4 installed
DEBUG util.py:463:  openssl-devel-1:3.5.1-7.el10_1.alma.1.x86_64 1769598806 4817161 2bae6dcdfc42537fa5916d1fd728d6c8 installed
DEBUG util.py:463:  libzstd-devel-1.5.5-9.el10.x86_64 1734225610 202817 1d15c933186ca29b892220238ad68755 installed
DEBUG util.py:463:  systemd-rpm-macros-257-13.el10.alma.1.noarch 1755595913 10938 74228c699f406390589060b8caecc1d9 installed
DEBUG util.py:610:  Child return code was: 0
DEBUG util.py:185:  kill orphans in chroot /var/lib/mock/alma+epel-10-x86_64/root
DEBUG util.py:185:  kill orphans in chroot /var/lib/mock/alma+epel-10-x86_64-bootstrap/root/var/lib/mock/alma+epel-10-x86_64/root
DEBUG util.py:636:  child environment: None
DEBUG util.py:558:  Executing command: ['/bin/umount', '-n', '-l', '/var/lib/mock/alma+epel-10-x86_64-bootstrap/root/var/lib/mock/alma+epel-10-x86_64/root'] with env {'TERM': 'vt100', 'SHELL': '/bin/sh', 'HOME': '/builddir', 'HOSTNAME': 'mock', 'PATH': '/usr/bin:/bin:/usr/sbin:/sbin', 'LANG': 'C.UTF-8'} and shell False
DEBUG util.py:610:  Child return code was: 0
DEBUG util.py:636:  child environment: None
DEBUG util.py:558:  Executing command: ['/bin/umount', '-n', '-l', '/var/lib/mock/alma+epel-10-x86_64-bootstrap/root/var/lib/mock/alma+epel-10-x86_64/root'] with env {'TERM': 'vt100', 'SHELL': '/bin/sh', 'HOME': '/builddir', 'HOSTNAME': 'mock', 'PATH': '/usr/bin:/bin:/usr/sbin:/sbin', 'LANG': 'C.UTF-8'} and shell False
DEBUG util.py:610:  Child return code was: 0
DEBUG util.py:636:  child environment: None
DEBUG backend.py:821:  Copying packages to result dir
DEBUG util.py:185:  kill orphans in chroot /var/lib/mock/alma+epel-10-x86_64/root
DEBUG util.py:636:  child environment: None
DEBUG util.py:558:  Executing command: ['/bin/umount', '-n', '/var/lib/mock/alma+epel-10-x86_64/root/var/cache/dnf'] with env {'TERM': 'vt100', 'SHELL': '/bin/sh', 'HOME': '/builddir', 'HOSTNAME': 'mock', 'PATH': '/usr/bin:/bin:/usr/sbin:/sbin', 'LANG': 'C.UTF-8'} and shell False
DEBUG util.py:610:  Child return code was: 0
DEBUG util.py:636:  child environment: None
DEBUG util.py:558:  Executing command: ['/bin/umount', '-n', '/var/lib/mock/alma+epel-10-x86_64/root/var/cache/yum'] with env {'TERM': 'vt100', 'SHELL': '/bin/sh', 'HOME': '/builddir', 'HOSTNAME': 'mock', 'PATH': '/usr/bin:/bin:/usr/sbin:/sbin', 'LANG': 'C.UTF-8'} and shell False
DEBUG util.py:610:  Child return code was: 0
DEBUG util.py:185:  kill orphans in chroot /var/lib/mock/alma+epel-10-x86_64-bootstrap/root
DEBUG util.py:636:  child environment: None
DEBUG util.py:558:  Executing command: ['/bin/umount', '-n', '/var/lib/mock/alma+epel-10-x86_64-bootstrap/root/var/cache/dnf'] with env {'TERM': 'vt100', 'SHELL': '/bin/sh', 'HOME': '/builddir', 'HOSTNAME': 'mock', 'PATH': '/usr/bin:/bin:/usr/sbin:/sbin', 'LANG': 'C.UTF-8'} and shell False
DEBUG util.py:610:  Child return code was: 0
DEBUG util.py:636:  child environment: None
DEBUG util.py:558:  Executing command: ['/bin/umount', '-n', '/var/lib/mock/alma+epel-10-x86_64-bootstrap/root/var/cache/yum'] with env {'TERM': 'vt100', 'SHELL': '/bin/sh', 'HOME': '/builddir', 'HOSTNAME': 'mock', 'PATH': '/usr/bin:/bin:/usr/sbin:/sbin', 'LANG': 'C.UTF-8'} and shell False
DEBUG util.py:610:  Child return code was: 0
